source_macro,target_macro,raw_edges_broad,raw_edges_specialized,ipw_edges_broad,ipw_edges_specialized,rate_broad,rate_specialized,row_share_broad,row_share_specialized,row_share_difference,standardized_share_broad,standardized_share_specialized,standardized_share_difference,pooled_standardized_share,plot_edge
0,0,193816,354561,498758.4114189148,597290.4731645584,3.4389663676607776,3.8348322497101743,0.5949314256006873,0.6178524371140812,0.022921011513393874,0.02236465567383534,0.023226302089093178,0.0008616464152578392,0.022795478881464257,False
0,1,10409,12701,25585.270907878876,21799.404673218727,0.17641183415708583,0.1399604778934925,0.030518746846395373,0.02254985791690924,-0.007968888929486134,0.0011472603991753098,0.0008476940132997444,-0.00029956638587556536,0.0009974772062375271,False
0,2,376,477,812.388708949089,943.0500025749207,0.005601464323369057,0.006054740072787349,0.0009690374371471789,0.0009755148769145463,6.477439767367445e-06,3.642804478679311e-05,3.667154463200453e-05,2.4349984521142244e-07,3.654979470939882e-05,False
0,3,1464,2687,4566.2924609184265,5374.2965314388275,0.03148483481877957,0.0345050299380701,0.005446787104312374,0.005559308843702923,0.00011252173939054963,0.0002047555615231433,0.00020898547752522676,4.229916002083473e-06,0.00020687051952418501,False
0,4,1300,1980,3045.088394880295,3730.3307449817657,0.020996050065112425,0.023950143666531004,0.0036322570975642885,0.003858748876099319,0.00022649177853503039,0.00013654376926525562,0.0001450580457380039,8.51427647274828e-06,0.00014080090750162976,False
0,5,7478,11801,19736.831455349922,24584.739062190056,0.13608652611199581,0.1578433851571268,0.023542582953472203,0.025431078558661325,0.0018884956051891215,0.0008850125220658758,0.0009560048282950547,7.099230622917892e-05,0.0009205086751804653,False
0,6,133,137,222.31966960430145,251.76861083507538,0.0015329062109721327,0.0016164503397814566,0.00026518842579613064,0.00026043584617901834,-4.752579617112293e-06,9.968960415275873e-06,9.790301494053335e-06,-1.7865892122253762e-07,9.879630954664604e-06,False
0,7,633,599,1401.080973148346,1000.5390094518661,0.009660529496272807,0.006423841385265142,0.0016712441968964307,0.0010349829658964427,-0.000636261230999988,6.28253936539757e-05,3.8907068385550185e-05,-2.391832526842552e-05,5.086623101976294e-05,False
0,8,10812,20708,27998.89965891838,37471.07887673378,0.19305393564110937,0.2405785931032976,0.0333977831911492,0.03876103578652841,0.00536325259537921,0.0012554891021016432,0.0014571044352744572,0.00020161533317281403,0.0013562967686880502,False
0,9,173,59,257.7202101945877,145.15454185009003,0.0017769948633131801,0.0009319474247252401,0.0003074150701959674,0.00015015154513530526,-0.00015726352506066212,1.1556343971809829e-05,5.644495249943925e-06,-5.911848721865904e-06,8.600419610876877e-06,False
0,10,16034,27262,40605.958367943764,46493.92738413811,0.2799802909723851,0.29850871587441796,0.048435796062058736,0.04809449947041177,-0.0003412965916469654,0.0018207979182177558,0.0018079679004604468,-1.2830017757308994e-05,0.0018143829093391012,True
0,11,2551,2697,5879.9032373428345,4963.0169069767,0.04054225255228425,0.0318644581586814,0.007013694677217843,0.005133870753316237,-0.0018798239239016055,0.00026365873394402096,0.00019299241346338897,-7.066632048063199e-05,0.00022832557370370496,False
0,12,27512,45596,72375.02077531815,76178.7518786192,0.4990297037737941,0.489096591310127,0.08633072305536352,0.07880123594662854,-0.007529487108734981,0.0032453436011671533,0.002962295203753256,-0.0002830483974138975,0.0031038194024602048,True
0,13,1365,3030,3433.316871523857,5305.434997081757,0.023672906522223907,0.03406291266920105,0.004095345670669761,0.005488076723423969,0.0013927310527542076,0.00015395218986353652,0.00020630772043524358,5.235553057170706e-05,0.00018012995514939004,False
0,14,205,198,625.5260581970215,397.8276128768921,0.004313036185425213,0.0025542047433011784,0.00074614302442503,0.00041152298791068354,-0.0003346200365143465,2.8049000450516173e-05,1.546996768106127e-05,-1.2579032769454904e-05,2.175948406578872e-05,False
0,15,296,255,528.7974560260773,461.9118299484253,0.0036460872136567513,0.002965649816284347,0.0006307627443768063,0.0004778133298416622,-0.0001529494145351441,2.3711626219151923e-05,1.7961953493191198e-05,-5.7496727259607245e-06,2.083678985617156e-05,False
0,16,8898,11941,21578.880192756653,21581.211336493492,0.14878755232128232,0.13855959359692469,0.02573982445613405,0.022324153187109206,-0.0034156712690248427,0.0009676112007113628,0.0008392093235544731,-0.00012840187715688976,0.0009034102621329179,False
0,17,245,271,462.49892377853394,474.76045966148376,0.003188955228702465,0.0030481429110212625,0.0005516802078175677,0.0004911042787826851,-6.057592903488255e-05,2.0738756365832102e-05,1.846158670107626e-05,-2.2771696647558423e-06,1.960017153345418e-05,False
0,18,2181,4438,5723.146211385727,8136.05592417717,0.03946140433435166,0.05223657674995958,0.00682671100177411,0.00841614291052718,0.0015894319087530698,0.0002566296456525343,0.0003163795526613602,5.97499070088259e-05,0.00028650459915694723,False
0,19,72,100,332.4460005760193,192.54684400558472,0.0022922332513486483,0.0012362240486784048,0.0003965498496461797,0.00019917534628867146,-0.00019737450335750823,1.4907097630442833e-05,7.487397449152176e-06,-7.419700181290657e-06,1.1197247539797504e-05,False
0,20,781,932,2045.3475850820541,1695.0746479034424,0.014102782818765357,0.010883024621180164,0.002439741419457979,0.0017534282720911467,-0.0006863131473668321,9.171473287745741e-05,6.591485651391224e-05,-2.579987636354517e-05,7.881479469568482e-05,False
0,21,283,237,576.9380623102188,414.75536584854126,0.003978019311721982,0.0026628873624410334,0.0006881860556838316,0.00042903348556350157,-0.00025915257012033003,2.587028271260644e-05,1.6128222118179585e-05,-9.742060594426855e-06,2.099925241539301e-05,False
0,22,1096,832,2303.4199476242065,1662.5019592046738,0.015882205791663943,0.010673895558029355,0.0027475765457239164,0.0017197342555278724,-0.001027842290196044,0.00010328686759247617,6.464823141011092e-05,-3.8638636182365257e-05,8.396754950129354e-05,False
0,23,1443,1326,3305.959833741188,2672.287694454193,0.02279477282143377,0.01715710444350791,0.003943431031610803,0.0027642822694639007,-0.0011791487621469025,0.00014824141640601041,0.00010391486897742526,-4.432654742858515e-05,0.00012607814269171782,False
0,24,1186,1345,2692.8736436367035,2385.490504026413,0.01856751020294784,0.015315757285982242,0.0032121265909352136,0.002467611970799258,-0.0007445146201359555,0.00012075022783424737,9.276244234003675e-05,-2.798778549421061e-05,0.00010675633508714207,False
0,25,373,414,780.9431489706039,804.4225237369537,0.005384645477405893,0.005164698877709747,0.0009315283918889948,0.000832115091551787,-9.941330033720781e-05,3.501800516582906e-05,3.128086146192003e-05,-3.737143703909024e-06,3.3149433313874545e-05,False
0,26,13765,20189,37048.5829603672,33820.8642206192,0.2554519940981614,0.21714282523064252,0.044192470287150135,0.034985161027768316,-0.009207309259381818,0.0016612828618868137,0.0013151617924531732,-0.0003461210694336405,0.0014882223271699933,True
0,27,433,344,898.9791203737259,603.124383687973,0.006198509918658526,0.003872288176469867,0.0010723246313734448,0.0006238871823456599,-0.0004484374490277849,4.031081586760239e-05,2.3453160166135092e-05,-1.68576557014673e-05,3.188198801686874e-05,False
0,28,16052,28688,41681.57651042938,47898.52046895027,0.2873967365535844,0.3075267382627871,0.04971882010788972,0.04954744623516903,-0.00017137387272068982,0.0018690293441796456,0.0018625870594221711,-6.442284757474494e-06,0.0018658082018009085,True
0,29,250,105,416.7397884130478,179.98719704151154,0.002873443502118327,0.0011555863332170823,0.0004970975741938151,0.00018618332844360004,-0.000310914245750215,1.8686886596919152e-05,6.999001655771497e-06,-1.1687884941147655e-05,1.2842944126345324e-05,False
0,30,210,221,349.5558930635452,457.3728610277176,0.002410206890432747,0.0029365079076492722,0.00041695895452827986,0.0004731181050965126,5.6159150568232757e-05,1.5674316478965592e-05,1.778545065569103e-05,2.111134176725439e-06,1.6729883567328313e-05,False
0,31,4685,9044,12315.336805820465,17349.585090875626,0.08491491694575026,0.1113909419533808,0.014690039736463732,0.017946851511831043,0.0032568117753673104,0.000552227813834601,0.0006746578466355076,0.0001224300328009066,0.0006134428302350544,False
1,0,12958,13405,44587.19788503647,21082.599584937096,0.4792373549706335,0.2084037227352547,0.04532811436196759,0.02965037403924644,-0.01567774032272115,0.000978236892660818,0.0006398918237534287,-0.00033834506890738933,0.0008090643582071234,False
1,1,149894,202227,504558.67895424366,386658.9599907398,5.4231568297468264,3.822164641811297,0.5129430551103703,0.5437936030214495,0.030850547911079218,0.011069946928216633,0.011735739991753808,0.0006657930635371751,0.01140284345998522,False
1,2,1055,1170,3008.751160264015,1902.113884806633,0.032339012456614975,0.018802596570839464,0.0030587483212287632,0.002675115462993273,-0.0003836328582354901,6.601158012654721e-05,5.773230752839663e-05,-8.279272598150582e-06,6.187194382747192e-05,False
1,3,791,1228,3056.03646171093,2169.1274178028107,0.03284724988505435,0.021442053535001233,0.003106819374205725,0.0030506408385515054,-5.6178535654219375e-05,6.70490130344242e-05,6.583661060105209e-05,-1.2124024333721095e-06,6.644281181773814e-05,False
1,4,13428,13653,41892.74135410786,25525.18791472912,0.4502764809481165,0.25231917741050974,0.04258888338153697,0.03589838938242252,-0.00669049399911445,0.0009191208927941874,0.0007747317393474903,-0.00014438915344669706,0.0008469263160708388,False
1,5,13923,22995,48317.52230596542,45391.117247223854,0.5193320658622617,0.4486959862479456,0.049120426504907944,0.06383764957529516,0.014717223070387211,0.0010600796893208647,0.0013776956053504843,0.0003176159160296196,0.0012188876473356745,False
1,6,195,191,560.3499196767807,295.1879425048828,0.006022818793329687,0.002917963976725665,0.0005696613926562228,0.00041514960581040994,-0.00015451178684581287,1.2293998955500958e-05,8.959443076195733e-06,-3.334555879305225e-06,1.0626721015848346e-05,False
1,7,24623,30502,86082.60213637352,61916.41189849377,0.9252431306222533,0.6120502685672016,0.08751305799198471,0.0870786718953789,-0.00043438609660580163,0.0018886402649291457,0.0018792656745377295,-9.374590391416238e-06,0.0018839529697334376,True
1,8,1486,1381,4210.114291548729,2422.82663500309,0.045251644707706554,0.023949897081834686,0.004280074800312131,0.0034074410829021476,-0.0008726337174099832,9.236931939366615e-05,7.353680213222793e-05,-1.8832517261438216e-05,8.295306076294703e-05,False
1,9,822,834,2534.03956758976,1382.2210035324097,0.027236661583754762,0.013663400550699844,0.0025761483288010752,0.0019439428991916132,-0.000632205429609462,5.559647410160505e-05,4.19526973045856e-05,-1.3643776797019447e-05,4.877458570309532e-05,False
1,10,550,705,1700.8606390953064,1361.240425825119,0.01828139000695646,0.013456005324996292,0.0017291242603194657,0.0019144360077822111,0.00018531174746274541,3.731664480750145e-05,4.131590201383261e-05,3.9992572063311644e-06,3.931627341066703e-05,False
1,11,732,824,2020.924393773079,1526.3799667358398,0.021721536831370878,0.015088427121840269,0.0020545065934403296,0.002146686738388065,9.218014494773554e-05,4.433879887146909e-05,4.632816065781238e-05,1.9893617863432856e-06,4.5333479764640736e-05,False
1,12,5016,8622,16564.879945874214,14895.05872797966,0.17804458739783297,0.14723922810207235,0.016840142646210962,0.020948273520153608,0.0041081308739426455,0.00036343115185961716,0.00045208970819571575,8.865855633609859e-05,0.00040776043002766643,False
1,13,12327,10593,40574.84588420391,21388.79510474205,0.43611132213385273,0.21143049777573886,0.04124908811718883,0.03008100460047215,-0.011168083516716682,0.0008902064502976053,0.0006491853650363124,-0.00024102108526129293,0.0007696959076669589,False
1,14,593,603,1515.0913436412811,1027.9769924879074,0.016284682655718696,0.010161661101495995,0.0015402679906118741,0.0014457373820628405,-9.453060854903365e-05,3.3240892417649585e-05,3.1200804713363076e-05,-2.0400877042865085e-06,3.222084856550633e-05,False
1,15,540,594,1402.9637922048569,1209.6108897924423,0.015079500143279191,0.011957131352717908,0.0014262771879661813,0.001701185623708208,0.0002749084357420266,3.078082960361828e-05,3.6713694399162634e-05,5.932864795544356e-06,3.374726200139046e-05,False
1,16,1906,2328,4798.041899561882,4374.010633468628,0.05157087724851157,0.04323755690686906,0.004877772146561422,0.006151568302167374,0.0012737961556059524,0.00010526836897859892,0.0001327584689018549,2.7490099923255972e-05,0.0001190134189402269,False
1,17,322,442,985.143312215805,757.9119281768799,0.01058863300695904,0.007492039428115337,0.0010015136818910017,0.0010659203609457548,6.440667905475311e-05,2.1613906643166638e-05,2.3003882610002543e-05,1.3899759668359051e-06,2.230889462658459e-05,False
1,18,1396,908,4349.130132198334,1510.8833948373795,0.046745831087028095,0.014935241872542023,0.00442140070151224,0.0021248925022804973,-0.0022965081992317423,9.541930751667712e-05,4.585781402839971e-05,-4.956149348827741e-05,7.063856077253841e-05,False
1,19,1407,1843,5489.626107335091,3810.9325000047684,0.05900424382443454,0.03767147010946442,0.005580848579884343,0.0053596603971074784,-0.0002211881827768646,0.00012044162988119541,0.00011566811473152306,-4.7735151496723535e-06,0.00011805487230635923,False
1,20,7343,6935,23981.047271370888,14037.60381102562,0.2577559077246801,0.13876319572044213,0.024379546255389475,0.019742356815856718,-0.004637189439532757,0.000526140826924918,0.0004260645309690857,-0.00010007629595583232,0.00047610267894700187,False
1,21,3885,4893,13690.286116361618,8540.798856496811,0.1471475405140491,0.08442669840860864,0.013917780981225458,0.012011700913298652,-0.0019060800679268058,0.00030036296482766,0.0002592273943531925,-4.11355704744675e-05,0.0002797951795904263,False
1,22,971,763,3486.2343792915344,1404.248813867569,0.037471153649242084,0.013881147781493585,0.00354416599680921,0.0019749226089314734,-0.0015692433878777366,7.648749524647722e-05,4.262127784048547e-05,-3.386621740599175e-05,5.955438654348135e-05,False
1,23,6374,3575,17158.319026470184,7577.911138892174,0.18442305899531503,0.07490845166126579,0.017443443050543895,0.01065750448843405,-0.006785938562109845,0.00037645112238305115,0.0002300021569622579,-0.00014644896542079325,0.00030322663967265455,False
1,24,3797,4383,12237.057456374168,8528.62188231945,0.13152777761763193,0.08430632773325672,0.012440403661757108,0.01199457532887675,-0.0004458283328803575,0.00026847933104701246,0.0002588578030140051,-9.621528033007369e-06,0.0002636685670305088,False
1,25,152,163,301.0586302280426,242.61872363090515,0.0032358737145486605,0.0023983116980546408,0.0003060613958253202,0.0003412167401652219,3.515534433990168e-05,6.605184288601358e-06,7.363880194918201e-06,7.586959063168431e-07,6.984532241759779e-06,False
1,26,20129,22601,70741.67635178566,51604.438557744026,0.7603539910364261,0.5101153233864192,0.07191720825558258,0.07257600748702864,0.0006587992314460583,0.0015520624963788635,0.001566280200382846,1.421770400398246e-05,0.0015591713483808548,True
1,27,591,1089,1723.5402131080627,1685.2771000862122,0.01852515726700627,0.01665914206089538,0.0017521807064137364,0.0023701582044480993,0.0006179774980343629,3.781423149295125e-05,5.1150951890891945e-05,1.3336720397940699e-05,4.44825916919216e-05,False
1,28,730,737,2060.570048689842,1271.437245607376,0.022147660914058846,0.012568291407391265,0.002094811049994332,0.0017881376415564277,-0.0003066734084379041,4.520861900175123e-05,3.8590226722373495e-05,-6.618392279377733e-06,4.189942286206236e-05,False
1,29,1125,1554,4337.964805841446,2931.3153159618378,0.04662582261543821,0.028976361377834287,0.004410049838170286,0.004122574884329649,-0.0002874749538406369,9.517434181622948e-05,8.897027598377049e-05,-6.204065832458988e-06,9.207230889999999e-05,False
1,30,2208,2241,5948.28416621685,3987.8753843307495,0.06393404622065614,0.039420569202130135,0.006047128272984493,0.0056085112412698306,-0.00043861703171466267,0.0001305045236174468,0.00012103862440208757,-9.465899215359229e-06,0.00012577157400976718,False
1,31,4039,4582,9778.792452931404,8619.219089627266,0.10510556510038926,0.08520189069247813,0.009941289061746064,0.012121990407494813,0.0021807013457487492,0.00021454534029690688,0.00026160757834306774,4.706223804616086e-05,0.0002380764593199873,False
2,0,288,430,611.8414875268936,739.689506649971,0.009508307937476645,0.012308200328596353,0.0022910135428406706,0.002736254248320076,0.0004452407054794053,3.252797954550137e-05,3.884953997709149e-05,6.321560431590122e-06,3.5688759761296426e-05,False
2,1,888,1155,2100.354278445244,1983.1824680566788,0.03264050520336139,0.03299953140548273,0.007864684227497549,0.0073361747119955485,-0.0005285095155020004,0.00011166336771919237,0.00010415955057085023,-7.503817148342141e-06,0.0001079114591450213,False
2,2,42570,73539,112632.77712857723,126512.18719947338,1.7503669669746207,2.1051229334213817,0.42174848066016946,0.4679929978412346,0.04624451718106515,0.0059880160879582965,0.006644599159524141,0.000656583071565844,0.006316307623741219,False
2,3,39,27,124.25834822654724,77.98852586746216,0.0019310338753193552,0.001297704497737153,0.0004652799203740147,0.0002884946093010414,-0.0001767853110729733,6.6060786851974525e-06,4.096067777362898e-06,-2.510010907834555e-06,5.351073231280175e-06,False
2,4,6486,11476,17037.088973879814,19481.977221012115,0.2647644718840953,0.32417396255810116,0.06379463041565067,0.07206759384501461,0.008272963429363941,0.000905760875904791,0.0010232210218964928,0.0001174601459917018,0.0009644909489006419,False
2,5,275,312,736.6898022890091,619.8969415426254,0.011448510173568108,0.010314889789563186,0.0027585025669619205,0.002293118429513275,-0.00046538413744864546,3.9165423248914664e-05,3.255786488199186e-05,-6.607558366922807e-06,3.586164406545326e-05,False
2,6,1705,2943,4795.3303298950195,5222.369422197342,0.07452171578436671,0.08689858171633885,0.017955903534085226,0.01931855243222531,0.0013626488981400842,0.0002549392449917697,0.00027428623472254283,1.934698973077314e-05,0.00026461273985715623,False
2,7,751,1008,2074.078285217285,1815.7273411750793,0.0322321637618806,0.030213130856090363,0.007766294926405578,0.006716725878108577,-0.0010495690482970011,0.00011026642915310797,9.536457026131594e-05,-1.4901858891792024e-05,0.00010281549970721195,False
2,8,128,153,353.7250883579254,240.08452022075653,0.005497056237413868,0.003994930770418993,0.0013245080374431118,0.0008881189776304339,-0.00043638905981267795,1.8805462972681328e-05,1.2609578860243087e-05,-6.195884112438241e-06,1.5707520916462208e-05,False
2,9,10486,14109,29612.636883735657,25597.181471586227,0.46019447205083674,0.4259290345033996,0.11088321652408295,0.09468891462832608,-0.016194301895756866,0.0015743281004627417,0.0013444002056822927,-0.00022992789478044895,0.0014593641530725172,True
2,10,806,1400,2620.002499103546,2049.755659222603,0.04071608589200139,0.03410728833054058,0.00981048413696985,0.007582441795027436,-0.002228042341942414,0.0001392899785931182,0.0001076560688103972,-3.1633909782721e-05,0.0001234730237017577,False
2,11,4018,3582,10328.583147525787,6702.796213388443,0.16051109826087143,0.11153241706750561,0.03867492537157737,0.02479493686151045,-0.013879988510066922,0.0005491094477995191,0.00035204034545478026,-0.00019706910234473888,0.0004505748966271497,False
2,12,433,395,1289.1194800138474,719.5102384090424,0.02003353030817914,0.011972423663169945,0.004827051200776297,0.002661607240412257,-0.0021654439603640404,6.853482957994841e-05,3.77896962437595e-05,-3.074513333618892e-05,5.316226291185395e-05,False
2,13,906,2153,2366.0586388111115,3629.72473859787,0.03676967743210452,0.060397475993214926,0.00885960251989802,0.013427052360390934,0.004567449840492914,0.00012578929114106816,0.0001906382814278922,6.484899028682403e-05,0.00015821378628448016,False
2,14,1701,3018,4930.822655081749,5557.558179855347,0.07662733100874053,0.09247601703218189,0.018463248587145435,0.020558480339658576,0.0020952317525131416,0.00026214256753869425,0.0002918908227604104,2.974825522171617e-05,0.00027701669514955233,False
2,15,1647,2812,5252.178886771202,5211.728322863579,0.08162135980675678,0.08672151717623253,0.019666552864291923,0.019279188952012277,-0.00038736391227964587,0.00027922717056792974,0.0002737273491222326,-5.4998214456971175e-06,0.0002764772598450812,False
2,16,1283,2104,3414.0765681266785,3666.9338315725327,0.05305637488409945,0.06101662357643762,0.012783859567106285,0.013564695976817464,0.0007808364097111782,0.00018150618262858278,0.00019259255566327692,1.108637303469414e-05,0.00018704936914592987,False
2,17,1214,1916,3071.7091267108917,3334.400122523308,0.04773582188612347,0.055483367432889494,0.01150187973915812,0.012334589606623751,0.0008327098674656315,0.00016330453831637218,0.00017512741453676954,1.1822876220397355e-05,0.00016921597642657085,False
2,18,173,229,596.1702711582184,369.24876606464386,0.00926476977599877,0.006144183124070313,0.0022323333623276696,0.0013659224522559574,-0.0008664109100717122,3.169483400717926e-05,1.939346789396644e-05,-1.2301366113212822e-05,2.554415095057285e-05,False
2,19,109,159,268.63045585155487,260.13329911231995,0.004174645145339278,0.004328536134186669,0.0010058749282645261,0.0009622832802499516,-4.359164801457456e-05,1.4281486547369843e-05,1.3662569108228634e-05,-6.189174391412092e-07,1.397202782779924e-05,False
2,20,43,33,113.29096961021423,64.03992080688477,0.001760595591422487,0.001065604104468628,0.0004242130534620587,0.00023689602704184384,-0.0001873170264202149,6.023008274686644e-06,3.3634672942496585e-06,-2.6595409804369853e-06,4.693237784468151e-06,False
2,21,27,56,57.69748532772064,93.940056681633,0.000896646384558704,0.0015631329444617595,0.0002160456964236977,0.00034750240049597316,0.00013145670407227545,3.067432759672852e-06,4.933864756351529e-06,1.8664319966786767e-06,4.00064875801219e-06,False
2,22,36,8,74.65137672424316,10.714634776115417,0.0011601179264906923,0.000178288146697449,0.00027952879716974793,3.963550200694872e-05,-0.0002398932951627992,3.968770514312277e-06,5.627477858376714e-07,-3.4060227284746056e-06,2.265759150074974e-06,False
2,23,4234,5628,10942.2415933609,9950.631632566452,0.1700476425952847,0.16557537511161674,0.040972742434898055,0.0368093069231039,-0.004163435511794156,0.0005817340242314521,0.0005226212592328069,-5.911276499864521e-05,0.0005521776417321295,False
2,24,504,366,1559.7830648422241,651.6203322410583,0.02423977124553698,0.010842757015349603,0.005840539091082787,0.002410469374456152,-0.0034300697166266348,8.292440552484953e-05,3.4224022268392184e-05,-4.870038325645735e-05,5.857421389662086e-05,False
2,25,1105,1168,3380.0646045207977,2263.5904837846756,0.05252781278081653,0.03766543243597765,0.012656503265142125,0.008373458082113455,-0.0042830451830286696,0.00017969796844398027,0.00011888697649616721,-6.0810991947813056e-05,0.00014929247247007373,False
2,26,860,989,2310.858139038086,1730.0616748332977,0.03591183539156871,0.028787681159781107,0.00865290667607292,0.006399832044472254,-0.0022530746316006657,0.0001228546082793743,9.086528819865435e-05,-3.198932008071997e-05,0.00010685994823901433,False
2,27,1931,2849,5037.0205063819885,4812.430940032005,0.07827769616547836,0.08007733453690669,0.018860901771032765,0.017802110866824566,-0.0010587909042081983,0.0002677884768228674,0.0002527556853395207,-1.5032791483346691e-05,0.00026027208108119404,False
2,28,284,277,746.4556140899658,403.227658033371,0.011600275537238152,0.006709581180328982,0.002795070219775496,0.001491616931718994,-0.0013034532880565023,3.9684613485246546e-05,2.1178087399919502e-05,-1.8506526085327044e-05,3.0431350442583024e-05,False
2,29,43,27,108.41214454174042,38.575533866882324,0.00168477632765919,0.0006418847291297578,0.00040594450755124755,0.00014269834501575576,-0.00026324616253549176,5.763630110131532e-06,2.0260416453470996e-06,-3.7375884647844322e-06,3.894835877739316e-06,False
2,30,5641,7946,15048.870522618294,14384.089562892914,0.23386661080902973,0.23934671817419229,0.05634983386159936,0.05320952348362443,-0.0031403103779749364,0.0008000591043952538,0.0007554727456369205,-4.458635875833337e-05,0.0007777659250160871,False
2,31,8224,12792,23466.01040649414,22134.234536647797,0.36467297095339657,0.3683066886145719,0.0878674439927631,0.08187880555249709,-0.005988638440266009,0.0012475484616159059,0.0011625213305895036,-8.502713102640229e-05,0.0012050348961027049,False
3,0,1065,2686,2976.587810277939,4985.828980088234,0.03635555448356537,0.054248119047891216,0.005054012925919683,0.008400424178274864,0.0033464112523551807,9.899418419434524e-05,0.00016454115780945442,6.554697361510919e-05,0.00013176767100189982,False
3,1,570,616,1848.2147954702377,1169.5148760080338,0.022573791863971824,0.012724861296955433,0.0031381239397437356,0.0019704689191116526,-0.001167655020632083,6.146719920767622e-05,3.859605544880461e-05,-2.2871143758871606e-05,5.0031627328240416e-05,False
3,2,22,18,82.87069320678711,29.203652143478394,0.001012169031791089,0.0003177492056866706,0.00014070794525222432,4.920406747598931e-05,-9.1503877776235e-05,2.7560808518058585e-06,9.63772073840257e-07,-1.7923087779656016e-06,1.8599264628230577e-06,False
3,3,103686,202224,326518.6170836687,363746.3033514023,3.9880447444872464,3.9577275607010525,0.5544030334318244,0.612861623139177,0.058458589707352626,0.010859227472091738,0.012004270130679368,0.0011450426585876295,0.011431748801385554,False
3,4,306,250,782.6219019889832,436.00007712841034,0.00955881533195396,0.004743881946896057,0.0013288306815953917,0.0007345991216839505,-0.0005942315599114412,2.602813075176572e-05,1.4388772214655966e-05,-1.1639358537109754e-05,2.0208451483210843e-05,False
3,5,7575,16034,21895.350917577744,30994.619938254356,0.2674262188644965,0.33723576138883316,0.03717659064949691,0.05222159760504748,0.015045006955550569,0.0007281869509275877,0.0010228771726570774,0.0002946902217294897,0.0008755320617923326,False
3,6,20,25,45.1265013217926,60.36196231842041,0.0005511676731968894,0.0006567659923538021,7.662126418524016e-05,0.00010170146022513622,2.5080196039896065e-05,1.5007993946863506e-06,1.992051313269832e-06,4.912519185834813e-07,1.7464253539780913e-06,False
3,7,3408,5777,12239.940908074379,11755.109200119972,0.14949662732024951,0.1279010102143103,0.020782460825882625,0.019805714142485803,-0.0009767466833968223,0.00040707113043934537,0.0003879393548573101,-1.9131775582035258e-05,0.00039750524264832774,False
3,8,65,84,196.99965703487396,150.24618518352509,0.002406121445450083,0.0016347477967812562,0.00033448998535105524,0.0002531437985036765,-8.134618684737876e-05,6.551736947720743e-06,4.9583893401240206e-06,-1.593347607596722e-06,5.755063143922382e-06,False
3,9,381,772,1529.7852679491043,1173.4155970811844,0.01868454593042432,0.012767302941463093,0.002597455546716878,0.0019770410883028673,-0.0006204144584140109,5.0876995488000984e-05,3.8724786130147914e-05,-1.215220935785307e-05,4.4800890809074446e-05,False
3,10,76,68,225.19076895713806,88.91536712646484,0.0027504430548792574,0.000967440207100336,0.00038235628499765203,0.00014980995192821934,-0.0002325463330694327,7.4893058367149585e-06,2.934364077161411e-06,-4.554941759553548e-06,5.211834956938185e-06,False
3,11,120,96,352.52988398075104,224.37003242969513,0.0043057420849111246,0.0024412494449037266,0.0005985681269874301,0.0003780321091698117,-0.00022053601781761838,1.172429993440811e-05,7.404607149817148e-06,-4.319692784590963e-06,9.564453542112629e-06,False
3,12,22106,32734,69038.90891468525,55751.9343252182,0.8432298909063193,0.6066067613837661,0.11722265905994896,0.09393420812497805,-0.02328845093497091,0.002296068821513721,0.0018399122514277902,-0.0004561565700859306,0.0020679905364707554,True
3,13,68,101,144.7585837841034,201.16055870056152,0.0017680575595837439,0.002188719665217087,0.0002457887353621769,0.0003389273935732894,9.31386582111125e-05,4.81432392397589e-06,6.638653545152557e-06,1.8243296211766676e-06,5.726488734564223e-06,False
3,14,83,24,194.91328966617584,48.00709307193756,0.0023806388971833966,0.0005223393161920235,0.0003309474969980465,8.088523432728315e-05,-0.00025006226267076335,6.482349364098713e-06,1.584318818128225e-06,-4.898030545970488e-06,4.033334091113469e-06,False
3,15,150,153,429.7690712213516,279.49375891685486,0.005249128828045626,0.003041021015244656,0.0007297142162624095,0.0004709078749910357,-0.0002588063412713738,1.4293090380406601e-05,9.223787433615899e-06,-5.069302946790702e-06,1.175843890701125e-05,False
3,16,192,218,499.96113073825836,458.0976778268814,0.006106443110953438,0.004984314035150759,0.0008488948347109697,0.0007718304868051053,-7.706434790586444e-05,1.6627510230143297e-05,1.5118032046523099e-05,-1.5094781836201982e-06,1.5872771138333198e-05,False
3,17,288,669,859.0858278274536,1357.002519249916,0.01049273315969251,0.014764813335265057,0.001458660437740939,0.0022863593633500765,0.0008276989256091375,2.8571137859615662e-05,4.478347864707069e-05,1.6212340787455028e-05,3.6677308253343174e-05,False
3,18,235,276,620.5489565134048,471.8575471639633,0.007579283003290989,0.005134027760363259,0.001053643516430268,0.0007950139412578652,-0.0002586295751724029,2.063797261098124e-05,1.5572132024896247e-05,-5.065840586084994e-06,1.8105052317938742e-05,False
3,19,154,170,583.8835391998291,308.54407918453217,0.007131457620077485,0.0033571018993973326,0.0009913885100779616,0.0005198535997116029,-0.0004715349103663587,1.941856861336703e-05,1.0182499284878493e-05,-9.236069328488537e-06,1.480053394912276e-05,False
3,20,6597,9963,21562.61867439747,18256.590648055077,0.26336228191171773,0.19864012721647392,0.03661163736570773,0.030759800648050818,-0.005851836717656912,0.0007171210731278293,0.0006024997196817367,-0.00011462135344609268,0.000659810396404783,False
3,21,1402,3020,5120.579596877098,5749.700879335403,0.06254191792323294,0.06255939765235026,0.008694343026420227,0.009687441442037308,0.0009930984156170802,0.00017029821799469273,0.00018975027894501566,1.945206095032293e-05,0.0001800242484698542,False
3,22,8846,6473,24011.634251594543,14744.868533372879,0.2932741558166152,0.1604309708051321,0.0407698739681001,0.024843040270313834,-0.015926833697786264,0.0007985694679330309,0.00048660669066639956,-0.00031196277726663137,0.0006425880792997153,False
3,23,1892,474,4437.898769617081,1090.1243288516998,0.054203766458445636,0.01186105552451239,0.007535204460665132,0.0018367069560515526,-0.0056984975046135795,0.00014759388811523398,3.5976027244789055e-05,-0.00011161786087044492,9.178495768001152e-05,False
3,24,11715,17305,41119.79617059231,33973.28391230106,0.5022304347518919,0.3696449993536883,0.06981819271038102,0.057240229605155804,-0.012577963105225215,0.0013675459739806743,0.0011211783420257634,-0.00024636763195491087,0.0012443621580032187,False
3,25,553,1207,1470.8567335605621,2250.066662311554,0.01796480249292121,0.024481763143149024,0.0024973995115893993,0.003791047480428761,0.0012936479688393618,4.8917173517549036e-05,7.425617189112769e-05,2.5338998373578654e-05,6.158667270433836e-05,False
3,26,971,1189,2380.0631750822067,2732.1498571634293,0.029069700593831682,0.029727050667000165,0.004041160825101853,0.004603290207194335,0.0005621293820924815,7.915520299274014e-05,9.016576834102531e-05,1.1010565348285172e-05,8.466048566688273e-05,False
3,27,174,184,461.774586558342,391.67033982276917,0.0056400389341042445,0.004261553957644487,0.0007840570740996073,0.0006599097172607183,-0.00012414735683888897,1.5357517194749134e-05,1.2925812628438853e-05,-2.4317045663102807e-06,1.4141664911593994e-05,False
3,28,406,434,1093.6399298906326,884.1940257549286,0.01335753842680318,0.009620438840190365,0.001856914928860454,0.0014897432105877091,-0.0003671717182727448,3.6371845738283444e-05,2.9179963714548396e-05,-7.191882023735048e-06,3.277590472641592e-05,False
3,29,11350,17811,45142.478268027306,39119.34818184376,0.5513628129933069,0.4256365522603648,0.07664839178836616,0.0659106278248833,-0.01073776396348286,0.0015013307496670302,0.0012910075472500134,-0.00021032320241701685,0.0013961691484585218,True
3,30,132,137,351.55258333683014,261.42721354961395,0.004293805495409479,0.0028444486683430045,0.0005969087470525157,0.0004404682740486495,-0.0001564404730038662,1.1691797254788346e-05,8.627559543687303e-06,-3.0642377111010438e-06,1.0159678399237824e-05,False
3,31,301,221,736.763777256012,377.68641674518585,0.008998711730613205,0.004109402424389155,0.001250967178170901,0.0006363487636064299,-0.000614618414564471,2.4502999314034297e-05,1.2464318481107873e-05,-1.2038680832926424e-05,1.8483658897571086e-05,False
4,0,1154,1993,2868.3522629737854,3524.7554734945297,0.013275226664514132,0.013133176801967137,0.001706576928508023,0.0020475755763078958,0.0003409986477998727,9.214021113390247e-05,0.00011055115228738696,1.8410941153484487e-05,0.00010134568171064472,False
4,1,17416,20054,55115.153384804726,35308.2383800745,0.25508239112659953,0.13155787421241658,0.032791735656684314,0.02051100766936927,-0.012280727987315044,0.0017704665968357523,0.001107414817143353,-0.0006630517796923994,0.0014389407069895525,True
4,2,8296,12730,20119.813685297966,22744.352578759193,0.09311795157377606,0.0847450570427734,0.011970639131196312,0.013212485572235004,0.0012418464410386913,0.000646309696639613,0.00071335853068967,6.704883405005699e-05,0.0006798341136646415,False
4,3,446,366,1145.5899740457535,641.2476770877838,0.00530198705590131,0.0023892775485770635,0.000681589023940068,0.0003725089844792481,-0.00030908003946081996,3.679983921222519e-05,2.011222342563865e-05,-1.668761578658654e-05,2.8456031318931918e-05,False
4,4,334664,552342,931595.5513029099,1023207.4117548466,4.311584132409667,3.8124527913242328,0.5542692559337118,0.5943942839612962,0.04012502802758444,0.029925686568030463,0.032092086741650296,0.0021664001736198327,0.03100888665484038,False
4,5,6397,9394,20655.914523601532,16429.36328816414,0.09559911828240669,0.061215518191191955,0.01228960181015756,0.009544027452713644,-0.0027455743574439154,0.0006635308884255691,0.0005152939137233052,-0.00014823697470226383,0.0005894124010744372,False
4,6,4467,8194,12496.614002108574,15117.27710044384,0.05783647481461679,0.0563267081695238,0.007435081602689367,0.008781819789745337,0.0013467381870559698,0.00040142930402118786,0.00047414137391065415,7.271206988946629e-05,0.000437785338965921,False
4,7,31686,35063,96250.39958119392,62348.130193948746,0.44546337194501107,0.23230803477478884,0.0572658781856338,0.03621882697213789,-0.021047051213495913,0.0030918559946814797,0.0019554995198210177,-0.001136356474860462,0.002523677757251249,True
4,8,546,579,1446.5847470760345,956.2058928012848,0.006695042535310355,0.0035628063120054614,0.0008606711896439537,0.0005554722438888739,-0.00030519894575507973,4.646870809392176e-05,2.999063738409305e-05,-1.6478070709828706e-05,3.822967273900741e-05,False
4,9,29944,39266,80778.1742247343,76432.78042948246,0.373855256978512,0.2847871934364654,0.04806040396029033,0.04440078059700197,-0.0036596233632883585,0.0025948409908208687,0.002397253373332832,-0.00019758761748803677,0.0024960471820768505,True
4,10,764,843,1983.8088274002075,1361.5436511039734,0.00918140780083204,0.0050730876589905076,0.0011803021613188416,0.0007909381365719586,-0.00038936402474688294,6.372598183475806e-05,4.270373381955224e-05,-2.1022248015205815e-05,5.321485782715515e-05,False
4,11,3789,5590,10972.080395460129,9813.668140769005,0.050780671576229015,0.036565554614423235,0.006528033359896483,0.005700885451525413,-0.0008271479083710705,0.000352456641140624,0.00030779789670130593,-4.465874443931807e-05,0.00033012726892096497,False
4,12,6535,7366,17422.534706115723,14764.63835477829,0.08063448143369277,0.05501278241527622,0.010365845279673425,0.00857696742812356,-0.0017888778515498648,0.0005596648804372873,0.00046308114009651805,-9.658374034076923e-05,0.0005113730102669026,False
4,13,8641,14091,26335.977788448334,24022.39800310135,0.12188742613182184,0.08950703177975843,0.015669055946729942,0.013954918519988002,-0.0017141374267419397,0.0008459918208684722,0.0007534434090306262,-9.254841183784597e-05,0.0007997176149495492,False
4,14,9764,15292,25084.20144367218,31614.884312987328,0.11609399032385312,0.11779650202076473,0.014924289462772244,0.018365491011747753,0.003441201548975509,0.0008057809520052032,0.0009915757040496465,0.0001857947520444433,0.0008986783280274249,False
4,15,3219,4188,8489.9220764637,7194.843872666359,0.039292816779857326,0.02680786152481561,0.005051229351273126,0.0041795769096045965,-0.0008716524416685295,0.000272722155759463,0.00022566055620945927,-4.706159955000371e-05,0.00024919135598446115,False
4,16,5025,5987,14298.339683055878,10308.364850997925,0.06617517055662933,0.03840878584213353,0.008507050174435597,0.00598826110330087,-0.002518789071134726,0.00045930622060177034,0.00032331366559927333,-0.000135992555002497,0.00039130994310052183,False
4,17,2967,4470,8400.26956152916,8241.556557416916,0.03887788955067319,0.03070789454925176,0.004997889001294152,0.0047876257075491705,-0.00021026329374498106,0.0002698422439155148,0.00025848986714553836,-1.1352376769976447e-05,0.0002641660555305266,False
4,18,1613,1959,4751.424729824066,3419.269770383835,0.021990409295961976,0.012740138930418253,0.0028269442097929396,0.0019862975810077035,-0.0008406466287852361,0.00015263023424429235,0.00010724267709912915,-4.538755714516319e-05,0.00012993645567171074,False
4,19,8599,13360,26848.77912569046,22385.457923173904,0.12426075874986554,0.0834078218783693,0.015974156175297464,0.013003999072456536,-0.002970157102840928,0.000862464561714553,0.0007021020852360503,-0.00016036247647850264,0.0007822833234753016,False
4,20,881,749,2551.399676799774,1260.050532579422,0.011808315686501387,0.004694926087276018,0.0015180003795332705,0.0007319794847684731,-0.0007860208947647974,8.195872868961152e-05,3.952048287164875e-05,-4.243824581796277e-05,6.073960578063013e-05,False
4,21,1572,1703,4744.301010131836,3052.0938522815704,0.021957439498343473,0.01137204792775905,0.002822705826722335,0.0017730003898214874,-0.0010497054369008477,0.00015240139867030316,9.572649643251943e-05,-5.667490223778373e-05,0.0001240639475514113,False
4,22,542,281,1323.897467136383,646.0805335044861,0.0061272247428182285,0.002407284686449849,0.0007876762217422974,0.0003753164526389703,-0.00041235976910332714,4.252761898049336e-05,2.0263802123713905e-05,-2.2263816856779456e-05,3.139571055210363e-05,False
4,23,27659,55752,79838.22146308422,100091.34965014458,0.3695049942419874,0.37293860558208175,0.04750116243419674,0.058144346319758386,0.010643183885561645,0.002564646845202037,0.0031392855819450368,0.0005746387367429997,0.002851966213573537,True
4,24,3598,4024,10677.222299218178,7880.248938322067,0.049416017690439955,0.029361668725317935,0.006352602318623813,0.004577737486378722,-0.0017748648322450907,0.00034298490100850127,0.00024715774101040323,-9.582715999809804e-05,0.00029507132100945225,False
4,25,637,794,1711.1929990053177,1381.2829687595367,0.007919694948825367,0.005146636008846303,0.0010181045508334124,0.0008024049588886976,-0.0002156995919447149,5.496873109153634e-05,4.3322841819695525e-05,-1.1645889271840818e-05,4.9145786455615934e-05,False
4,26,16948,26522,47970.138290166855,43287.63053512573,0.22201403473011064,0.16128894881675537,0.028540682509638548,0.025146338719516537,-0.0033943437901220105,0.001540946949659533,0.001357682106300658,-0.00018326484335887496,0.0014493145279800956,True
4,27,8592,13383,23605.398834824562,25115.828909635544,0.10924983799363203,0.09358113607556981,0.014044449686237836,0.014590106531024676,0.0005456568447868397,0.0007582773080617917,0.000787737999839263,2.9460691777471277e-05,0.0007730076539505273,False
4,28,822,1112,2183.4939321279526,1722.8289600610733,0.010105584744161782,0.006419230355744101,0.0012991083473978741,0.001000813397497788,-0.00029829494990008605,7.014047560088791e-05,5.4035160214959464e-05,-1.610531538592845e-05,6.208781790792368e-05,False
4,29,1450,820,4242.171209454536,1421.3948047161102,0.019633496583435404,0.005296092003008333,0.0025239548176451618,0.0008257064378829613,-0.0016982483797622005,0.00013627146008212437,4.458091765465989e-05,-9.169054242746447e-05,9.042618886839214e-05,False
4,30,27748,41272,74481.64203751087,87743.68939125538,0.3447138251311072,0.326931440974478,0.04431417073118785,0.050971432408206056,0.006657261677018203,0.0023925771989459156,0.002752011037671464,0.00035943383872554836,0.00257229411830869,True
4,31,22778,30814,60374.964987397194,57989.886936903,0.2794257021412183,0.21606929717407347,0.035921153631301175,0.03368706767256635,-0.0022340859587348244,0.0019394277658816232,0.0018188066860519096,-0.0001206210798297136,0.0018791172259667664,True
5,0,5505,13322,16481.82617008686,28189.4705337286,0.12561534426744514,0.17192944949023478,0.015457175153000116,0.02236262852813979,0.006905453375139675,0.0005044280756403169,0.0007297800253314321,0.00022535194969111518,0.0006171040504858745,False
5,1,9764,21476,35494.32165515423,44220.860332369804,0.2705180474687735,0.26970595860720753,0.0332876916124976,0.03508028544290427,0.001792593830406669,0.001086307559848116,0.001144806907065595,5.8499347217478995e-05,0.0011155572334568555,False
5,2,245,198,706.4185528755188,346.41994404792786,0.005383930688300727,0.0021128382032339025,0.0006625015450619949,0.00027481397758832295,-0.00038768756747367195,2.162001634687411e-05,8.968254839697092e-06,-1.2651761507177018e-05,1.5294135593285602e-05,False
5,3,8714,17670,30277.987464427948,31062.186665654182,0.2307620393407814,0.18945033561375127,0.028395649285963692,0.024641546241339893,-0.0037541030446237994,0.0009266610867831121,0.0008041500227749198,-0.00012251106400819236,0.000865405554779016,False
5,4,4657,9146,15363.425131678581,17461.27994596958,0.11709151140942732,0.1064975039142156,0.01440830347072567,0.013851984789510913,-0.0005563186812147566,0.00047019929068793637,0.00045204443645162064,-1.8154854236315733e-05,0.0004611218635697785,False
5,5,174331,359720,606609.3217923641,704082.6549069881,4.623240046730067,4.294246786541893,0.5688973078362328,0.5585468108013031,-0.01035049703492974,0.018565344015855946,0.01822756681856275,-0.0003377771972931966,0.01839645541720935,False
5,6,46,36,159.04613864421844,82.88619554042816,0.0012121615198478956,0.0005055284012005477,0.0001491584729181177,6.575338826472752e-05,-8.340508465339019e-05,4.867624304880249e-06,2.1457902094594224e-06,-2.7218340954208268e-06,3.506707257169836e-06,False
5,7,40068,97231,137754.5574325323,217313.04831051826,1.0498888883868076,1.3254066875207213,0.12919055815690866,0.17239383648129233,0.04320327832438367,0.004215993155084318,0.005625885087523994,0.0014098919324396757,0.004920939121304156,True
5,8,288,873,791.5732433795929,1658.6300731897354,0.006032932543633402,0.010116094768444031,0.0007423622930542213,0.0013157866213898458,0.0005734243283356245,2.4226184875739895e-05,4.293926327490256e-05,1.8713078399162666e-05,3.358272407532123e-05,False
5,9,750,349,1876.4526134729385,621.6868969202042,0.014301281824628545,0.0037917095964925623,0.0017597963000845784,0.0004931824852830813,-0.001266613814801497,5.742903553747464e-05,1.609447324808041e-05,-4.1334562289394226e-05,3.6761754392777524e-05,False
5,10,199,616,689.0984134674072,1151.0508425235748,0.005251926185155392,0.007020335392733364,0.0006462581733783734,0.0009131254302048205,0.0002668672568264471,2.1089931603757947e-05,2.979885386671407e-05,8.708922262956124e-06,2.544439273523601e-05,False
5,11,117,87,236.4117523431778,126.77870011329651,0.0018017993487490925,0.000773231696263561,0.0002217143796133682,0.00010057318999737477,-0.00012114118961599342,7.2354072942267835e-06,3.282096514351593e-06,-3.95331077987519e-06,5.2587519042891885e-06,False
5,12,8631,17312,29020.78837442398,32903.4939879179,0.22118036466020596,0.20068059103413452,0.027216608423874484,0.02610225021606194,-0.0011143582078125443,0.0008881843724237277,0.0008518185060363126,-3.636586638741505e-05,0.0008700014392300202,False
5,13,835,1037,3170.934935092926,2062.0566580295563,0.024167108632918405,0.012576620252888509,0.0029738025498323834,0.001635823808479067,-0.0013379787413533165,9.704680723987689e-05,5.338332830093822e-05,-4.366347893893867e-05,7.521506777040756e-05,False
5,14,118,101,352.890771150589,183.4223417043686,0.0026895378733782518,0.0011187050212847906,0.0003309520682514993,0.0001455084332424237,-0.0001854436350090756,1.080026028461511e-05,4.748509235574473e-06,-6.051751049040636e-06,7.774384760094791e-06,False
5,15,1029,697,2668.604932785034,1444.0398170948029,0.02033862776407547,0.008807294571142479,0.002502701668767872,0.0011455527683961327,-0.0013571489003717395,8.167294309486811e-05,3.73838668959084e-05,-4.428907619895971e-05,5.9528404995388256e-05,False
5,16,312,640,1025.2106132507324,1180.4955030679703,0.00781358708683982,0.007199920329306316,0.000961474769494412,0.0009364837974754524,-2.4990972018959588e-05,3.1376681893822616e-05,3.0561128741378846e-05,-8.155531524437696e-07,3.096890531760073e-05,False
5,17,498,573,1462.3501249551773,1242.612249135971,0.011145222167139136,0.007578774481349288,0.0013714379573707552,0.0009857608392713757,-0.0003856771180993795,4.475538401092296e-05,3.216923132935661e-05,-1.2586152681566356e-05,3.8462307670139784e-05,False
5,18,618,943,1740.5095924139023,1868.0895886421204,0.013265199462464098,0.011393602238445332,0.0016323046577354325,0.0014819502721097617,-0.00015035438562567083,5.3268484649370026e-05,4.8361833035829967e-05,-4.906651613540059e-06,5.0815158842599996e-05,False
5,19,2955,5594,14173.564212679863,11277.339823126793,0.1080230509470989,0.06878124316611751,0.013292414464078299,0.00894628229886179,-0.00434613216521651,0.0004337834683478456,0.00029195217880894573,-0.00014183128953889989,0.0003628678235783957,False
5,20,12016,24423,40991.69135594368,43479.6901640892,0.3124159524948189,0.26518551261803575,0.038443297882640094,0.03449231721095161,-0.003950980671688482,0.0012545551551470776,0.001125619204212661,-0.00012893595093441666,0.0011900871796798693,False
5,21,8192,17677,26286.913103938103,33730.96299958229,0.20034428255726455,0.2057273793899309,0.02465269417879826,0.02675867908031667,0.0021059849015184103,0.0008045138235718844,0.0008732403470592181,6.872652348733374e-05,0.0008388770853155513,False
5,22,9192,6769,27610.554131746292,14641.901852726936,0.21043234086335239,0.08930193002445229,0.025894046380635034,0.01161537999396774,-0.014278666386667294,0.0008450240006363436,0.0003790552749899437,-0.00046596872564639994,0.0006120396378131436,False
5,23,639,531,2039.7030478715897,1003.2668722867966,0.015545486156549881,0.006118991161528686,0.0019128976938417247,0.0007958888178724068,-0.001117008875969318,6.242533276942897e-05,2.5972964713743502e-05,-3.6452368055685467e-05,4.4199148741586235e-05,False
5,24,5502,15036,19283.601998806,27485.73719203472,0.14696892679239093,0.16763733318813595,0.018084768677955096,0.021804358826538372,0.003719590148583276,0.0005901767284334984,0.0007115615016697888,0.00012138477323629041,0.0006508691150516437,False
5,25,193,255,614.8172025680542,452.624453663826,0.004685795964909553,0.0027605865477724804,0.0005765949166737197,0.00035906571951841305,-0.00021752919715530667,1.8816547096269496e-05,1.171771867319006e-05,-7.098828423079436e-06,1.526713288472978e-05,False
5,26,4725,8655,15933.085218071938,16388.858189940453,0.12143314486249673,0.0999567325324038,0.014942548623064204,0.013001235594811417,-0.0019413130282527873,0.00048763379935118264,0.0004242811630923534,-6.335263625882923e-05,0.00045595748122176805,False
5,27,127,147,403.0719358921051,313.64200377464294,0.0030719908988923357,0.001912923372628382,0.0003780135434052007,0.00024881132878468577,-0.0001292022146205149,1.2336060268350726e-05,8.11968671727248e-06,-4.216373551078247e-06,1.0227873492811602e-05,False
5,28,435,921,1370.16745531559,1711.4078603982925,0.0104426569499859,0.010437989991315384,0.0012849861494226595,0.0013576550931112287,7.266894368856925e-05,4.193412341917635e-05,4.4305595247683436e-05,2.3714718285070864e-06,4.311985933342989e-05,False
5,29,8444,10277,28057.22174835205,20112.106939554214,0.2138365938784026,0.12266507347376268,0.026312945325072327,0.01595487846674302,-0.010358066858329306,0.0008586943114362605,0.000520670081201237,-0.00033802423023502346,0.0006896821963187487,False
5,30,849,1048,2415.2538381814957,2024.9911831617355,0.018407726136990186,0.01235055546456644,0.002265101041017133,0.0016064198704130283,-0.0006586811706041048,7.391910539548911e-05,5.242376280801436e-05,-2.149534258747475e-05,6.317143410175173e-05,False
5,31,271,367,1228.2935621738434,737.8951711654663,0.009361372767902497,0.004500471564664068,0.0011519323486302415,0.0005853701858549537,-0.0005665621627752878,3.7592057548406756e-05,1.9102918448246867e-05,-1.848913910015989e-05,2.834748799832681e-05,False
6,0,381,151,766.7471181154251,327.02603697776794,0.005402813228575535,0.0023765736417777237,0.001822913660888371,0.0008167723729248763,-0.0010061412879634945,5.497377582904861e-05,2.4631479974016077e-05,-3.0342295855032535e-05,3.9802627901532346e-05,False
6,1,453,353,947.5875662565231,624.2034690380096,0.006677088856607526,0.004536230586810435,0.002252855313838877,0.0015589955873414885,-0.0006938597264973885,6.79395660120863e-05,4.7014774081631714e-05,-2.092479193045458e-05,5.7477170046859005e-05,False
6,2,1838,3446,4842.75362765789,6141.51980471611,0.03412401917668954,0.044631841009455886,0.011513472350404504,0.015338912309921413,0.0038254399595169086,0.0003472128502765363,0.0004625769968590361,0.00011536414658249979,0.0004048949235677862,False
6,3,53,49,126.66679203510284,81.86363410949707,0.0008925459300199907,0.0005949219115479569,0.0003011457364837927,0.00020446064572043034,-9.668509076336235e-05,9.081679820900494e-06,6.165938598660687e-06,-2.9157412222398074e-06,7.6238092097805904e-06,False
6,4,7305,8632,16948.56940948963,15406.104727268219,0.11942653952986414,0.11195971658911652,0.040294613411800774,0.038477917024311616,-0.0018166963874891584,0.0012151683825436862,0.0011603821016034244,-5.478628094026175e-05,0.0011877752420735553,False
6,5,112,86,263.1854964494705,150.0990390777588,0.0018545124568337295,0.0010908043384711197,0.0006257140398579294,0.000374883753765512,-0.00025083028609241745,1.8869716157305494e-05,1.1305404026328994e-05,-7.5643121309765006e-06,1.5087560091817245e-05,False
6,6,57664,91281,177333.5610947609,179967.08765792847,1.2495646701719338,1.307862336797392,0.4216041552893825,0.4494814742984466,0.027877319009064094,0.012714355495135655,0.013555054382197762,0.0008406988870621069,0.013134704938666707,False
6,7,642,535,1622.015928030014,1049.751881122589,0.011429386437682761,0.007628789053429808,0.0038562844561475474,0.0026218350772637057,-0.0012344493788838417,0.00011629432691945893,7.90669228557926e-05,-3.722740406366633e-05,9.768062488762577e-05,False
6,8,232,206,484.0051792860031,363.20140397548676,0.0034104980945645156,0.0026394683778756295,0.0011507048835472245,0.0009071231003997156,-0.00024358178314750896,3.4701913574276706e-05,2.7356195216850298e-05,-7.3457183574264085e-06,3.1029054395563504e-05,False
6,9,7030,13523,23165.97964835167,25223.196848392487,0.1632369504102712,0.1833027894208183,0.05507628235061074,0.06299685044348118,0.007920568092870436,0.0016609405395340171,0.0018998018438944097,0.0002388613043603925,0.0017803711917142133,True
6,10,671,638,1646.709691286087,1179.8474770784378,0.011603388775130268,0.008574223756786636,0.003914992989006307,0.0029467587120847404,-0.000968234276921567,0.00011806480557342708,8.886567495549781e-05,-2.9199130617929277e-05,0.00010346524026446245,False
6,11,6683,7652,20549.704257011414,14434.92546582222,0.1448016058749405,0.10490193288625305,0.04885618182614778,0.03605232303418965,-0.012803858791958132,0.0014733603928696198,0.0010872332393582046,-0.00038612715351141517,0.0012802968161139123,False
6,12,1396,758,2778.4958134889603,1718.4432953596115,0.019578415858356124,0.012488323799486785,0.006605773736169036,0.004291942687680041,-0.0023138310484889946,0.00019921092937149874,0.00012943251249138312,-6.977841688011563e-05,0.00016432172093144094,False
6,13,101,87,257.99843430519104,202.21806919574738,0.001817962299280561,0.001469565351992045,0.0006133819864086454,0.0005050549911918047,-0.00010832699521684064,1.849781728113908e-05,1.523099006981473e-05,-3.2668272113243487e-06,1.6864403675476906e-05,False
6,14,8685,8507,20596.173854470253,16097.007667064667,0.145129049630444,0.11698066761467234,0.04896666162062279,0.04020349960731763,-0.00876316201330516,0.0014766921422472335,0.0012124206551169538,-0.00026427148713027964,0.0013445563986820936,False
6,15,10135,7840,22849.41355264187,16457.229432106018,0.16100629645773565,0.11959848226913707,0.05432365785837676,0.041103180833103374,-0.013220477025273389,0.0016382435731294982,0.0012395524250329497,-0.00039869114809654854,0.001438897999081224,True
6,16,5938,4872,13131.103404283524,9349.595102190971,0.09252711552777731,0.06794566416334531,0.03121872546067112,0.023351324096626803,-0.007867401364044315,0.0009414659903898988,0.0007042080399868335,-0.00023725795040306532,0.0008228370151883662,False
6,17,5745,10579,17986.68655014038,19400.85547912121,0.12674153672751196,0.1409904917226909,0.04276269952857147,0.04845511052544013,0.005692410996868659,0.0012895986837813311,0.0014612652485686975,0.0001716665647873664,0.0013754319661750144,False
6,18,485,527,1438.1856474876404,956.6194970607758,0.010134043229914,0.00695197453675488,0.003419234584334155,0.0023892298724020222,-0.0010300047119321328,0.00010311417352290422,7.205222618469274e-05,-3.106194733821148e-05,8.758319985379849e-05,False
6,19,88,105,223.2217708826065,187.61456823349,0.0015729117307866425,0.0013634383420899681,0.0005307017215137953,0.00046858163804786365,-6.212008346593163e-05,1.600442088758702e-05,1.4131059786505757e-05,-1.8733611010812643e-06,1.506774033704639e-05,False
6,20,103,96,222.92034029960632,146.21370339393616,0.001570787727835926,0.0010625687078743454,0.0005299850811579617,0.00036517983270952203,-0.00016480524844843968,1.598280909811124e-05,1.1012761981760189e-05,-4.970047116351051e-06,1.3497785539935715e-05,False
6,21,52,47,114.02093350887299,68.51561748981476,0.0008034380480104179,0.0004979187959504531,0.00027108066324584435,0.0001711229601066094,-9.995770313923495e-05,8.175004627264918e-06,5.160570931000359e-06,-3.0144336962645586e-06,6.667787779132638e-06,False
6,22,53,15,81.21253395080566,31.51115322113037,0.0005722566702748269,0.00022899881874680446,0.00019307987480690863,7.870149920745211e-05,-0.00011437837559945652,5.822727637886604e-06,2.373408388816425e-06,-3.4493192490701792e-06,4.098068013351514e-06,False
6,23,2330,3459,5559.978107213974,5979.541841864586,0.039177875675724304,0.04345470979195606,0.013218647721548862,0.014934360041538051,0.001715712319989189,0.00039863598161497934,0.0004503768766940461,5.1740895079066735e-05,0.0004245064291545127,False
6,24,1984,2067,5203.001224756241,3950.1661360263824,0.03666247082154139,0.028706768446579285,0.012369948039112517,0.009865840035816769,-0.0025041080032957488,0.0003730416668158335,0.00029752505021545087,-7.551661660038265e-05,0.0003352833585156422,False
6,25,3208,5867,9551.49791252613,10530.29454112053,0.06730375381305215,0.07652607932341557,0.022708342314329416,0.026300210648161917,0.0035918683338325014,0.0006848175789241013,0.0007931378843933891,0.00010832030546928785,0.0007389777316587451,False
6,26,100,89,235.27932214736938,162.8937931060791,0.0016578741596479424,0.0011837867672029414,0.0005593681154239831,0.0004068396240236705,-0.00015252849140031256,1.686891597940496e-05,1.2269100160537593e-05,-4.599815818867368e-06,1.4569008069971277e-05,False
6,27,6673,11453,20433.166941285133,27268.94858443737,0.14398043637048097,0.19816973915496383,0.0485791185548011,0.06810627082880101,0.019527152273999912,0.0014650049701766697,0.002053887106902455,0.0005888821367257854,0.0017594460385395624,True
6,28,960,1060,2385.3798953294754,1967.2942337989807,0.016808360604394352,0.014296780968500705,0.005671154797806464,0.004913466812707198,-0.000757687985099266,0.0001710255396267709,0.0001481758729997121,-2.284966662705878e-05,0.00015960070631324149,False
6,29,54,80,139.22139656543732,163.86285972595215,0.0009810107991188718,0.0011908291978521973,0.0003309938566327784,0.00040925994153095756,7.826608489817916e-05,9.981812340171428e-06,1.2342089899402064e-05,2.3602775592306357e-06,1.1161951119786746e-05,False
6,30,4877,6357,14321.51709496975,13601.040312886238,0.10091525639399282,0.0988418971378696,0.034048891140581496,0.03396963151089468,-7.925962968681477e-05,0.0010268155584932165,0.0010244253185119259,-2.3902399812905997e-06,0.0010256204385025712,False
6,31,16660,13663,34410.294946074486,27199.527202367783,0.24246898663380445,0.19766523795889063,0.08180923703576856,0.06793288565284158,-0.013876351382926977,0.0024671287258652267,0.0020486583141188035,-0.0004184704117464232,0.002257893519992015,True
7,0,321,536,1034.582509636879,1096.5141681432724,0.005012613896509766,0.004928893644835823,0.0003684220032169753,0.00042256954886921047,5.4147545652235196e-05,1.6601023805625896e-05,1.9040901680834067e-05,2.4398778752081707e-06,1.782096274322998e-05,False
7,1,20029,33736,83588.39734494686,65181.82874715328,0.4049907650819665,0.29299603306962696,0.029766407713900583,0.025119471109793966,-0.004646936604106616,0.001341268541920955,0.0011318784823848643,-0.00020939005953609074,0.0012365735121529096,False
7,2,377,630,1158.716215133667,1199.7291802167892,0.005614049095155105,0.005392851003382546,0.00041262687621635005,0.00046234607192343626,4.9719195707086214e-05,1.859288678497978e-05,2.083322407298864e-05,2.2403372880088618e-06,1.971305542898421e-05,False
7,3,4632,4303,17872.70759654045,8721.295285701752,0.08659433310748559,0.03920271908681377,0.006364595065443164,0.0033609723626960254,-0.0030036227027471383,0.0002867874157135107,0.00015144476094254247,-0.00013534265477096823,0.00021911608832802658,False
7,4,22107,32084,65941.87742984295,56269.75020420551,0.31949232476662376,0.25293573237420225,0.023482359649708292,0.02168497557951064,-0.0017973840701976523,0.0010581105584171434,0.000977120781811344,-8.098977660579948e-05,0.0010176156701142435,False
7,5,36542,74696,148608.52545022964,149435.5071492195,0.7200171594560395,0.6717211166982086,0.052920526039736564,0.05758876326059152,0.004668237220854958,0.0023845886101284647,0.0025949384713121935,0.0002103498611837288,0.002489763540720329,True
7,6,169,272,484.2907940149307,467.7943868637085,0.002346417749593528,0.0021027624151967505,0.00017245930876324587,0.00018027643304898688,7.81712428574101e-06,7.770982908950529e-06,8.123221008808793e-06,3.522380998582646e-07,7.94710195887966e-06,False
7,7,472398,1011733,1849630.3635604382,1826710.2697895765,8.961569306872969,8.211166714761264,0.6586661937606643,0.7039691387908047,0.04530294503014043,0.029679370578043613,0.031720712469525056,0.002041341891481443,0.030700041523784333,False
7,8,138,191,481.1559474468231,355.6757879257202,0.002331229231206302,0.001598782926533052,0.0001713429681701641,0.0001370686869481785,-3.4274281221985603e-05,7.7206808189583e-06,6.176288373559743e-06,-1.5443924453985574e-06,6.948484596259022e-06,False
7,9,7702,6857,22756.606102585793,11715.832218647003,0.11025711233728197,0.052663333173554386,0.008103785177730248,0.004514993129221611,-0.0035887920485086367,0.0003651549838947825,0.0002034447122212265,-0.00016171027167355602,0.0002842998480580045,False
7,10,51,42,164.46885931491852,101.71457350254059,0.0007968614219415204,0.0004572128017030351,5.8568500869863555e-05,3.919829099077969e-05,-1.9370209879083865e-05,2.6390852574236982e-06,1.766267367843794e-06,-8.728178895799043e-07,2.202676312633746e-06,False
7,11,337,390,1157.0938856601715,676.9314701557159,0.005606188812202501,0.0030428455173448546,0.00041204915344514943,0.00026087271306620856,-0.00015117644037894088,1.856685470927852e-05,1.1754873710134584e-05,-6.811980999143936e-06,1.5160864209706551e-05,False
7,12,4676,3580,15886.546528577805,6010.631739139557,0.07697126440369455,0.027018132041703356,0.005657309341439193,0.0023163494063446442,-0.003340959935094549,0.00025491725855936745,0.0001043742537120624,-0.00015054300484730506,0.00017964575613571492,False
7,13,555,608,2031.9184670448303,1023.5233381986618,0.009844766028432645,0.004600795706571631,0.0007235802509989939,0.00039444068106487466,-0.0003291395699341192,3.260438537119812e-05,1.7773420368731026e-05,-1.4830965002467097e-05,2.5188902869964573e-05,False
7,14,715,1047,2410.9919986724854,1766.8339418172836,0.011681399873231295,0.007942019209883628,0.0008585709632794597,0.0006808942769839204,-0.00017767668629553926,3.8687040610403865e-05,3.068096368464585e-05,-8.006076925758018e-06,3.4684002147524856e-05,False
7,15,616,679,2075.3096457719803,1122.0424344539642,0.010054998874481812,0.005043644656029327,0.0007390321505233859,0.0004324075138419645,-0.00030662463668142137,3.330064495832029e-05,1.948419846898876e-05,-1.3816446489331528e-05,2.6392421713654524e-05,False
7,16,270,424,918.3523482084274,818.1437342166901,0.004449471839744938,0.003677602687953589,0.0003270316370462459,0.0003152924410119845,-1.1739196034261446e-05,1.4735981956539637e-05,1.4207016066549319e-05,-5.289658899903185e-07,1.4471499011544479e-05,False
7,17,6704,8751,21603.56653237343,15020.988020181656,0.10467056692496804,0.06752019676790406,0.007693179794119831,0.00578871875591544,-0.0019044610382043916,0.0003466531851734389,0.0002608385412160897,-8.581464395734922e-05,0.00030374586319476427,False
7,18,732,583,2434.9389992952347,1126.7733169794083,0.011797424517938901,0.005064910242459105,0.0008670986561974156,0.0004342306794266968,-0.0004328679767707188,3.907129679462172e-05,1.9566349955624895e-05,-1.9504946838996827e-05,2.931882337512331e-05,False
7,19,27932,61408,111791.89227962494,102228.44600272179,0.5416383783200153,0.45952268786226985,0.03980986776156841,0.03939632479361286,-0.0004135429679555519,0.0017938248981817745,0.0017751907324812092,-1.863416570056526e-05,0.0017845078153314918,True
7,20,9270,14826,31681.05558156967,27608.73576462269,0.15349660175485882,0.12410283989547113,0.011281843499835416,0.010639726650008471,-0.0006421168498269448,0.0005083576737457031,0.0004794240133864093,-2.8933660359293806e-05,0.0004938908435660562,False
7,21,27448,47294,100285.94442951679,89237.64175796509,0.48589137549642064,0.40112828280710305,0.03571251997503496,0.03438998885319317,-0.0013225311218417884,0.0016091992038686387,0.0015496062087552432,-5.959299511339557e-05,0.001579402706311941,True
7,22,4450,2138,10914.282110095024,4054.9594942331314,0.052880347063563066,0.018227273902931364,0.003886651515196917,0.001562681499193476,-0.0023239700160034406,0.00017513176130785194,7.041412440679862e-05,-0.00010471763690105332,0.00012277294285732528,False
7,23,1486,1436,4574.335847020149,2551.5173975229263,0.02216292970400572,0.011469216039984234,0.001628952703576914,0.0009832919509183454,-0.0006456607526585687,7.340029198634199e-05,4.430694405475633e-05,-2.9093347931585656e-05,5.885361802054916e-05,False
7,24,9120,9771,33763.572143793106,18730.827436566353,0.16358651856891437,0.08419613626236827,0.01202344208326418,0.007218399478795131,-0.00480504260446905,0.0005417739616715598,0.00032525967651129186,-0.00021651428516026797,0.00043351681909142587,False
7,25,492,533,1631.1059401035309,809.5989828109741,0.007902805456195329,0.003639193543663506,0.0005808481317966304,0.00031199950431165253,-0.00026884862748497785,2.6172903841821617e-05,1.4058636979319734e-05,-1.2114266862501884e-05,2.0115770410570676e-05,False
7,26,1664,1897,6412.870446443558,3716.236837029457,0.031070739372582472,0.016704696264668736,0.00228366761881459,0.0014321461312021024,-0.0008515214876124875,0.00010290161872267684,6.453222611467978e-05,-3.8369392607997055e-05,8.371692241867831e-05,False
7,27,1158,1465,3503.356714963913,2847.164208173752,0.0169739720034727,0.012798165294329329,0.001247569610821727,0.0010972269487787801,-0.00015034266204294686,5.621524400710021e-05,4.944083289760345e-05,-6.77441110949676e-06,5.282803845235183e-05,False
7,28,225,290,641.4032497406006,564.01154088974,0.003107636957872704,0.0025352640032119183,0.00022840814332174408,0.00021735615399696734,-1.1051989324776737e-05,1.0292026511918099e-05,9.794026022593122e-06,-4.980004893249766e-07,1.0043026267255612e-05,False
7,29,55694,74194,209659.03023838997,147626.81266999245,1.0158104923604176,0.6635909319882313,0.07466103398564801,0.05689173696368247,-0.017769297021965537,0.0033642116695685948,0.0025635306019474537,-0.000800681067621141,0.0029638711357580245,True
7,30,15864,25194,50447.24233734608,44209.618533968925,0.2444198946196478,0.19872475355395833,0.017964612687315366,0.017037297923120094,-0.0009273147641952716,0.0008094819535122439,0.0007676973306034764,-4.178462290876754e-05,0.0007885896420578601,False
7,31,791,1106,2598.779157757759,1865.3071279525757,0.012591239846794463,0.008384661790736771,0.0009254432723357031,0.0007188434171317083,-0.00020659985520399477,4.170029384958695e-05,3.2390944558468516e-05,-9.30934929111843e-06,3.704561920402773e-05,False
8,0,18420,23656,42523.87835538387,48945.36881196499,0.2892546340403488,0.29120887021757735,0.13207101189728615,0.13774213414441672,0.005671122247130567,0.005224503425444031,0.005448843325476661,0.0002243399000326305,0.005336673375460346,True
8,1,2032,1570,4521.227210402489,3089.4089621305466,0.030754154435978495,0.018380968727774026,0.014042064736077872,0.008694219576188437,-0.005347845159889435,0.0005554800728792868,0.00034392846170274864,-0.00021155161117653818,0.00044970426729101776,False
8,2,160,198,502.50171184539795,505.3264615535736,0.003418101885010372,0.003006526491309003,0.0015606739584969615,0.001422090525488501,-0.00013858343300846053,6.173759347365322e-05,5.625546980350534e-05,-5.482123670147879e-06,5.899653163857928e-05,False
8,3,113,119,245.8009444475174,186.5657697916031,0.0016719797201643772,0.0011100050599476565,0.0007634105992682141,0.0005250336837406635,-0.00023837691552755058,3.019921808427532e-05,2.076943486516105e-05,-9.42978321911427e-06,2.5484326474718186e-05,False
8,4,463,446,1184.9172896146774,877.1027362346649,0.008060008405422913,0.00521847323012108,0.0036801258847121783,0.002468343904343744,-0.0012117819803684343,0.0001455794879931491,9.76434646646542e-05,-4.793602332849491e-05,0.00012161147632890165,False
8,5,855,946,1824.8273466825485,1699.4967926740646,0.012412785163671515,0.010111447782410564,0.005667563814383138,0.004782726555679599,-0.0008848372587035389,0.00022419913451708612,0.00018919648539183825,-3.500264912524787e-05,0.00020669780995446219,False
8,6,142,134,310.9718265533447,256.0142958164215,0.00211528311540187,0.0015232009821126052,0.0009658188620805269,0.0007204758352666337,-0.0002453430268138932,3.820614289850727e-05,2.8500792227045272e-05,-9.705350671461998e-06,3.3353467562776274e-05,False
8,7,234,167,449.1916090250015,367.7729514837265,0.0030554775224558494,0.0021881282805244475,0.0013951030017512744,0.001034987220396139,-0.00036011578135513537,5.518788950572548e-05,4.0942324894548157e-05,-1.424556461117732e-05,4.806510720013682e-05,False
8,8,51594,86371,133985.24001586437,157927.92534935474,0.911390330950148,0.9396192905088285,0.4161324628085237,0.4444410167219441,0.02830855391342041,0.016461488756309487,0.017581326749260242,0.0011198379929507549,0.017021407752784865,False
8,9,87,46,257.38798356056213,100.2126795053482,0.00175079672575932,0.0005962325320775742,0.0007993977208511519,0.0002820186807954497,-0.0005173790400557021,3.162280708598715e-05,1.1156176837661601e-05,-2.046663024832555e-05,2.1389491961824375e-05,False
8,10,19161,26812,47110.410744428635,53204.23344993591,0.3204530053793868,0.31654771615410904,0.14631590199546615,0.14972743772890826,0.003411535733442106,0.005788006922872329,0.005922961443696737,0.0001349545208244084,0.005855484183284533,True
8,11,2641,3970,5892.11759185791,7798.652028918266,0.04007918335933673,0.046399418406387345,0.01829978738230379,0.021946978845734884,0.003647191463431093,0.0007239083012258512,0.0008681849598219494,0.00014427665859609816,0.0007960466305239004,False
8,12,4623,4824,10751.494759202003,9161.708225369453,0.07313349116393476,0.05450915513217509,0.03339208104183655,0.025782893744634595,-0.007609187297201957,0.001320933634713558,0.001019927194859865,-0.0003010064398536931,0.0011704304147867116,False
8,13,1055,927,2151.31587767601,1766.3912202119827,0.014633615534825282,0.010509447657373334,0.006681574585009511,0.0049709809592134715,-0.0017105936257960398,0.00026431166692271913,0.00019664350773223308,-6.766815919048605e-05,0.0002304775873274761,False
8,14,77,111,168.17568159103394,249.17227840423584,0.0011439595143828598,0.001482493225506131,0.0005223214180658462,0.0007012210190688379,0.00017889960100299167,2.0662142272295798e-05,2.7739104618715936e-05,7.076962346420137e-06,2.4200623445505865e-05,False
8,15,121,152,248.84641015529633,340.1915992498398,0.0016926954945211744,0.0020240282927613614,0.0007728692317655467,0.0009573677354172923,0.0001844985036517456,3.057338541420206e-05,3.7871830776818755e-05,7.298445362616696e-06,3.422260809551041e-05,False
8,16,4814,6031,10533.492804408073,10857.51496219635,0.07165060488702923,0.06459864829415114,0.03271500877376636,0.030555235739326336,-0.002159773034440024,0.0012941498133966064,0.001208712884773775,-8.543692862283134e-05,0.0012514313490851908,False
8,17,150,208,324.1668179035187,422.68264842033386,0.0022050376848760556,0.0025148229443307216,0.0010067999749750138,0.0011895141761603895,0.0001827142011853757,3.9827285658148344e-05,4.7055147065863356e-05,7.227861407715012e-06,4.3441216362005846e-05,False
8,18,2800,4316,7044.453483104706,7716.778661251068,0.047917567566170265,0.04591229875690899,0.021878721691414308,0.021716570685253036,-0.00016215100616127215,0.0008654848234980432,0.0008590704069280573,-6.4144165699859135e-06,0.0008622776152130503,False
8,19,124,60,504.7147967815399,120.19751417636871,0.0034331556641589737,0.0007151357351240343,0.0015675473759328832,0.0003382600340618852,-0.001229287341870998,6.200949411575936e-05,1.338098861559073e-05,-4.862850550016863e-05,3.769524136567504e-05,False
8,20,285,168,666.2986841201782,263.7025992870331,0.004532276675849038,0.0015689438628367842,0.0020693959450770747,0.0007421122710254564,-0.0013272836740516182,8.18617654876719e-05,2.9356692633292495e-05,-5.25050728543794e-05,5.56092290604822e-05,False
8,21,114,94,195.7969833612442,142.7344959974289,0.0013318442945171878,0.0008492233755591935,0.0006081078847710899,0.0004016836438651459,-0.00020642424090594404,2.405570822382233e-05,1.5889918182427567e-05,-8.165790041394763e-06,1.9972813203124947e-05,False
8,22,524,432,883.1909229755402,907.2538936138153,0.006007614476695621,0.005397862714545362,0.0027430216482384803,0.002553195339017439,-0.00018982630922104128,0.00010850924658951256,0.00010100004234766101,-7.509204241851552e-06,0.0001047546444685868,False
8,23,1237,650,2618.8580224514008,1511.163607954979,0.017813916514317737,0.008990927184083472,0.008133670831947801,0.004252719010061106,-0.0038809518218866955,0.0003217541117652229,0.0001682302930547301,-0.0001535238187104928,0.0002449922024099765,False
8,24,958,764,2270.8751121759415,1387.5852341651917,0.01544687772912472,0.008255676444572195,0.007052902640980955,0.00390494455554028,-0.0031479580854406747,0.00027900076994780273,0.00015447293023283353,-0.0001245278397149692,0.00021673685009031813,False
8,25,267,361,582.5209577083588,652.9061043262482,0.003962406369301254,0.003884576898979817,0.001809198391853143,0.001837409389053986,2.8210997200843035e-05,7.15687951485954e-05,7.26847739647918e-05,1.1159788161964085e-06,7.21267845566936e-05,False
8,26,4271,3746,10275.991321325302,7827.625880241394,0.06989903611826655,0.04657180330641894,0.03191525854516362,0.022028517103847976,-0.009886741441315641,0.001262513061706658,0.0008714104739048421,-0.00039110258780181595,0.0010669617678057501,False
8,27,241,431,529.043541431427,750.3692456483841,0.0035986439122334397,0.004464450581846767,0.0016431077915950749,0.002111690315155581,0.0004685825235605063,6.499853497176576e-05,8.353485845620313e-05,1.853632348443737e-05,7.426669671398443e-05,False
8,28,12954,16573,29723.465983748436,32564.12533724308,0.2021840577119273,0.1937458513289203,0.09231538564664353,0.09164201290892388,-0.0006733727377196547,0.0036518388221873418,0.003625201347965875,-2.663747422146671e-05,0.003638520085076608,True
8,29,81,15,163.54067409038544,25.341310143470764,0.0011124314071116986,0.0001507724729803111,0.0005079259735664935,7.131555499330364e-05,-0.0004366104185731898,2.0092683100163843e-05,2.821121425492865e-06,-1.7271561674670978e-05,1.1456902262828354e-05,False
8,30,96,109,221.39542889595032,217.4714002609253,0.0015059692633937803,0.001293883411480951,0.0006876117479068043,0.0006120083577752476,-7.560339013155666e-05,2.7200745119667512e-05,2.4210004267127596e-05,-2.990740852539916e-06,2.5705374693397554e-05,False
8,31,1575,1915,3311.268885731697,3497.5760484933853,0.022523812662309767,0.020809428844937677,0.01028416619828882,0.009842884034701661,-0.0004412821635871589,0.00040682403170032587,0.00038936766378030514,-1.7456367920020734e-05,0.0003980958477403155,False
9,0,221,141,513.5781071186066,253.23051810264587,0.0024008835381622456,0.0014692441338315274,0.00035340659427638744,0.00018391552700498676,-0.00016949106727140068,1.3805649855116883e-05,7.184567039415277e-06,-6.621082815701607e-06,1.049510844726608e-05,False
9,1,1035,1027,2747.0513768196106,2049.3788751363754,0.012841961792520479,0.011890501638005032,0.0018903182552520205,0.0014884169517862518,-0.00040190130346576865,7.384432653323726e-05,5.814425539188167e-05,-1.5700071141355592e-05,6.599429096255947e-05,False
9,2,16369,19073,44923.72651600838,38445.561869859695,0.210010189239392,0.22306125135459418,0.030913196980493277,0.02792213128684584,-0.0029910656936474357,0.0012076084043898142,0.0010907639359251018,-0.0001168444684647124,0.001149186170157458,False
9,3,832,672,3067.934458255768,1085.210677266121,0.014342031396766533,0.006296395211331867,0.002111126337604868,0.0007881636665132734,-0.0013229626710915946,8.24700825873509e-05,3.0789214985325406e-05,-5.1680867602025494e-05,5.662964878633815e-05,False
9,4,41109,48235,111525.65878689289,93322.48670113087,0.5213620178757227,0.5414573139428198,0.07674373712585839,0.06777798525885897,-0.00896575186699941,0.0029979552744398928,0.0026477127125627037,-0.00035024256187718905,0.002822833993501298,True
9,5,1449,544,3332.3978810310364,983.3159574270248,0.015578349435612664,0.005705201778116541,0.0022931105699119116,0.0007141598646072304,-0.0015789507053046812,8.957920457622477e-05,2.789829389440981e-05,-6.168091068181496e-05,5.873874923531729e-05,False
9,6,7472,11052,21518.376903772354,22316.231646299362,0.1005944688064878,0.12947883486247244,0.014807360731522796,0.016207768063448223,0.0014004073319254275,0.0005784420575297387,0.0006331482616363343,5.4706204106595626e-05,0.0006057951595830365,False
9,7,14516,10303,36724.53441178799,19253.91257226467,0.17168046864500058,0.11171125151921169,0.02527111738791207,0.01398367583878903,-0.01128744154912304,0.0009872034188253415,0.0005462652238084681,-0.0004409381950168734,0.0007667343213169048,False
9,8,233,127,586.0740543603897,312.5490309000015,0.002739788806715836,0.0018134103015119882,0.0004032929610401529,0.0002269972046164331,-0.0001762957564237198,1.5754435540609402e-05,8.86753098493098e-06,-6.886904555678422e-06,1.2310983262770191e-05,False
9,9,246423,296079,693863.7609745264,666864.0321414471,3.243685932793006,3.8691468730870278,0.4774658912810357,0.4843280771642634,0.006862185883227678,0.01865196354438173,0.018920031365070093,0.0002680678206883613,0.018785997454725912,False
9,10,363,339,1031.1243979930878,593.7125257253647,0.004820317608217943,0.0034447216399514113,0.0007095438000940154,0.0004311998130256217,-0.0002783439870683937,2.7717969668970375e-05,1.684460259835436e-05,-1.0873367070616015e-05,2.228128613366237e-05,False
9,11,25171,19160,59781.19904947281,39702.041258215904,0.2794661507180119,0.23035134807932736,0.04113701434113872,0.028834683496634258,-0.012302330844504463,0.0016069966584566027,0.0011264123264387185,-0.00048058433201788415,0.0013667044924476606,False
9,12,4117,1726,11408.98956155777,3151.9424002170563,0.05333493551562757,0.018287578118118566,0.007850825588548358,0.002289183594334027,-0.0055616419942143315,0.0003066885307304869,8.942579926150823e-05,-0.00021726273146897867,0.00019805716499599757,False
9,13,1648,2131,5391.560820102692,4062.718593120575,0.02520455883645302,0.023571903991173457,0.0037100747108491125,0.0029506594889319618,-0.0007594152219171507,0.0001449321920525609,0.00011526602051464472,-2.9666171537916193e-05,0.0001300991062836028,False
9,14,16847,27554,49506.95224535465,65378.40856528282,0.2314359296530656,0.37932569890666357,0.034067035069300505,0.04748284115249258,0.013415806083192074,0.0013308114941424402,0.0018548931731725922,0.000524081679030152,0.0015928523336575162,True
9,15,13264,19400,40412.73007333279,39827.6020359993,0.18892210750496732,0.2310798520431458,0.027809061762302,0.02892587541453662,0.0011168136522346217,0.0010863469321384773,0.001129974692587416,4.3627760448938704e-05,0.0011081608123629466,False
9,16,1355,1560,3498.8499702215195,2950.171330332756,0.016356482450417854,0.017116901838554764,0.0024076506274720616,0.0021426418862880436,-0.000265008741184018,9.405365399134712e-05,8.370122155634122e-05,-1.0352432435005907e-05,8.887743777384418e-05,False
9,17,11160,15021,32130.68201971054,29238.893573522568,0.15020505053038288,0.16964413762013117,0.022109966813170782,0.02123553891098301,-0.0008744279021877729,0.0008637146705082996,0.0008295555867881253,-3.415908372017432e-05,0.0008466351286482124,False
9,18,978,694,2476.0931507349014,1371.4220572710037,0.011575281738368198,0.007956994392894755,0.0017038647780798445,0.0009960324383454493,-0.0007078323397343952,6.656061575421609e-05,3.8909503418551016e-05,-2.7651112335665072e-05,5.273505958638355e-05,False
9,19,1620,2142,4272.414090871811,4425.265999078751,0.01997275295969275,0.025675404996624827,0.0029399604310717943,0.0032139693685257834,0.00027400893745398907,0.00011484806723083702,0.0001255520877809005,1.0704020550063466e-05,0.00012020007750586876,False
9,20,695,334,1696.0003625154495,665.9884462356567,0.007928490904578558,0.0038640667213526046,0.0011670624267277854,0.0004836921591694335,-0.000683370267558352,4.5590703409077054e-05,1.8895189550244412e-05,-2.6695513858832642e-05,3.224294647966073e-05,False
9,21,356,329,1064.1628992557526,572.1025788784027,0.0049747665473522705,0.003319340671357254,0.0007322784611891738,0.00041550500343992335,-0.00031677345774925046,2.860608770563904e-05,1.623149280020094e-05,-1.23745949054381e-05,2.2418790252919988e-05,False
9,22,1264,347,2827.5338745117188,668.6266071796417,0.013218202720902846,0.00387937333810676,0.0019457003772972976,0.0004856081950563099,-0.0014600921822409878,7.600780111909202e-05,1.897003852304928e-05,-5.703776259604274e-05,4.748891982107065e-05,False
9,23,10634,10589,32146.374530911446,18964.552113175392,0.15027841014461188,0.11003238137249663,0.022120765242586455,0.013773519962923239,-0.008347245279663216,0.0008641365056916618,0.0005380555908129686,-0.00032608091487869317,0.0007010960482523151,False
9,24,3059,1622,7774.946109294891,3156.684222340584,0.03634644831072166,0.01831509018258404,0.005350144772689453,0.0022926274711674625,-0.00305751730152199,0.0002090006994837491,8.956033256812043e-05,-0.00011944036691562867,0.00014928051602593477,False
9,25,7857,6869,22349.264845490456,14199.848902106285,0.10447871767472822,0.08238756077676614,0.01537911656308533,0.010313025119521617,-0.0050660914435637135,0.000600777409900103,0.00040287311004669966,-0.00019790429985340339,0.0005018252599734013,False
9,26,397,391,1188.5317516326904,673.6938608884811,0.005556168141760504,0.0039087735574884165,0.0008178599373918693,0.0004892884253986552,-0.00032857151199321415,3.19492847870563e-05,1.9113804859941283e-05,-1.2835479927115015e-05,2.5531544823498792e-05,False
9,27,29622,49783,94377.76454269886,133812.54797422886,0.44119875461667435,0.7763807562265986,0.06494382038514589,0.09718498964877818,0.0322411692636323,0.0025369974952695194,0.0037964824652221693,0.0012594849699526498,0.0031667399802458446,True
9,28,987,439,2240.23950779438,875.8605200052261,0.010472709177539157,0.0050817450468220796,0.0015415676872499208,0.0006361174408462415,-0.0009054502464036793,6.022056198954378e-05,2.484960608343408e-05,-3.53709559061097e-05,4.253508403648893e-05,False
9,29,1251,1504,3734.977761030197,2734.0248359441757,0.017460336602293236,0.01586281930810737,0.002570136366655703,0.0019856596365828852,-0.0005844767300728177,0.00010040107720854055,7.756878937200281e-05,-2.283228783653774e-05,8.898493329027169e-05,False
9,30,43149,57261,124479.7445936203,134296.0700532198,0.5819199952003489,0.7791861526040111,0.08565778405165998,0.09753616066340336,0.011878376611743374,0.0033461780089411443,0.00381020078328895,0.0004640227743478056,0.003578189396115047,True
9,31,10219,14525,30628.400743484497,30676.844691634178,0.1431821608554001,0.17798713379946843,0.021076207581386355,0.0222798898828817,0.0012036823014953436,0.0008233313889859719,0.0008703526292807974,4.702124029482555e-05,0.0008468420091333846,False
10,0,20576,31907,50924.2624502182,60499.7700291872,0.5840017227865083,0.6641988693907008,0.09218965712241196,0.09733681475200716,0.005147157629595195,0.0020151225133729516,0.002127631373293151,0.00011250885992019916,0.002071376943333051,True
10,1,729,800,1789.9211057424545,1451.7489626407623,0.020526895415076286,0.015938077436656855,0.0032403456638351045,0.0023356885451764568,-0.0009046571186586477,7.08289161942997e-05,5.105451867949471e-05,-1.9774397514804992e-05,6.09417174368972e-05,False
10,2,762,1548,2419.3090401887894,2648.804191470146,0.027744744438948137,0.02907999069026307,0.004379744745565783,0.004261605668502299,-0.00011813907706348381,9.573440790540595e-05,9.315207143371672e-05,-2.5823364716892253e-06,9.444323966956134e-05,False
10,3,98,139,192.68699073791504,287.3767582178116,0.0022097430406477726,0.003154975924790298,0.00034882680186959963,0.0004623544563092495,0.00011352765443964986,7.624811325439123e-06,1.0106349271154587e-05,2.481537945715464e-06,8.865580298296854e-06,False
10,4,602,778,1426.2465955018997,1318.698094367981,0.016356259841872934,0.01447737376397184,0.0025819752370466417,0.002121625785740949,-0.00046034945130569256,5.643796269071127e-05,4.6375439710359875e-05,-1.0062522980351394e-05,5.140670120053557e-05,False
10,5,447,640,1601.5797064304352,1374.6983469724655,0.018366987811549083,0.015092174521851548,0.0028993858111223837,0.0022117234210079694,-0.0006876623901144142,6.33760641412173e-05,4.83448338798941e-05,-1.5031230261323205e-05,5.58604490105557e-05,False
10,6,442,703,1200.6998227834702,1238.292312502861,0.013769679349612205,0.013594636038166878,0.002173661426663915,0.001992262604845886,-0.00018139882181802914,4.751285788496514e-05,4.354776178682624e-05,-3.9650960981389e-06,4.553030983589569e-05,False
10,7,65,56,178.66453194618225,97.04394519329071,0.002048932855128047,0.0010654003915634847,0.0003234415413705061,0.0001561319739153755,-0.00016730956745513058,7.069929015033778e-06,3.4128021029133865e-06,-3.6571269121203912e-06,5.241365558973582e-06,False
10,8,13367,23927,36455.19042158127,42167.17580533028,0.41806975666119744,0.46293383399288196,0.06599587983396338,0.06784188729971431,0.0018460074657509346,0.0014425672835152003,0.0014829181354459092,4.03508519307089e-05,0.0014627427094805548,True
10,9,240,279,725.5040009021759,557.99010014534,0.008320112379233089,0.0061259140897385305,0.0013134007615621948,0.0008977386027268931,-0.0004156621588353017,2.8708897790896934e-05,1.9623169517561255e-05,-9.085728273335679e-06,2.4166033654229094e-05,False
10,10,87146,166999,242405.28142917156,289522.2493636608,2.7799146252844356,3.1785302753716858,0.4388332536276399,0.4658062921445733,0.02697303851693339,0.00959221236529341,0.010181801033546893,0.0005895886682534841,0.00988700669942015,False
10,11,13231,25128,38427.71389067173,41727.81837952137,0.44069074415830184,0.45811033292271425,0.0695667958086253,0.0671350143257303,-0.0024317814828950096,0.0015206219525367973,0.0014674669917012408,-5.3154960835556436e-05,0.0014940444721190192,True
10,12,9658,9813,22673.945820331573,19738.239577889442,0.2600258262824354,0.21669696273344796,0.0410472963222967,0.031756440865756665,-0.009290855456540036,0.0008972300528498456,0.0006941464035191199,-0.00020308364933072575,0.0007956882281844827,False
10,13,307,375,761.9895685911179,771.4474420547485,0.008738530503757043,0.008469363082866516,0.0013794516342370466,0.0012411656560341747,-0.00013828597820287193,3.015266713237837e-05,2.712995073816951e-05,-3.0227163942088604e-06,2.864130893527394e-05,False
10,14,394,658,982.9943350553513,1092.9918648004532,0.011273023064848404,0.011999449923585898,0.0017795429200494564,0.0017584917532447993,-2.1051166804657122e-05,3.8898040340290196e-05,3.843789457681798e-05,-4.6014576347221423e-07,3.866796745855409e-05,False
10,15,641,910,1955.2693527936935,1531.207979440689,0.02242311651856404,0.01681042106864003,0.003539680351624584,0.002463528495558083,-0.0010761518560665011,7.737190688572946e-05,5.384890115322959e-05,-2.3523005732499875e-05,6.561040401947952e-05,False
10,16,16553,25099,44205.760363817215,44765.31460618973,0.5069536399234817,0.49145759289673285,0.08002695954133267,0.07202197848084199,-0.008004981060490676,0.001749264862048406,0.001574288426972835,-0.00017497643507557092,0.0016617766445106204,True
10,17,593,1228,1638.3180562257767,2127.585627555847,0.01878830485259188,0.023357774214228424,0.002965894302515591,0.0034230280214045073,0.00045713371888891647,6.482983631610418e-05,7.482206838755866e-05,9.992232071454483e-06,6.982595235183142e-05,False
10,18,1590,2697,4170.938257932663,4770.557555317879,0.04783250676728055,0.05237373519067524,0.007550769503111673,0.0076752502827985205,0.0001244807796868478,0.00016504807690960786,0.00016776903313679185,2.720956227183997e-06,0.00016640855502319987,False
10,19,17,13,29.88880956172943,28.929834842681885,0.0003427662068380739,0.00031760721710014675,5.410857168499056e-05,4.654460626097888e-05,-7.563965424011678e-06,1.1827292168371826e-06,1.0173926976215687e-06,-1.6533651921561387e-07,1.1000609572293757e-06,False
10,20,66,49,148.31572997570038,126.02554297447205,0.0017008914347423495,0.0013835758899184377,0.0002685002321965189,0.0002027598604855739,-6.574037171094501e-05,5.868997451922777e-06,4.4320151785607255e-06,-1.4369822733620519e-06,5.150506315241752e-06,False
10,21,11,9,28.810962915420532,14.28962755203247,0.00033040541321913044,0.00015687918250755848,5.2157314897503535e-05,2.299028292564319e-05,-2.9167031971860344e-05,1.1400777784375816e-06,5.025318257856351e-07,-6.375459526519465e-07,8.213048021116084e-07,False
10,22,95,58,268.3744339942932,105.36241388320923,0.0030777300301155315,0.0011567249948841306,0.0004858459575048644,0.00016951538422421383,-0.0003163305732806506,1.0619836948729459e-05,3.7053426357763875e-06,-6.9144943129530715e-06,7.162589792252923e-06,False
10,23,1086,567,2634.3719638586044,1101.0596653223038,0.030211095680725174,0.012088022557539675,0.004769079342453573,0.0017714718687803239,-0.0029976074736732493,0.00010424465662432472,3.8721619713218985e-05,-6.552303691110574e-05,7.148313816877185e-05,False
10,24,624,511,1359.7840476036072,954.9415258169174,0.015594064365574634,0.010483859384520516,0.0024616561748272295,0.0015363854499380338,-0.0009252707248891957,5.380797513425126e-05,3.35829962495446e-05,-2.022497888470666e-05,4.3695485691897936e-05,False
10,25,1473,2102,4775.060277581215,3855.2846900224686,0.05476060514853668,0.04232537960155622,0.008644428972523594,0.006202686911172179,-0.0024417420613514146,0.000188953771838586,0.00013558108825060543,-5.337268358798056e-05,0.0001622674300445957,False
10,26,1653,1944,4681.07481944561,3809.0792994499207,0.05368277570482645,0.04181811208362621,0.008474284394219994,0.006128348024585759,-0.0023459363696342345,0.0001852346759988795,0.00013395615581615172,-5.127852018272779e-05,0.00015959541590751563,False
10,27,1332,2581,4016.616534948349,4349.661357998848,0.046062738335694055,0.047752911371753665,0.00727139644901253,0.006998079193247238,-0.0002733172557652921,0.0001589414164824255,0.00015296712638766325,-5.974290094762239e-06,0.00015595427143504437,False
10,28,20950,36109,55597.43213248253,62796.83097267151,0.6375938420240517,0.6894172343670927,0.1006496306194057,0.10103250806492613,0.0003828774455204298,0.0022000443754175616,0.0022084134808510103,8.369105433448688e-06,0.002204228928134286,True
10,29,10,4,13.75333285331726,4.449378132820129,0.00015772383720324553,4.884765551811372e-05,2.4898054071518308e-05,7.158511426853483e-06,-1.7739542644664826e-05,5.442327356969451e-07,1.5647392547881705e-07,-3.877588102181281e-07,3.5035333058788107e-07,False
10,30,177,228,415.1245849132538,381.67857217788696,0.0047606673341095305,0.0041902717314281895,0.0007515119769019351,0.0006140746726304324,-0.00013743730427150265,1.6426882917176445e-05,1.3422717215084206e-05,-3.0041657020922388e-06,1.4924800066130325e-05,False
10,31,8776,14512,24280.970311284065,26334.14430141449,0.2784552551267671,0.2891103365009941,0.04395653898345564,0.04236845403350774,-0.0015880849499479016,0.0009608215724015678,0.0009261085054949464,-3.471306690662143e-05,0.000943465038948257,False
11,0,2737,3602,7773.726462841034,6692.980551838875,0.05771986384285419,0.04655438658700851,0.008341613887392706,0.008201257647429289,-0.00014035623996341666,0.00026984830227143314,0.00026530782682164365,-4.540475449789491e-06,0.0002675780645465384,False
11,1,913,864,2381.1961566209793,1592.6224818229675,0.017680364571647164,0.011077809375312865,0.00255514765326801,0.0019515232723827085,-0.0006036243808853013,8.265813613469983e-05,6.31310977713291e-05,-1.952703836337074e-05,7.289461695301447e-05,False
11,2,4246,3828,10350.649931430817,7636.785960316658,0.07685350231745759,0.05311921693559099,0.011106787153404532,0.009357751568786479,-0.001749035584618053,0.00035930069378614925,0.0003027200021486671,-5.6580691637482126e-05,0.0003310103479674082,False
11,3,289,174,655.8202077150345,328.26607263088226,0.004869460390154999,0.002283321388773252,0.0007037292833055489,0.00040224151522686406,-0.0003014877680786848,2.2765397070907926e-05,1.301237283963825e-05,-9.753024231269675e-06,1.788888495527309e-05,False
11,4,4448,5444,10688.522655844688,10578.30923974514,0.07936220489949514,0.07357957997483135,0.011469342206455875,0.01296215324060608,0.0014928110341502054,0.00037102922340482403,0.00041932114012687777,4.829191672205374e-05,0.0003951751817658509,False
11,5,246,204,577.0968796014786,461.38997423648834,0.004284940237343996,0.0032092917440308248,0.0006192550468897467,0.0005653651650929371,-5.3889881796809615e-05,2.0032684961452463e-05,1.828936606551845e-05,-1.7433188959340126e-06,1.9161025513485457e-05,False
11,6,5822,8662,16790.102869987488,16479.0986276865,0.12466639470730898,0.11462371990726614,0.01801665596808944,0.02019269779678705,0.002176041828697607,0.0005828325419071915,0.0006532267367323865,7.039419482519503e-05,0.0006180296393197889,False
11,7,1066,1201,2739.5650869607925,2547.579312324524,0.020341251337292844,0.017720205706325553,0.0029396962041363848,0.0031216816119230724,0.00018198540778668762,9.509814774319752e-05,0.00010098531226463784,5.8871645214403145e-06,9.804173000391769e-05,False
11,8,2408,3849,6805.0556210279465,6915.188976764679,0.050527489713759796,0.04810000245078746,0.007302179558823937,0.008473541203332538,0.0011713616445086002,0.00023622296397678326,0.0002741161049664723,3.7893140989689024e-05,0.0002551695344716278,False
11,9,22165,20789,53189.58006346226,41434.242433428764,0.3949322546653664,0.2882042948198472,0.05707519319631558,0.0507715351913333,-0.006303658004982275,0.0018463626096524854,0.001642441469965705,-0.0002039211396867805,0.0017444020398090952,True
11,10,15904,29595,50402.00435876846,46916.5486741066,0.3742345248319744,0.3263375901641409,0.05408397909564164,0.05748929055214266,0.0034053114565010256,0.001749597875909873,0.0018597585148038753,0.00011016063889400236,0.001804678195356874,True
11,11,177324,253189,496713.070994854,461078.5401983261,3.6880910286507493,3.2071255012789353,0.5329990283123346,0.5649835487461742,0.03198452043383959,0.017242332820005753,0.018277020909690914,0.001034688089685161,0.017759676864848334,False
11,12,6829,6867,18272.253371953964,12642.409749031067,0.1356713516706207,0.08793685059880424,0.019607080749500027,0.015491403095096234,-0.004115677654403793,0.0006342822293355083,0.0005011414914962897,-0.00013314073783921856,0.0005677118604158989,False
11,13,424,261,973.8788566589355,550.6038891077042,0.007231043602381223,0.0038298372617843377,0.0010450228000916,0.0006746836213364177,-0.00037033917875518233,3.380612340087585e-05,2.182578002838741e-05,-1.198034337248844e-05,2.781595171463163e-05,False
11,14,1879,2436,5248.385825276375,4520.033470988274,0.03896922752270414,0.03144001151128278,0.005631791689068555,0.005538632419960355,-9.315926910820078e-05,0.00018218649850700898,0.00017917282861661885,-3.0136698903901276e-06,0.00018067966356181392,False
11,15,4332,6332,12346.356047391891,11194.811237454414,0.09167160607171883,0.07786778492488683,0.013248283890089476,0.013717585246452784,0.00046930135636330875,0.0004285773669234228,0.0004437591022540068,1.5181735330583983e-05,0.0004361682345887148,False
11,16,22689,27380,65125.528389811516,46928.08678627014,0.48355658631961373,0.3264178458484336,0.06988308819933695,0.05750342880189332,-0.012379659397443628,0.00226069354955126,0.001860215882256242,-0.00040047766729501785,0.002060454715903751,True
11,17,3744,4654,10215.614493131638,8469.463630795479,0.07585086514597418,0.058911075715636335,0.01096188708613423,0.010378074885127476,-0.0005838122010067542,0.00035461322710646947,0.0003357271058577835,-1.8886121248685972e-05,0.0003451701664821265,False
11,18,935,1109,2448.696445584297,2031.2248388528824,0.01818155373837945,0.014128597216244775,0.002627578983404323,0.002488965583310059,-0.0001386134000942638,8.500126442287034e-05,8.051716923548217e-05,-4.48409518738817e-06,8.275921682917626e-05,False
11,19,374,486,1061.350664615631,793.2257008552551,0.007880521155969284,0.005517442586654525,0.0011388846116043574,0.0009719807632623806,-0.00016690384834197678,3.684252029322298e-05,3.144323896401623e-05,-5.39928132920675e-06,3.4142879628619604e-05,False
11,20,201,162,495.48859190940857,291.3057065010071,0.0036789992801272873,0.0020262360499050795,0.000531685098398181,0.00035695205367432096,-0.00017473304472386008,1.719982764517695e-05,1.1547274541428594e-05,-5.652553103748357e-06,1.4373551093302773e-05,False
11,21,92,34,208.03536665439606,63.536454916000366,0.001544661121688292,0.00044194072605139196,0.0002232327972753149,7.78545272520222e-05,-0.00014537827002329272,7.2215031970120735e-06,2.518566824922876e-06,-4.702936372089197e-06,4.870035010967475e-06,False
11,22,271,75,521.8209198713303,196.96096622943878,0.003874516628453438,0.0013700020332311825,0.0005599410595082751,0.00024134652984916276,-0.0003185945296591124,1.8113898140112047e-05,7.807476133285129e-06,-1.0306422006826918e-05,1.2960687136698589e-05,False
11,23,2991,1522,6560.812887907028,3246.9813019037247,0.04871398915289831,0.02258503839938443,0.007040094369148816,0.00397869529532422,-0.003061399073824596,0.00022774459942538546,0.00012870940626025096,-9.90351931651345e-05,0.0001782270028428182,False
11,24,5815,4706,14821.343281149864,9225.705018520355,0.11004836872579137,0.06417126639519342,0.015904074260244844,0.011304736843330412,-0.004599337416914432,0.0005144912598762469,0.0003657042972713678,-0.0001487869626048791,0.00044009777857380734,False
11,25,8310,9570,21433.172595500946,17989.973600506783,0.15914115448314642,0.12513291786840264,0.022998911915428365,0.02204405158889503,-0.0009548603265333369,0.0007440067855272577,0.0007131173867250907,-3.0889398802166944e-05,0.0007285620861261742,False
11,26,455,296,1408.0076814889908,527.5603613853455,0.010454447047206229,0.003669553321078669,0.0015108656685575929,0.0006464471866877588,-0.0008644184818698341,4.887597785323702e-05,2.0912341207674923e-05,-2.7963636645562095e-05,3.489415953045597e-05,False
11,27,2264,3232,6542.905492067337,5600.918815255165,0.048581026865816584,0.03895832921495628,0.0070208787995584224,0.006863097525902961,-0.0001577812736554612,0.00022712298244560855,0.00022201881322836625,-5.104169217242294e-06,0.0002245708978369874,False
11,28,15610,20853,42429.09995532036,36843.429874777794,0.3150357661930022,0.2562719649783671,0.04552863689102911,0.04514617346901269,-0.00038246342201642136,0.0014728355370589876,0.0014604629786421999,-1.2372558416787714e-05,0.0014666492578505937,True
11,29,164,215,350.2155418395996,345.6754820346832,0.0026003479138685076,0.0024044160743708926,0.00037579953981585116,0.0004235741712691593,4.777463145330815e-05,1.2156984149908923e-05,1.3702476828346497e-05,1.5454926784375736e-06,1.292973048912771e-05,False
11,30,7372,8012,20487.441309928894,14977.77978003025,0.15211910639641757,0.10418099151700534,0.02198409292698322,0.018353053622535316,-0.0036310393044479035,0.0007111777449073578,0.0005937148887966236,-0.0001174628561107342,0.0006524463168519907,False
11,31,14234,20441,41904.35771167278,36990.7359367609,0.3111395587562329,0.2572965822326765,0.044965561098764546,0.04532667525861071,0.00036111415984616674,0.001454620231406639,0.001466302148632266,1.1681917225626979e-05,0.0014604611900194526,True
12,0,34573,53300,95232.20495045185,92833.30782878399,0.557929374370554,0.5874928906190713,0.06132344292764484,0.0733726006555177,0.012049157727872864,0.0024184004010121573,0.0028935806337223166,0.00047518023271015926,0.002655990517367237,True
12,1,5972,8008,16328.66457593441,15661.91660451889,0.09566345351236655,0.0991159840560015,0.010514614575268413,0.01237869876017795,0.0018640841849095376,0.00041466276013433216,0.0004881762767453406,7.351351661100846e-05,0.0004514195184398364,False
12,2,771,892,1750.973739027977,2462.139006137848,0.010258291123926285,0.015581575144232787,0.0011275149851770556,0.00194599919232558,0.0008184842071485244,4.4465583830913114e-05,7.67439824382062e-05,3.227839860729309e-05,6.060478313455966e-05,False
12,3,31267,34089,88021.76174712181,59857.26455080509,0.5156861220226596,0.37880495910326095,0.05668037913958607,0.04730934694601227,-0.009371032193573797,0.0022352928194594524,0.0018657292898713218,-0.00036956352958813056,0.0020505110546653873,True
12,4,7905,8449,18459.14521598816,39849.26933383942,0.10814513165089343,0.2521849428566451,0.011886507707499923,0.03149564088181071,0.01960913317431079,0.00046876583626215404,0.0012420873144480381,0.0007733214781858841,0.0008554265753550961,False
12,5,13520,17456,37727.18989670277,34625.1179292202,0.2210292985107092,0.21912405251982786,0.0242938948820369,0.027366631760622873,0.0030727368785859743,0.000958073492288859,0.0010792524043754664,0.00012117891208660741,0.0010186629483321628,False
12,6,709,900,2002.4551538228989,2029.482339143753,0.011731625365166982,0.012843520001279436,0.0012894529156866293,0.001604040626044027,0.00031458771035739776,5.085189773284968e-05,6.32582305895924e-05,1.2406332856742727e-05,5.705506416122104e-05,False
12,7,4893,4593,14500.871480226517,10093.111364245415,0.08495510690947415,0.06387396193677577,0.009337632842602415,0.007977285812827929,-0.0013603470297744863,0.0003682463660381641,0.00031459863125256175,-5.3647734785602355e-05,0.00034142249864536293,False
12,8,3386,5205,8303.714243292809,9011.888623833656,0.04864831277531219,0.057031475247201806,0.005347060343199814,0.007122720504240501,0.001775660161040687,0.00021087095343763125,0.00028089730943641096,7.002635599877971e-05,0.00024588413143702113,False
12,9,2878,2431,6055.926541566849,14713.861740708351,0.035479377048219796,0.09311624640329635,0.0038996289736124836,0.011629385258927016,0.007729756285314532,0.00015378889089300607,0.00045862574948536244,0.00030483685859235634,0.00030620732018918427,False
12,10,8748,11531,23492.35680794716,20643.716956734657,0.1376328096484507,0.13064316280103025,0.0151275737309407,0.016316161038941103,0.0011885873080004026,0.0005965831112974825,0.0006434571921558863,4.6874080858403766e-05,0.0006200201517266844,False
12,11,6932,8763,19515.209251999855,15382.424185156822,0.11433221035198834,0.09734722440283931,0.012566545334203998,0.012157796519896699,-0.0004087488143072991,0.0004955843446597492,0.0004794645991066438,-1.6119745553105403e-05,0.0004875244718831965,False
12,12,334051,349733,849250.5676963329,649292.9349933863,4.975437019075391,4.10903146897811,0.5468629939471852,0.5131812314130139,-0.03368176253417132,0.021566526938499374,0.02023822597999733,-0.001328300958502046,0.02090237645924835,False
12,13,2331,2908,5460.955048561096,5263.161776781082,0.03199366469877116,0.03330776634330157,0.0035165054240328328,0.004159841723461744,0.0006433362994289109,0.00013867972379953653,0.0001640508492655396,2.5371125466003064e-05,0.00015136528653253808,False
12,14,1000,1380,2690.398543715477,3901.0944710969925,0.015762024801206746,0.02468796298446915,0.0017324444145128662,0.003083305479916314,0.0013508610654034477,6.832206521301553e-05,0.00012159570391164553,5.327363869863e-05,9.495888456233052e-05,False
12,15,3418,3374,9247.579571604729,6629.874592423439,0.0541780617965505,0.04195696867689438,0.005954849185453688,0.005240049635667714,-0.000714799549785974,0.00023484020091729056,0.00020665079348487753,-2.8189407432413027e-05,0.00022074549720108404,False
12,16,11411,16271,31711.70847249031,30531.013066887856,0.18578687406726865,0.1932146288838056,0.020420309974579078,0.024130776784306026,0.0037104668097269478,0.0008053116960439264,0.0009516406363673458,0.00014632894032341932,0.0008784761662056361,False
12,17,1419,1776,3756.675335288048,3051.306888818741,0.022008936164200483,0.019310106967040396,0.002419058401945933,0.0024116594255549134,-7.398976391019725e-06,9.539992423844416e-05,9.510813228064046e-05,-2.9179195780369943e-07,9.525402825954231e-05,False
12,18,1867,2081,4429.0285568237305,4073.3372900485992,0.02594799871601899,0.025777996658383776,0.0028520108304811494,0.0032194409238242854,0.0003674300933431359,0.0001124741829036689,0.00012696445029021175,1.4490267386542844e-05,0.00011971931659694032,False
12,19,345,320,835.3472579717636,604.3115451335907,0.004893982799881949,0.0038243680505256113,0.0005379101526174733,0.00047762931979525715,-6.028083282221615e-05,2.1213455518691457e-05,1.883617232468353e-05,-2.377283194007928e-06,2.002481392168749e-05,False
12,20,13612,16350,39541.45877933502,29097.109235167503,0.23165841187791134,0.18414021015770746,0.025462167887344154,0.022997463152766844,-0.0024647047345773103,0.0010041464420392564,0.0009069463724751379,-9.720006956411844e-05,0.0009555464072571972,False
12,21,2398,2410,7011.14815723896,4360.922830104828,0.04107565825051325,0.027597973390652,0.004514730537861664,0.0034467397186034635,-0.0010679908192582003,0.00017804652873305016,0.00013592838757423104,-4.211814115881912e-05,0.0001569874581536406,False
12,22,9108,8537,22820.402205109596,18576.632218837738,0.13369608245241832,0.1175616771120641,0.01469487798732627,0.014682400629643266,-1.2477357683003329e-05,0.0005795189754643384,0.0005790269083953099,-4.920670690285482e-07,0.0005792729419298241,False
12,23,5330,5261,12755.402989149094,10515.710252404213,0.07472906894556244,0.06654836671867495,0.008213662884642507,0.008311295019044398,9.763213440189093e-05,0.0003239205867393231,0.000327770885772073,3.850299032749909e-06,0.00032584573625569807,False
12,24,36339,29897,88094.94001603127,61354.827313661575,0.5161148457491701,0.3882822415249614,0.05672750125966454,0.04849297464522448,-0.00823452661444006,0.0022371511651206504,0.001912407779626069,-0.0003247433854945813,0.0020747794723733597,True
12,25,2860,3700,8388.101668953896,6533.059001088142,0.04914270670043792,0.041344274020839775,0.005401400442581436,0.005163529560207578,-0.0002378708823738574,0.00021301395311053956,0.00020363308651437002,-9.380866596169548e-06,0.0002083235198124548,False
12,26,16207,20558,44824.00857758522,38619.38868165016,0.26260686787084425,0.24440167889276962,0.02886379175223295,0.030523580916938388,0.0016597891647054386,0.0011382956046791619,0.0012037523792809304,6.545677460176856e-05,0.001171023991980046,False
12,27,3942,4066,10332.363306879997,9929.349805951118,0.060533398324402375,0.06283760167444363,0.006653380459759489,0.007847853697346129,0.0011944732375866402,0.0002623880396107884,0.00030949424270160637,4.710620309081797e-05,0.00028594114115619736,False
12,28,19011,22630,51030.944362044334,40948.12441718578,0.2989709508066878,0.2591390153160394,0.03286066101018904,0.0323641422537252,-0.0004965187564638443,0.0012959193412922395,0.001276338230017078,-1.9581111275161463e-05,0.0012861287856546586,False
12,29,2021,1824,6217.031700134277,3292.1750658750534,0.036423231077160535,0.020834434225290726,0.004003370381279135,0.002602034248763525,-0.00140133613251561,0.00015788012011832235,0.00010261590625434821,-5.526421386397414e-05,0.0001302480131863353,False
12,30,2004,2224,5467.198908567429,5348.419949293137,0.03203024510672037,0.03384732021022169,0.0035205260701256726,0.0042272271693825515,0.0007067010992568789,0.00013883828521844976,0.00016670831567083496,2.7870030452385204e-05,0.00015277330044464235,False
12,31,6842,8675,17693.682364940643,16145.004122972488,0.10366057508926553,0.1021731893767657,0.011393598638725683,0.012760516325469647,0.0013669176867439643,0.0004493270795212345,0.0005032339399966428,5.390686047540826e-05,0.00047628050975893866,False
13,0,1363,3195,3087.9949922561646,4966.721684813499,0.062036514465751785,0.10056260789416188,0.006809427906925685,0.015040076439770893,0.008230648532845207,8.027226900350306e-05,0.00017729845712568956,9.70261881221865e-05,0.0001287853630645963,False
13,1,13989,10076,37545.741122365,17122.943805933,0.7542780730234256,0.34669304890081964,0.08279320984197724,0.05185118073005214,-0.030942029111925104,0.0009759995851250893,0.0006112425279484531,-0.0003647570571766362,0.0007936210565367711,False
13,2,756,1881,1848.1049921512604,2799.233924269676,0.037127648317866496,0.05667687488733079,0.004075310270917537,0.008476555536128588,0.004401245265211051,4.8041393023210056e-05,9.992503856707224e-05,5.1883645543862185e-05,7.398321579514116e-05,False
13,3,108,112,323.02032709121704,186.21497631072998,0.006489341868940382,0.003770346887770047,0.0007123015533752944,0.0005638905611536538,-0.00014841099222164065,8.396896580107773e-06,6.647368241820257e-06,-1.749528338287516e-06,7.522132410964015e-06,False
13,4,7505,10053,20968.519594669342,19376.893643975258,0.421248697754428,0.3923294038568886,0.046238294703495705,0.05867652348264041,0.012438228779144703,0.0005450755748404703,0.0006917024075397526,0.00014662683269928232,0.0006183889911901114,False
13,5,1662,1467,5252.926571846008,2516.778226852417,0.10552907504029528,0.05095791510875192,0.011583381735093315,0.007621231733107019,-0.003962150001986296,0.00013654955266711544,8.984213830882651e-05,-4.670741435828893e-05,0.00011319584548797097,False
13,6,37,44,70.95189070701599,63.20106554031372,0.001425393501367797,0.0012796497117720923,0.00015645808553481515,0.00019138355581866705,3.4925470283851895e-05,1.8443907038137671e-06,2.256106164204764e-06,4.1171546039099695e-07,2.0502484340092657e-06,False
13,7,1773,688,4057.0234385728836,1110.647622346878,0.08150388645903683,0.022487594119912163,0.008946260823268227,0.003363229550152272,-0.005583031273115956,0.00010546211299931532,3.9647099706536344e-05,-6.581501329277898e-05,7.255460635292583e-05,False
13,8,712,1103,2100.4107282161713,1881.2303121089935,0.042196363935746155,0.03808979810841409,0.004631677015211567,0.005696684753133243,0.0010650077379216758,5.460006749234574e-05,6.715480612792346e-05,1.2554738635577719e-05,6.0877436810134606e-05,False
13,9,712,909,1802.364414215088,1634.6760259866714,0.03620873943623777,0.033097744280281165,0.003974446387181146,0.0049500765183349785,0.0009756301311538325,4.685236908189028e-05,5.835348861885612e-05,1.150111953696584e-05,5.26029288503732e-05,False
13,10,138,337,268.8488173484802,633.4873589277267,0.0054010591300711844,0.012826396348429438,0.000592846375783514,0.0019183072671524889,0.0013254608913689748,6.988711005552241e-06,2.2613775941973552e-05,1.5625064936421312e-05,1.4801243473762896e-05,False
13,11,199,162,425.8552408218384,325.8780245780945,0.008555251829685815,0.00659814382335408,0.0009390658237577314,0.000986813981279106,4.774815752137454e-05,1.1070084806978994e-05,1.1632959250671852e-05,5.628744436928576e-07,1.1351522028825424e-05,False
13,12,1270,1953,3946.2658762931824,3465.645470738411,0.07927881383690283,0.07016989650128375,0.008702026089280066,0.010494562832547506,0.0017925367432674397,0.00010258297593601568,0.0001237141184667824,2.1131142530766715e-05,0.00011314854720139903,False
13,13,79296,103316,250331.7634124756,184784.14232110977,5.029059341455994,3.7413763904096298,0.5520138795708976,0.5595577529267884,0.0075438733558907956,0.0065073611528384786,0.006596291359550341,8.893020671186212e-05,0.00655182625619441,False
13,14,59,93,164.8474920988083,206.0547572374344,0.003311716454811621,0.004172048500352586,0.00036351001730873864,0.0006239687859107044,0.00026045876860196574,4.285201971989036e-06,7.355594466529374e-06,3.070392494540338e-06,5.820398219259205e-06,False
13,15,89,58,208.84114348888397,149.1085228919983,0.004195530320347601,0.003019042111240976,0.0004605217023193633,0.00045152592080488035,-8.995781514482934e-06,5.428814648721492e-06,5.322768765939933e-06,-1.060458827815587e-07,5.375791707330713e-06,False
13,16,147,296,434.4191746711731,545.7179518938065,0.008727297641761382,0.011049304531176415,0.0009579504043004344,0.001652526602433585,0.0006945761981331506,1.1292703821389939e-05,1.9480646800163176e-05,8.187942978773237e-06,1.5386675310776556e-05,False
13,17,133,129,277.11228370666504,220.38309252262115,0.005567068677221467,0.004462158326209362,0.0006110683866897731,0.000667357417611731,5.6289030921957976e-05,7.203519383178839e-06,7.867077070237737e-06,6.635576870588978e-07,7.535298226708289e-06,False
13,18,484,394,1337.1638182401657,728.3821209669113,0.026863056048134475,0.014747757228249836,0.0029486189721451973,0.0022056647164670254,-0.0007429542556781719,3.4759503816780054e-05,2.6001260880036605e-05,-8.758242936743449e-06,3.038038234840833e-05,False
13,19,100,61,207.10553181171417,101.32731091976166,0.00416066261519015,0.002051602502340826,0.00045669445434138933,0.00030683629935001526,-0.00014985815499137407,5.3836975135626675e-06,3.6171094397537938e-06,-1.7665880738088737e-06,4.500403476658231e-06,False
13,20,1422,1411,6513.606283903122,2424.520747900009,0.13085559771595873,0.049089952039759605,0.014363343371852542,0.007341860424699012,-0.007021482947153531,0.00016932085612689533,8.654879720485806e-05,-8.277205892203727e-05,0.0001279348266658767,False
13,21,206,159,472.4991728067398,263.19470405578613,0.009492308712413052,0.005328977040269945,0.0010419217198790757,0.0007969982452702183,-0.0002449234746088574,1.2282591389749551e-05,9.395335175599956e-06,-2.8872562141495954e-06,1.0838963282674754e-05,False
13,22,134,90,401.47814881801605,218.62862467765808,0.008065526352630173,0.004426635123349937,0.0008853111865265216,0.0006620445911290136,-0.00022326659539750806,1.0436403569878192e-05,7.804447339455819e-06,-2.631956230422373e-06,9.120425454667005e-06,False
13,23,10482,14087,27873.414358854294,25886.189977645874,0.5599651156880875,0.5241249535997575,0.061464479726313144,0.07838777783515857,0.01692329810884543,0.000724567954634315,0.000924066584590886,0.00019949862995657095,0.0008243172696126004,False
13,24,2224,2108,6166.609418153763,3699.9245849847794,0.12388457731741111,0.0749134114793399,0.013598170453122168,0.011203999763004282,-0.0023941706901178857,0.00016030069067304723,0.0001320772457222638,-2.822344495078343e-05,0.00014618896819765552,False
13,25,68,49,154.29220354557037,122.6643191576004,0.0030996651682437286,0.002483618896498183,0.0003402342423737678,0.0003714483825827737,3.121414020900592e-05,4.010817795758214e-06,4.378782607753944e-06,3.6796481199572964e-07,4.194800201756079e-06,False
13,26,19546,27690,75131.70263624191,52466.49116063118,1.5093641567159437,1.0623037715807069,0.16567511084345296,0.1588774422362439,-0.0067976686072090675,0.0019530446972328864,0.001872911051573818,-8.013364565906834e-05,0.0019129778744033522,True
13,27,25,50,57.66688251495361,80.33045935630798,0.0011585033007841616,0.0016264733558368583,0.0001271629261340963,0.0002432542682741741,0.0001160913421400778,1.4990476077332188e-06,2.867578939971573e-06,1.368531332238354e-06,2.1833132738523956e-06,False
13,28,245,430,610.972249507904,680.646474480629,0.012274174307218498,0.013781240196532043,0.0013472727438319503,0.002061113075039079,0.0007138403312071287,1.588219180703432e-05,2.4297228117783487e-05,8.415036310749166e-06,2.0089709962408904e-05,False
13,29,100,33,255.9266276359558,43.9726026058197,0.005141457799421193,0.0008903256261480844,0.0005643512780039797,0.0001331565057227544,-0.0004311947722812253,6.652799356951999e-06,1.569702329335504e-06,-5.083097027616495e-06,4.111250843143751e-06,False
13,30,297,552,682.4304449558258,901.7657644748688,0.013709739256876219,0.01825830451956773,0.0015048472967317639,0.002730699823575828,0.001225852526844064,1.7739743876220005e-05,3.2190585435665645e-05,1.445084155944564e-05,2.4965164655942827e-05,False
13,31,212,344,508.2895348072052,625.4785515069962,0.010211321960667756,0.012664239776859628,0.0011208440919736236,0.0018940552386630537,0.0007732111466894301,1.3212959986019534e-05,2.2327883297041583e-05,9.11492331102205e-06,1.777042164153056e-05,False
14,0,169,219,481.3886159658432,366.65919399261475,0.005218170709560521,0.0021033094676445275,0.0008376314114398788,0.0005775724697893287,-0.00026005894165055015,2.3781128409061153e-05,1.6397815175039523e-05,-7.38331323402163e-06,2.0089471792050336e-05,False
14,1,534,698,1361.1539561748505,1205.474042892456,0.014754677343300536,0.006915099931917971,0.0023684509182049576,0.0018988985729193166,-0.00046955234528564104,6.724250624695393e-05,5.3911482045248566e-05,-1.333102420170537e-05,6.0576994146101254e-05,False
14,2,2268,4406,6758.708663344383,8438.231003761292,0.07326325220789816,0.04840519875451478,0.011760366758631012,0.01329215249841372,0.001531785739782708,0.00033388766013908266,0.0003773764702236074,4.3488810084524744e-05,0.00035563206518134506,False
14,3,112,37,348.96031498908997,88.52069282531738,0.003782670453935883,0.0005077914705329692,0.000607201980866029,0.00013944042866032938,-0.0004677615522056997,1.7239024325018117e-05,3.958842390694936e-06,-1.328018193432318e-05,1.0598933357856527e-05,False
14,4,11679,15102,31357.1435431242,30988.588662147522,0.33990610194202353,0.1777634189730684,0.054562421157490944,0.04881414671206264,-0.005748274445428303,0.001549077465498916,0.0013858786517363462,-0.00016319881376256973,0.001467478058617631,True
14,5,258,168,756.9696782827377,301.34530329704285,0.008205422546844572,0.0017286418555418751,0.001317151172686124,0.0004746880862019051,-0.0008424630864842189,3.739513674391667e-05,1.3476832623568866e-05,-2.3918304120347805e-05,2.5435984683742767e-05,False
14,6,7738,12482,23147.976621985435,22840.499794006348,0.25092012895254406,0.13102259604987312,0.04027821117237794,0.035979034736853245,-0.0042991764355246945,0.0011435355681457177,0.0010214779835445453,-0.00012205758460117244,0.0010825067758451316,False
14,7,1650,2034,5120.148852229118,3592.664938926697,0.05550154258568437,0.02060901868526791,0.00890922088232195,0.005659272686731579,-0.003249948195590372,0.0002529409987896502,0.00016067197173719644,-9.226902705245378e-05,0.00020680648526342333,False
14,8,101,122,277.5057199001312,229.5935595035553,0.0030081147980888655,0.0013170440434224098,0.0004828687262913584,0.0003616626049007859,-0.00012120612139057251,1.3709088541599903e-05,1.0267934953772275e-05,-3.441153587827628e-06,1.1988511747686088e-05,False
14,9,14971,25548,43934.571742773056,55792.551308870316,0.4762432841193125,0.3200492536793,0.07644754387485726,0.0878860865437923,0.011438542668935042,0.002170416286466837,0.0024951670638461948,0.0003247507773793579,0.0023327916751565156,True
14,10,380,650,1205.7865446805954,1135.345470905304,0.013070521031766398,0.006512813307636735,0.0020981067100840755,0.0017884299601338043,-0.0003096767499502712,5.956718481062298e-05,5.077517623108715e-05,-8.792008579535831e-06,5.5171180520855064e-05,False
14,11,1906,2697,6091.3886778354645,4826.930305480957,0.06602961708069342,0.02768927761124921,0.010599208885750328,0.007603524209169971,-0.002995684676580357,0.00030092131706617865,0.00021587106585323494,-8.505025121294371e-05,0.0002583961914597068,False
14,12,976,802,2808.9976522922516,1501.6065101623535,0.030449056721058267,0.008613838794302133,0.004887744724706607,0.0023653752447393263,-0.0025223694799672803,0.0001387675812314041,6.715518504023749e-05,-7.161239619116662e-05,0.0001029613831358208,False
14,13,99,252,286.6253103017807,484.7028247117996,0.003106969606737795,0.0027804567754297427,0.0004987371019166541,0.0007635183084712092,0.0002647812065545551,1.4159606362725645e-05,2.1676989053228976e-05,7.5173826905033314e-06,1.791829770797731e-05,False
14,14,89535,170600,264929.65247929096,319555.78993070126,2.871792366522384,1.833104772535467,0.46098597137214165,0.5033737864745117,0.04238781510237005,0.013087816944605526,0.014291246114240187,0.0012034291696346611,0.013689531529422858,False
14,15,10460,12605,26961.384907245636,21305.174332618713,0.29225682607782905,0.12221533134258925,0.04691366215405565,0.033560544397069327,-0.013353117756986325,0.0013319221421115325,0.0009528148119621799,-0.0003791073301493527,0.0011423684770368561,False
14,16,5244,5524,13999.556133151054,9323.862053155899,0.15175280706272573,0.053485546394915574,0.02435967028388386,0.014687224873255796,-0.009672445410628065,0.0006915935089249128,0.00041698386177190606,-0.0002746096471530068,0.0005542886853484094,False
14,17,1636,3411,5121.776042103767,6151.149867534637,0.05551918104712939,0.03528555117465997,0.008912052244149335,0.009689474256324913,0.0007774220121755781,0.0002530213837636017,0.0002750931117898913,2.2071728026289616e-05,0.00026405724777674654,False
14,18,405,533,1071.9829219579697,1006.4077999591827,0.011620112522368175,0.005773173259111253,0.0018652841761900155,0.0015853235052095212,-0.00027996067098049436,5.2957138315900476e-05,4.500879662867864e-05,-7.948341687221837e-06,4.898296747228956e-05,False
14,19,504,541,1418.9696999788284,1015.2067750692368,0.015381390171280622,0.005823647835932905,0.0024690521403356626,0.0015991839125556167,-0.0008698682277800459,7.009866773866095e-05,4.5402306378191e-05,-2.4696361360469944e-05,5.7750487058425974e-05,False
14,20,69,37,187.71931946277618,86.74495422840118,0.002034845490631205,0.0004976050961991215,0.00032663755082919455,0.0001366432323976283,-0.00018999431843156624,9.273541361274333e-06,3.879427408639414e-06,-5.394113952634919e-06,6.576484384956874e-06,False
14,21,36,52,104.91231489181519,80.71511054039001,0.001137231647122092,0.00046301540766763484,0.00018255074483625,0.0001271448432439164,-5.5405901592333576e-05,5.182784032248787e-06,3.6097593791712174e-06,-1.57302465307757e-06,4.396271705710002e-06,False
14,22,103,15,228.25265860557556,32.5862557888031,0.002474219991939824,0.00018692830137257208,0.0003971668424461849,5.133083949752234e-05,-0.0003458360029486626,1.1275933007094499e-05,1.4573298813342115e-06,-9.818603125760287e-06,6.3666314442143555e-06,False
14,23,2248,2728,6187.082087755203,6601.861717939377,0.06706691736611725,0.037871021599697144,0.010765718444468794,0.010399448970900942,-0.00036626947356785226,0.0003056486770280181,0.00029524994882337326,-1.0398728204644863e-05,0.0003004493129256957,False
14,24,389,411,1169.358795762062,705.9053869247437,0.012675650430099734,0.004049366572299814,0.002034721275260304,0.001111963164823648,-0.0009227581104366558,5.776761384871609e-05,3.156965993355087e-05,-2.6197953915165222e-05,4.466863689113348e-05,False
14,25,1001,2790,3254.845594406128,4542.995772242546,0.03528197257177614,0.026060511166179218,0.005663534239984447,0.007156262085901647,0.0014927278459172001,0.00016079296116493805,0.00020317288161529013,4.237992045035208e-05,0.00018198292139011407,False
14,26,81,84,213.43035471439362,208.38638150691986,0.002313548739135087,0.001195390859776224,0.0003713755650512029,0.0003282564272473616,-4.31191378038413e-05,1.054369485175903e-05,9.319502756051365e-06,-1.2241920957076646e-06,9.931598803905197e-06,False
14,27,10463,19606,30787.34534740448,42050.28037548065,0.3337295864270076,0.24121787829118718,0.05357095428210794,0.06623885256314967,0.012667898281041728,0.0015209288063693792,0.0018805821235444373,0.00035965331717505806,0.0017007554649569082,True
14,28,260,391,715.2022668123245,648.974733710289,0.007752670911428796,0.00372278869325838,0.001244474556202458,0.001022284306301817,-0.0002221902499006409,3.5331780564421e-05,2.9023594419580154e-05,-6.308186144840845e-06,3.217768749200058e-05,False
14,29,70,61,155.06268405914307,103.60931992530823,0.0016808531179737538,0.0005943461042449709,0.00026981397274947606,0.00016320848292613197,-0.00010660548982334409,7.66026756504315e-06,4.633639375154914e-06,-3.0266281898882356e-06,6.146953470099032e-06,False
14,30,16927,23036,50059.11375403404,46773.91311609745,0.5426322776947289,0.2683145981547428,0.08710444060894908,0.07367965937523994,-0.013424781233709132,0.0024729754147591885,0.0020918334924026794,-0.0003811419223565091,0.002282404453580934,True
14,31,16864,22848,44199.22796487808,42841.75391447544,0.47911211254709024,0.24575809933359583,0.07690805406873337,0.06748560522660348,-0.009422448842129894,0.0021834905956494687,0.0019159785816750695,-0.00026751201397439924,0.002049734588662269,True
15,0,376,305,911.4690121412277,598.2180744409561,0.006007043362186509,0.0036318230982555324,0.001015807788170186,0.0008529713432573694,-0.00016283644491281674,3.6291294839819546e-05,3.0473712515860248e-05,-5.817582323959298e-06,3.33825036778399e-05,False
15,1,489,768,1295.143500328064,1485.7327853441238,0.008535652954835975,0.00901998598536309,0.0014434027234130422,0.0021184373120467642,0.000675034588633722,5.156778124564359e-05,7.568442965932792e-05,2.411664841368433e-05,6.362610545248575e-05,False
15,2,1973,2960,6558.332812905312,5458.57370865345,0.04322274160283639,0.03313937663475703,0.007309086167516416,0.007783126500968068,0.00047404033345165193,0.0002611283396367744,0.0002780641592943985,1.6935819657624095e-05,0.0002695962494655864,False
15,3,480,243,2052.4455046653748,453.41913068294525,0.013526657495558763,0.002752738745889893,0.002287395512806454,0.0006465092605546023,-0.001640886252251852,8.172072112192896e-05,2.309753721589887e-05,-5.862318390603009e-05,5.240912916891391e-05,False
15,4,3484,3530,10119.044512867928,6470.923395991325,0.06668963877323202,0.03928542125472505,0.011277403935943514,0.009226588859509681,-0.0020508150764338325,0.000402902592432673,0.0003296340710966877,-7.326852133598526e-05,0.00036626833176468034,False
15,5,1478,776,4394.170130491257,1505.4157106876373,0.028959811209243614,0.009139482379668152,0.00489718485394455,0.002146502280302999,-0.0027506825736415513,0.00017495945737898265,7.668709379472689e-05,-9.827236358425576e-05,0.00012582327558685477,False
15,6,6967,9396,22762.742827653885,17678.449948072433,0.15001802736748457,0.10732708623483891,0.02536846687758062,0.025206879970999317,-0.00016158690658130137,0.0009063274782987096,0.0009005545376525666,-5.772940646143034e-06,0.0009034410079756381,False
15,7,1341,1739,3928.164680480957,2964.976094722748,0.025888598795065162,0.01800057391554521,0.004377834268082978,0.004227621581987601,-0.00015021268609537695,0.00015640485929828985,0.00015103828016466416,-5.366579133625688e-06,0.000153721569731477,False
15,8,191,206,559.5925874710083,447.04711759090424,0.003687999145686421,0.002714053815897285,0.0006236509425811171,0.0006374237032994976,1.3772760718380435e-05,2.228088866606602e-05,2.2772941715678285e-05,4.920530496122644e-07,2.2526915190872153e-05,False
15,9,13461,18478,41210.753910541534,34655.50920212269,0.2715997828027782,0.21039598129778495,0.04592828085328994,0.049413679556618434,0.0034853987033284933,0.0016408584393069576,0.001765379666107817,0.0001245212268008594,0.0017031190527073874,True
15,10,684,1022,1838.3865978717804,1706.8695837259293,0.012115900664505769,0.010362522706587794,0.002048832597609467,0.002433745992974926,0.00038491339536545887,7.319769423230815e-05,8.69493170114235e-05,1.3751622779115344e-05,8.007350562186583e-05,False
15,11,5266,6882,15058.063756346703,12342.732902169228,0.09924028214897583,0.07493358085441985,0.01678180852525805,0.01759892907426575,0.000817120549007698,0.0005995559083403101,0.0006287487961179586,2.919288777764853e-05,0.0006141523522291343,False
15,12,4347,3372,12451.814051628113,6582.5711352825165,0.082063773918431,0.03996324236336455,0.013877213072528405,0.009385782180847978,-0.004491430891680427,0.0004957847705394348,0.0003353214972303514,-0.00016046327330908333,0.0004155531338848931,False
15,13,102,119,262.74187207221985,227.39477109909058,0.0017316022789322595,0.0013805293042541103,0.00029281877537710684,0.0003242316333142442,3.141285793713738e-05,1.046140090241668e-05,1.1583673543396887e-05,1.122272640980207e-06,1.1022537222906784e-05,False
15,14,9666,11416,30354.953097820282,21270.8077750206,0.20005454610835513,0.12913653782204118,0.03382978176500954,0.03032905600016163,-0.003500725764847907,0.0012086209602825192,0.0010835521506464946,-0.00012506880963602455,0.001146086555464507,False
15,15,160359,234494,518993.1714935303,438637.84978055954,3.42042839011764,2.663000572309539,0.5784039814713815,0.625433319246485,0.04702933777510354,0.020664371421994492,0.02234456681249469,0.001680195390500197,0.02150446911724459,False
15,16,12075,13475,37577.41280686855,24061.128889799118,0.24765422100237722,0.14607676933489389,0.04187901956077547,0.034307645165352334,-0.0075713743954231374,0.0014961923546780698,0.001225693364882053,-0.0002704989897960167,0.0013609428597800614,False
15,17,5916,10618,19523.506250977516,17416.875355362892,0.1286698144087531,0.10573904888139204,0.02175842451905472,0.02483391291895235,0.00307548839989763,0.0007773531653004801,0.00088722971635369,0.00010987655105320997,0.0008322914408270851,False
15,18,817,916,2634.3872133493423,1578.684457540512,0.01736194869225811,0.009584301984039319,0.0029359539520599494,0.0022509727804300374,-0.000684981171629912,0.00010489146839706054,8.04194630148953e-05,-2.4472005382165246e-05,9.265546570597792e-05,False
15,19,171,220,389.2880321741104,388.4753323793411,0.0025656056964093515,0.0023584604770697866,0.0004338510795829837,0.0005539089175659211,0.0001200578379829374,1.549999677998353e-05,1.9789247607562434e-05,4.289250827578904e-06,1.764462219377298e-05,False
15,20,589,318,1734.0993247032166,613.9908421039581,0.011428594608344765,0.003727580656191978,0.0019326072263894476,0.0008754609994466612,-0.0010571462269427863,6.904536417150876e-05,3.127719005670681e-05,-3.776817411480195e-05,5.016127711410778e-05,False
15,21,203,162,556.4743356704712,288.1105326414108,0.0036674482838024406,0.001749138870930347,0.0006201757345134066,0.0004108034152318074,-0.00020937231928159925,2.215673151538874e-05,1.4676583539724337e-05,-7.480147975664402e-06,1.841665752755654e-05,False
15,22,204,33,419.47022819519043,59.97175455093384,0.0027645216857074585,0.0003640926490302665,0.00046748832821557,8.55109369348555e-05,-0.0003819773912807145,1.6701739198127884e-05,3.0550096784768263e-06,-1.3646729519651058e-05,9.878374438302354e-06,False
15,23,626,546,1755.114350438118,996.4672560691833,0.011567094293101418,0.006049621286734565,0.0019560279094030814,0.0014208163381148507,-0.0005352115712882308,6.988210407692809e-05,5.076084790867935e-05,-1.912125616824874e-05,6.032147599280372e-05,False
15,24,3760,3792,9565.687076449394,9138.013138890266,0.06304273243733187,0.05547750662832876,0.01066070190211865,0.0130294681401373,0.0023687662380186495,0.0003808699642145235,0.00046549777958636475,8.462781537184127e-05,0.00042318387190044414,False
15,25,4027,5988,12771.180434703827,10941.884358167648,0.08416856046191827,0.06642893293983279,0.014233138347975715,0.015601524255974705,0.00136838590799899,0.0005085007481708627,0.0005573884383620365,4.888769019117381e-05,0.0005329445932664496,False
15,26,156,235,320.9543538093567,401.14462780952454,0.0021152520765199906,0.002435376641505244,0.00035769502627496625,0.0005719734769681205,0.00021427845069315428,1.2779204700394518e-05,2.0434631762962136e-05,7.655427062567619e-06,1.6606918231678325e-05,False
15,27,4195,5994,13547.962421178818,11854.118244767189,0.0892879479710546,0.07196716764372359,0.015098841055430285,0.01690223614828063,0.001803395092850343,0.0005394293082446709,0.0006038583703069028,6.442906206223194e-05,0.0005716438392757868,False
15,28,1197,1735,3350.2970249652863,2885.896151661873,0.02208015767633426,0.01752047413907889,0.0037338162519076666,0.004114865167329976,0.0003810489154223093,0.00013339632561764614,0.00014700988390990415,1.3613558292258012e-05,0.00014020310476377514,False
15,29,131,123,350.9878591299057,253.32761669158936,0.0023131881186407985,0.0015379693944993728,0.00039116656310647543,0.00036120807231634406,-2.9958490790131368e-05,1.3975026809695639e-05,1.2904713670849609e-05,-1.0703131388460298e-06,1.3439870240272623e-05,False
15,30,6114,6625,19918.586628317833,12531.285856366158,0.13127359459943344,0.07607829881523485,0.022198731012100174,0.017867777966480848,-0.004330953045619326,0.0007930837916503564,0.0006383538360953666,-0.00015472995555498978,0.0007157188138728614,False
15,31,27118,30289,100118.52347362041,55438.45146548748,0.6598318800232993,0.33657065402451014,0.11157941140059856,0.0790471108028893,-0.03253230059770926,0.0039863460039885265,0.0028240795530334343,-0.0011622664509550922,0.0034052127785109804,True
16,0,11081,14033,30595.86555504799,25359.842227220535,0.19500458498528184,0.14563093922666293,0.0291896479895542,0.028999580976081105,-0.00019006701347309626,0.0011150204830288957,0.0011077600798460115,-7.26040318288425e-06,0.0011113902814374535,False
16,1,2381,2423,6395.755257368088,4471.509466409683,0.040763729902869944,0.025678003732025886,0.00610179974330268,0.0051132771132651085,-0.000988522630037571,0.00023308371856891496,0.00019532296925039189,-3.7760749318523074e-05,0.0002142033439096534,False
16,2,1660,2663,4655.0448207855225,5059.971376419067,0.02966920748595709,0.029057293708908964,0.0044410941553476736,0.005786197262284775,0.0013451031069371018,0.00016964613454895577,0.00022102796404403568,5.138182949507991e-05,0.00019533704929649572,False
16,3,339,252,1076.900223493576,429.84758281707764,0.006863688192611836,0.0024684344109510937,0.0010274047775211054,0.0004915409044578584,-0.000535863873063247,3.9246015289657964e-05,1.8776457219120855e-05,-2.046955807053711e-05,2.9011236254389408e-05,False
16,4,5356,6494,15617.711488842964,12438.606573343277,0.09954042129719096,0.07142970140415819,0.014899905346411356,0.014223841588655566,-0.0006760637577557897,0.000569164097572735,0.000543339019517633,-2.5825078055102032e-05,0.000556251558545184,False
16,5,861,875,2665.145674228668,1427.5957144498825,0.01698646587373741,0.008198083523884825,0.0025426528277701444,0.0016324895538134888,-0.0009101632739566556,9.712724131546997e-05,6.235975478307036e-05,-3.4767486532399615e-05,7.974349804927016e-05,False
16,6,3800,5446,10782.548443198204,10504.146740317345,0.0687232194973039,0.06032090980144732,0.010286971385757796,0.012011740895355618,0.0017247695095978215,0.000392953824162484,0.0004588385971612366,6.588477299875262e-05,0.0004258962106618603,False
16,7,1034,984,3142.370712041855,1554.9210880994797,0.020028088287586454,0.008929259750686173,0.0029979441101986716,0.0017780891380056168,-0.0012198549721930548,0.00011451899286499098,6.792153883585544e-05,-4.659745402913554e-05,9.12202658504232e-05,False
16,8,3767,4596,9832.76962530613,8654.389740943909,0.06266974721106887,0.04969853105215445,0.009380845382807361,0.009896499901000189,0.000515654518192828,0.0003583405580533346,0.00037803813543272463,1.969757737939001e-05,0.00036818934674302963,False
16,9,1070,2405,3042.8551119565964,3376.6357588768005,0.019393819639122435,0.019390603166440114,0.00290300234982482,0.003861263064609022,0.0009582607147842017,0.00011089229590894857,0.00014749706501917083,3.6604769110222264e-05,0.0001291946804640597,False
16,10,20359,26647,58112.49659192562,49290.57854127884,0.37038348400303284,0.2830551224915399,0.05544158625813443,0.05636494545030794,0.0009233591921735118,0.002117822877191105,0.002153094436917859,3.527155972675401e-05,0.002135458657054482,True
16,11,22968,26676,66316.39855253696,48317.914180636406,0.42267154541481416,0.27746951895649047,0.06326842841562158,0.05525268068792224,-0.008015747727699342,0.002416801793488942,0.002110606840183046,-0.0003061949533058961,0.002263704316835994,True
16,12,13377,14425,40909.376388549805,26660.302244901657,0.26073836513311643,0.15309893575853178,0.039029139218352014,0.030486687845713744,-0.00854245137263827,0.0014908809341935992,0.001164566335977869,-0.0003263145982157303,0.001327723635085734,False
16,13,417,316,1086.2475439310074,614.4677282571793,0.006923263900295157,0.0035286304855049805,0.0010363224854618494,0.0007026584188941022,-0.0003336640665677472,3.958666437933378e-05,2.684097218027423e-05,-1.2745692199059546e-05,3.3213818279804005e-05,False
16,14,4270,5230,11344.17226099968,8994.495437860489,0.07230276259966129,0.05165161544576067,0.010822782393120189,0.01028541883077067,-0.0005373635623495184,0.0004134213628068422,0.0003928945178422333,-2.05268449646089e-05,0.00040315794032453776,False
16,15,11043,13001,32519.634688973427,25185.327340602875,0.20726584299393883,0.14462877341587232,0.031024998708147886,0.0288000190647468,-0.0022249796434010843,0.0011851293670245542,0.0011001369793944482,-8.499238763010606e-05,0.001142633173209501,False
16,16,168868,237936,504960.1053929329,440869.29115879536,3.218393531279805,2.531727459989223,0.48175161767097074,0.5041444893179927,0.022392871647021972,0.01840251453623787,0.01925790376769423,0.0008553892314563626,0.01883020915196605,False
16,17,5873,9759,17641.54442036152,17181.238097190857,0.11243944192402229,0.09866464541664707,0.016830720827163376,0.019647153204053053,0.0028164323768896764,0.000642919656761329,0.0007505050510909064,0.00010758539432957745,0.0006967123539261177,False
16,18,1771,2246,5643.637419819832,3981.797665834427,0.03597006173527902,0.022865794222630555,0.005384250017990982,0.004553280056166654,-0.0008309699618243285,0.00020567391076305796,0.00017393154345025447,-3.1742367312803487e-05,0.00018980272710665623,False
16,19,242,166,629.606351852417,305.7321755886078,0.004012833862345861,0.0017556916752025024,0.0006006689939689348,0.00034961199299018714,-0.00025105700097874763,2.2945060249969508e-05,1.3354889837524448e-05,-9.59017041244506e-06,1.8149975043746977e-05,False
16,20,302,293,908.6878502368927,560.8202636241913,0.005791576538267844,0.0032205555932548523,0.0008669236185875258,0.0006413112708777049,-0.00022561234770982093,3.311576735329394e-05,2.4497561713722278e-05,-8.618205639571663e-06,2.880666453350811e-05,False
16,21,164,208,497.4325338602066,306.0966589450836,0.0031704161024325886,0.0017577847502721526,0.0004745700210967167,0.0003500287883517612,-0.0001245412327449555,1.8128183469141446e-05,1.3370811076641578e-05,-4.757372392499868e-06,1.5749497272891512e-05,False
16,22,87,74,192.13465917110443,129.86075687408447,0.001224581779049167,0.0007457358694431828,0.0001833039518920292,0.00014849885503400234,-3.4805096858026865e-05,7.0020598073980875e-06,5.6725338081673815e-06,-1.329525999230706e-06,6.337296807782735e-06,False
16,23,2014,1674,4768.568335652351,3481.2285351753235,0.03039275641981047,0.0199912356195998,0.004549400012279148,0.003980867384644044,-0.0005685326276351037,0.00017378332897328755,0.00015206585141719516,-2.171747755609239e-05,0.00016292459019524137,False
16,24,1986,1299,7070.049458384514,2353.1602268218994,0.045061384453306284,0.013513212381702576,0.00674510268675609,0.0026908945227651086,-0.004054208163990981,0.0002576573605326695,0.00010278995182220369,-0.0001548674087104658,0.00018022365617743658,False
16,25,6417,9895,18108.264721512794,16402.6135866642,0.11541411176843185,0.09419333136993797,0.017275990181471176,0.018756777611781315,0.001480787430310139,0.0006599285789208535,0.0007164934376816852,5.65648587608317e-05,0.0006882110083012694,False
16,26,1728,1477,4251.822068810463,2866.876245498657,0.02709924308132051,0.016463268049453382,0.004056403937306452,0.003278340972504296,-0.0007780629648021561,0.0001549512854404529,0.00012522992178608274,-2.972136365437015e-05,0.00014009060361326782,False
16,27,9216,12901,28854.23500931263,21966.48543071747,0.18390419819747353,0.126144314153125,0.027528064581612905,0.025119197008419834,-0.0024088675731930714,0.0010515493670093222,0.0009595326120975956,-9.201675491172655e-05,0.0010055409895534588,False
16,28,16106,27533,47247.28405511379,49427.72743475437,0.3011333999449174,0.2838427110731952,0.04507575010584091,0.05652177846237828,0.011446028356537373,0.0017218564839798923,0.0021590853286523578,0.00043722884467246544,0.0019404709063161251,True
16,29,56,69,154.30594611167908,93.9900051355362,0.0009834782064959313,0.000539745184657137,0.00014721388553597884,0.00010747979977354129,-3.973408576243755e-05,5.623449032945828e-06,4.10563972207646e-06,-1.5178093108693677e-06,4.864544377511144e-06,False
16,30,3426,3486,9174.06120789051,5945.577127456665,0.058471429587619535,0.03414295615714396,0.00875241188425102,0.006798908440059036,-0.001953503444191983,0.000334334916623106,0.000259712695939902,-7.462222068320402e-05,0.000297023806281504,False
16,31,35601,39120,99978.18255519867,76276.9066618681,0.6372169455929184,0.43802628813475203,0.09538308207594229,0.08722445161632464,-0.00815863045961765,0.0036435550811425273,0.0033319021253003537,-0.0003116529558421736,0.0034877286032214405,True
17,0,135,223,447.8999571800232,372.28702557086945,0.004183944904297138,0.0028592552549682624,0.0011544897981166794,0.0008487830466304111,-0.0003057067514862683,3.195870547569061e-05,2.349609970072613e-05,-8.46260577496448e-06,2.772740258820837e-05,False
17,1,280,397,725.9464026689529,677.0142922401428,0.006781245908935915,0.0051996350660029975,0.001871171681143865,0.0015435355360524925,-0.0003276361450913726,5.179796716236196e-05,4.272830965542956e-05,-9.069657506932402e-06,4.7263138408895766e-05,False
17,2,958,1633,2574.2586394548416,2837.485709309578,0.02404679023570656,0.021792583055506805,0.006635310607475294,0.006469228309595136,-0.0001660822978801586,0.0001836793515109062,0.00017908184423857127,-4.5975072723349335e-06,0.00018138059787473873,False
17,3,808,874,2402.6742022037506,1514.6998779773712,0.022443977329866402,0.01163326489599123,0.0061930411248676915,0.003453388081921231,-0.0027396530429464605,0.00017143640215041826,9.559704449828888e-05,-7.583935765212938e-05,0.00013351672332435357,False
17,4,2123,3695,6316.290858268738,6551.919704675674,0.05900204393163258,0.05032034306593866,0.016280629727495177,0.014937824813220108,-0.0013428049142750684,0.00045068206862336095,0.0004135104047103207,-3.7171663913040227e-05,0.00043209623666684083,False
17,5,603,680,1917.421394944191,1236.249252796173,0.017911110162358516,0.009494696107359138,0.004942272049077239,0.0028185441208268924,-0.0021237279282503465,0.00013681248379575047,7.802322859386782e-05,-5.878925520188265e-05,0.00010741785619480915,False
17,6,4984,10189,15667.265411973,18069.311638474464,0.14635182306648115,0.1387767252343643,0.040383344076184415,0.041196507881253376,0.0008131638050689616,0.0011178958892141006,0.0011404059734020117,2.251008418791109e-05,0.001129150931308056,False
17,7,7368,9669,20093.80123233795,15939.535172462463,0.18770119515820663,0.12241952196354193,0.05179301349831249,0.036340797009537025,-0.015452216488775462,0.0014337395330744614,0.0010059896850316504,-0.00042774984804281094,0.001219864609053056,False
17,8,119,200,465.04353642463684,328.9373730421066,0.004344087342071665,0.002526319339181645,0.0011986784322610589,0.0007499494918286773,-0.0004487289404323816,3.3181939796424336e-05,2.0760179059264633e-05,-1.2421760737159703e-05,2.6971059427844485e-05,False
17,9,6291,8373,19145.656324863434,15185.0479003191,0.17884433774937938,0.11662487549587469,0.04934911144994579,0.03462062960775416,-0.01472848184219163,0.001366087184909411,0.0009583718338803086,-0.0004077153510291023,0.0011622295093948597,False
17,10,344,893,982.5834083557129,1320.2101374864578,0.00917855601130242,0.01013953620189201,0.002532669411016368,0.0030099678627526997,0.00047729845173633163,7.010961543878673e-05,8.332224032982359e-05,1.321262489103686e-05,7.671592788430516e-05,False
17,11,2077,2841,6298.35346698761,5238.737796664238,0.058834486298183435,0.040234785382445896,0.016234394993807615,0.011943880721419615,-0.004290514272388,0.0004494021939643747,0.0003306317360580528,-0.00011877045790632189,0.0003900169650112137,False
17,12,1352,1786,4218.653679847717,3114.9101761579514,0.03940749331150073,0.023923270697593275,0.010873840367915093,0.00710173271616236,-0.0037721076517527336,0.0003010107688043441,0.00019659089635365584,-0.00010441987245068829,0.00024880083257899997,False
17,13,125,169,353.37326967716217,294.70588302612305,0.003300947605106231,0.0022634131378078274,0.0009108414239152188,0.0006719045791919514,-0.00023893684472326739,2.5214006091219857e-05,1.8599731750936797e-05,-6.61427434028306e-06,2.190686892107833e-05,False
17,14,1137,1897,4743.201244354248,3163.7735604047775,0.0443074225800728,0.024298553419221925,0.012225894107019023,0.007213137114653272,-0.005012756992365751,0.00033843845963869976,0.00019967480438461073,-0.00013876365525408902,0.00026905663201165524,False
17,15,3942,7323,13174.094981193542,11876.898369073868,0.12306249795674153,0.0912174793693795,0.033957043333886806,0.027078327445776786,-0.00687871588811002,0.0009400023703139495,0.0007495850487597196,-0.00019041732155422998,0.0008447937095368346,False
17,16,3751,7605,12766.416379332542,12176.211772680283,0.11925427073656847,0.09351627939022837,0.032906226562833124,0.027760736783627882,-0.005145489779205242,0.000910913552249204,0.0007684755743215921,-0.00014243797792761186,0.0008396945632853981,False
17,17,60249,147193,192231.27018487453,251475.7169636488,1.795680107674822,1.9313949072564371,0.49548796946691676,0.5733434434645379,0.07785547399762116,0.01371614899393055,0.01587135224234314,0.0021552032484125905,0.014793750618136845,False
17,18,320,669,1056.6744191646576,1116.0053547620773,0.009870658571615266,0.008571193611389376,0.002723643566605982,0.002544398165953513,-0.00017924540065246929,7.539618167948758e-05,7.043429204073179e-05,-4.961889638755793e-06,7.291523686010968e-05,False
17,19,96,157,263.0811517238617,270.5600723028183,0.0024575064733244997,0.0020779674159478916,0.0006781079142186867,0.0006168541654482512,-6.125374877043546e-05,1.8771453109938733e-05,1.7075820528836924e-05,-1.695632581101809e-06,1.792363681938783e-05,False
17,20,1714,1799,5499.3109011650085,3336.489084482193,0.051370430948327085,0.02562505081481526,0.014174813438338978,0.007606913955256303,-0.006567899483082675,0.00039238864525934343,0.00021057537543557153,-0.0001818132698237719,0.0003014820103474575,False
17,21,2754,4378,8892.556644797325,7855.688922047615,0.08306758342738428,0.060333608987092675,0.022921113880497355,0.017910308763545806,-0.005010805116951549,0.000634504634754291,0.0004957950115164134,-0.00013870962323787764,0.0005651498231353522,False
17,22,82,29,157.33961057662964,50.59971356391907,0.0014697484368179942,0.0003886181547306792,0.00040555256221505115,0.00011536308301787338,-0.00029018947919717776,1.1226547789236164e-05,3.1934927436779703e-06,-8.033055045558194e-06,7.2100202664570675e-06,False
17,23,562,714,1722.1838202476501,1238.2578375339508,0.0160873474164947,0.009510122528566629,0.0044390351440877504,0.00282312352477075,-0.0016159116193170003,0.00012288182797073316,7.814999612540834e-05,-4.4731831845324816e-05,0.00010051591204807074,False
17,24,3740,4912,11570.839879989624,8991.518341422081,0.108086093285476,0.0690570562550012,0.02982455430715867,0.020499904126292573,-0.009324650180866097,0.000825606383530721,0.0005674804570129825,-0.0002581259265177385,0.0006965434202718517,False
17,25,4020,9056,12159.996509313583,15432.869987607002,0.11358955189844949,0.11852820963514152,0.03134314190053489,0.03518564308343998,0.003842501182905092,0.0008676440816679577,0.0009740125950968183,0.00010636851342886065,0.0009208283383823879,False
17,26,81,98,264.48579120635986,187.90772759914398,0.0024706275601006048,0.0014431772280087695,0.0006817284592233923,0.00042841378442461293,-0.0002533146747987794,1.8871677409586615e-05,1.185939449658824e-05,-7.012282912998375e-06,1.5365535953087428e-05,False
17,27,3916,10880,13828.957926630974,17647.48308455944,0.1291797356113875,0.13553697894552244,0.03564499301450775,0.04023477432473561,0.004589781310227858,0.0009867283671904491,0.0011137831660554425,0.0001270547988649934,0.0010502557666229458,False
17,28,855,2097,2661.9825699329376,3485.7378013134003,0.0248662412895079,0.026771317401040044,0.00686142445536511,0.007947188452825535,0.001085763997460425,0.00018993865833239046,0.00021999488911723735,3.0056230784846893e-05,0.0002049667737248139,False
17,29,1072,983,2502.7707920074463,1641.9327949285507,0.023379004471827853,0.012610444763701522,0.006451046266199263,0.0037434684109788935,-0.00270757785522037,0.00017857852704098077,0.00010362707803844522,-7.495144900253556e-05,0.000141102802539713,False
17,30,3266,5877,10526.969460368156,10423.406684160233,0.0983350400582788,0.08005430834087193,0.027133913840041178,0.0237644888861837,-0.0033694249538574784,0.0007511237970497861,0.0006578510285087075,-9.327276854107858e-05,0.0007044874127792468,False
17,31,4034,8867,12332.193058252335,15560.592077851295,0.11519808269181206,0.11950914647318077,0.03178698913881623,0.03547683868638457,0.00368984954756834,0.0008799307066234763,0.0009820735017635586,0.0001021427951400823,0.0009310021041935175,False
18,0,5822,4435,12059.961984992027,9390.062459349632,0.07397997679195246,0.05171078866827053,0.08980468547899481,0.07719204955472551,-0.012612635924269297,0.0035684981661616762,0.003067319770778874,-0.0005011783953828021,0.003317908968470275,True
18,1,1962,824,4477.8157514333725,1679.1966722011566,0.027468470114742165,0.009247285055297842,0.03334412129082915,0.013804022421982863,-0.019540098868846285,0.0013249691265432644,0.0005485195837584918,-0.0007764495427847727,0.0009367443551508781,False
18,2,264,191,687.4605162143707,497.79462587833405,0.004217120509850134,0.002741339880371595,0.005119184912414115,0.004092175914188523,-0.0010270089982255927,0.0002034170252337792,0.0001626075762918665,-4.080944894191272e-05,0.00018301230076282285,False
18,3,735,515,1418.7876497507095,991.060227394104,0.008703334018124242,0.005457738561182498,0.010565023240197962,0.008147120481456504,-0.002417902758741458,0.0004198140203599977,0.00032373571982918304,-9.607830053081468e-05,0.0003717748700945904,False
18,4,1279,1019,2721.1173145771027,2259.0100059509277,0.016692274489016737,0.012440299467968369,0.02026284037139983,0.01857044221791709,-0.0016923981534827381,0.000805168553521406,0.0007379190589665685,-6.724949455483753e-05,0.0007715438062439872,False
18,5,1459,953,3442.17262339592,1756.3347265720367,0.02111547707278222,0.009672081977056594,0.025632189404341758,0.014438144350492857,-0.0111940450538489,0.0010185261536882354,0.0005737171881701246,-0.00044480896551811076,0.00079612167092918,False
18,6,353,370,853.1210505962372,1461.0725699663162,0.005233339508232078,0.008046082251487814,0.006352778534430458,0.012010909055412348,0.00565813052098189,0.0002524353649169987,0.00047726804798173635,0.00022483268306473764,0.00036485170644936756,False
18,7,1556,578,3229.7694185972214,2096.221265077591,0.01981252237183882,0.011543826817938944,0.024050525795002425,0.01723221932463547,-0.006818306470366953,0.0009556768306344597,0.0006847431482095735,-0.00027093368242488613,0.0008202099894220167,False
18,8,4211,4305,8951.18121266365,8393.73375093937,0.054909640610600614,0.04622403674220268,0.06665510342977071,0.06900161894094156,0.002346515511170849,0.0026486214286679777,0.0027418630702796694,9.324164161169171e-05,0.0026952422494738236,True
18,9,477,264,1251.5876228809357,825.0744323730469,0.007677671240510779,0.004543659831096687,0.009319965764576952,0.006782615850085459,-0.0025373499144914925,0.0003703401505410486,0.00026951547231319356,-0.00010082467822785502,0.00031992781142712104,False
18,10,4933,2682,9771.4938839674,5535.161275267601,0.05994172217609122,0.030481964969803002,0.07276357388204435,0.045502406965187286,-0.027261166916857066,0.002891348915443596,0.0018080933633378457,-0.0010832555521057504,0.002349721139390721,True
18,11,1901,741,4018.767699122429,1676.5905485153198,0.024652510636709278,0.00923293321134099,0.0299258131727081,0.013782598493273788,-0.01614321467943431,0.0011891385049467588,0.0005476682779507543,-0.0006414702269960046,0.0008684033914487566,False
18,12,5269,2944,10512.448375344276,5711.157263875008,0.06448699322621307,0.03145116953183222,0.0782811024725288,0.04694920150279857,-0.03133190096973023,0.003110594610162873,0.0018655835001468676,-0.0012450111100160053,0.00248808905515487,True
18,13,614,241,1225.144336104393,581.2841347455978,0.0075154589761217165,0.0032011140690676515,0.009123055438080608,0.00477851067859305,-0.004344544759487558,0.00036251567974364396,0.0001898799211042474,-0.00017263575863939656,0.0002761978004239457,False
18,14,487,318,1278.3893166780472,1169.3464407920837,0.007842082097490495,0.006439555321550208,0.009519544974258476,0.00961274206588358,9.31970916251048e-05,0.0003782706726508231,0.0003819739721922883,3.703299541465174e-06,0.0003801223224215557,False
18,15,442,944,1011.5141072273254,2677.528166770935,0.006204977285213186,0.014745066263896114,0.007532254775774589,0.02201091716144672,0.01447866238567213,0.0002993032848013378,0.0008746305062727598,0.000575327221471422,0.0005869668955370488,False
18,16,3070,1915,6656.657454133034,4222.049777626991,0.04083423849773145,0.023250699848157287,0.049568898289542876,0.03470782830976754,-0.014861069979775335,0.0019696803312813996,0.0013791576799612449,-0.0005905226513201547,0.0016744190056213223,True
18,17,428,464,1098.2325038909912,1167.6931643486023,0.00673693791498938,0.006430450778406944,0.008178004600468448,0.00959915112357565,0.0014211465231072015,0.0003249629377796698,0.0003814339196054597,5.6470981825789866e-05,0.0003531984286925647,False
18,18,4088,3623,11062.222413539886,6898.460438609123,0.06785949727200888,0.0379896120416273,0.08237500298781357,0.05670955889097579,-0.025665444096837776,0.003273270715572307,0.002253423146319223,-0.0010198475692530843,0.0027633469309457648,False
18,19,388,633,837.7762475013733,6002.425804018974,0.005139209180271856,0.03305517653288294,0.006238513230992003,0.04934360683096961,0.043105093599977606,0.0002478948944103523,0.0019607281017570435,0.0017128332073466912,0.001104311498083698,False
18,20,1211,481,2573.2132477760315,1029.2646217346191,0.01578497980243354,0.0056681290000634,0.019161470548123127,0.008461183940981732,-0.010700286607141394,0.000761404286950393,0.00033621541254673403,-0.0004251888744036589,0.0005488098497485635,False
18,21,513,304,1150.785927772522,800.9876729249954,0.007059318788488946,0.004411014778636842,0.008569344449499349,0.0065846079734631436,-0.001984736476036205,0.0003405133016183071,0.000261647389029526,-7.886591258878114e-05,0.00030108034532391655,False
18,22,1311,6141,3410.72444832325,9435.689527869225,0.02092256309304326,0.051962055548334794,0.025398010103046775,0.07756713193031657,0.05216912182726979,0.0010092207549468788,0.0030822241241800037,0.002073003369233125,0.002045722439563441,True
18,23,1184,873,2058.309004664421,1848.3884966373444,0.012626379136620581,0.010179019291964976,0.015327228478207628,0.015194882573624197,-0.00013234590458343146,0.0006090460249940753,0.0006037870998579759,-5.258925136099411e-06,0.0006064165624260256,False
18,24,3880,10123,9438.409566521645,22754.502464175224,0.05789846780223288,0.12530835372719157,0.07028325658059463,0.187055910374572,0.11677265379397737,0.002792790497310807,0.007432893613301418,0.004640103115990611,0.005112842055306112,True
18,25,486,325,1229.8779954910278,615.3968633413315,0.007544496879557901,0.0033889718290078586,0.009158304702788942,0.005058938146206631,-0.004099366556582312,0.0003639163520559997,0.00020102304686191725,-0.00016289330519408244,0.00028246969945895845,False
18,26,2480,887,5443.673330307007,1878.8854032754898,0.03339337446836481,0.010346964830243145,0.04053639405223516,0.015445585775937146,-0.02509080827629801,0.0016107628133951054,0.0006137490958599982,-0.000997013717535107,0.0011122559546275518,False
18,27,531,323,1308.6283304691315,915.8008624315262,0.008027578663836216,0.005043287524915626,0.009744720238167493,0.007528442527524039,-0.002216277710643454,0.0003872182850391794,0.00029915180049048607,-8.806648454869336e-05,0.0003431850427648328,False
18,28,5899,5338,13786.353259205818,10911.281217336655,0.08457025780271388,0.06008809414978532,0.10266028366308419,0.08969739701737119,-0.012962886645713004,0.004079330961801994,0.0035642349289317686,-0.0005150960328702252,0.0038217829453668813,True
18,29,766,321,1113.249855875969,1346.202754020691,0.0068290595446187105,0.007413497665129399,0.008289831534368951,0.011066608997430514,0.0027767774630615624,0.00032940651671347466,0.00043974513915753344,0.00011033862244405878,0.0003845758279355041,False
18,30,1220,935,3587.4033821821213,2979.156355857849,0.02200637276365184,0.016406123536921627,0.026713652399905186,0.024490485132362197,-0.0022231672675429894,0.0010614993983007615,0.0009731591488473694,-8.83402494533922e-05,0.0010173292735740655,False
18,31,1250,795,2624.7609403133392,2138.6470843553543,0.016101191172115666,0.011777464515691023,0.019545321203808582,0.017580985475900857,-0.0019643357279077248,0.0007766570586024232,0.0006986017944992585,-7.805526410316474e-05,0.0007376294265508408,False
19,0,55,56,220.1513296365738,92.45280361175537,0.003535282524782896,0.0008899907340688823,0.00041835379100791276,0.00021428759497186395,-0.0002040661960360488,7.683627850851444e-06,3.935678768085181e-06,-3.7479490827662625e-06,5.809653309468313e-06,False
19,1,1267,2104,5338.266087889671,3712.853569507599,0.08572411915163947,0.035741536705504326,0.010144312364428289,0.008605671551439256,-0.0015386408129890328,0.00018631388716060089,0.00015805468727464686,-2.8259199885954022e-05,0.00017218428721762387,False
19,2,55,118,121.78073000907898,165.2039054632187,0.001955606115880015,0.0015903243530795573,0.00023142004254579512,0.0003829104818750034,0.0001514904393292083,4.250339120547053e-06,7.032663994341754e-06,2.782324873794701e-06,5.641501557444403e-06,False
19,3,357,123,911.6793959140778,266.11588859558105,0.014640130686016174,0.0025617468133595873,0.0017324652642074954,0.0006168048076769927,-0.0011156604565305027,3.1819045604024756e-05,1.1328446641747701e-05,-2.0490598962277056e-05,2.1573746122886228e-05,False
19,4,5581,9003,16264.864089012146,14377.278447151184,0.2611880195171934,0.13840190993911444,0.030908137430282704,0.033323731680637854,0.00241559425035515,0.0005676693523084922,0.0006120349769480318,4.436562463953962e-05,0.0005898521646282621,False
19,5,2762,4447,13016.146976351738,7742.468713283539,0.20901875551451324,0.07453235753214536,0.024734597064946785,0.017945534747455458,-0.006789062317491327,0.000454284012653345,0.0003295937877167775,-0.00012469022493656753,0.00039193890018506124,False
19,6,28,18,108.34647572040558,27.105639100074768,0.0017398732175203289,0.00026093062295208107,0.0002058909157387539,6.282559301632474e-05,-0.00014306532272242916,3.7814625047288634e-06,1.1538761847561705e-06,-2.627586319972693e-06,2.467669344742517e-06,False
19,7,28736,52199,113372.68130075932,82570.14401912689,1.820586137962481,0.7948559720952826,0.21544221920985854,0.19138151453623822,-0.024060704673620315,0.003956884989094795,0.0035149779130385778,-0.00044190707605621694,0.0037359314510666862,True
19,8,49,67,140.95488691329956,113.7351461648941,0.002263512781457905,0.0010948637820633403,0.00026785671201085475,0.0002636159205922628,-4.24079141859193e-06,4.919547370386255e-06,4.841659554489952e-06,-7.788781589630325e-08,4.880603462438104e-06,False
19,9,464,874,1155.2830986976624,1294.6208003759384,0.018552021269847292,0.012462580597403572,0.0021953856232683052,0.003000678907241222,0.0008052932839729167,4.032119818410861e-05,5.511148821573615e-05,1.4790290031627538e-05,4.771634319992238e-05,False
19,10,8,14,25.905044198036194,22.09721553325653,0.0004159940810179482,0.00021271736826832923,4.922738129434193e-05,5.1217042503991525e-05,1.989661209649598e-06,9.04126808619107e-07,9.406696023329885e-07,3.654279371388149e-08,9.223982054760478e-07,False
19,11,111,138,267.2245570421219,188.99809432029724,0.004291204183337887,0.0018193775216174594,0.0005078070919377699,0.0004380607780834504,-6.974631385431947e-05,9.326557565242977e-06,8.045573070434997e-06,-1.2809844948079805e-06,8.686065317838987e-06,False
19,12,428,287,1139.2083917856216,503.98930406570435,0.01829388687415249,0.004851619347012087,0.0021648388417108426,0.0011681490624482393,-0.0009966897792626033,3.976016561652192e-05,2.1454622530248635e-05,-1.8305543086273284e-05,3.060739407338528e-05,False
19,13,105,61,246.05347526073456,105.88002181053162,0.00395123005928402,0.001019246952532683,0.00046757566413943184,0.00024540927200678687,-0.00022216639213264497,8.587653494680886e-06,4.507270061317217e-06,-4.080383433363669e-06,6.547461777999052e-06,False
19,14,89,181,213.34236586093903,313.4340378046036,0.003425941324402145,0.003017251813793822,0.0004054147103624551,0.0007264790630419428,0.0003210643526794877,7.445984299989081e-06,1.3342761274855892e-05,5.896776974866811e-06,1.0394372787422485e-05,False
19,15,21,58,74.40795850753784,112.78178000450134,0.001194874252409549,0.001085686266446967,0.00014139751767193727,0.00026140620348626744,0.00012000868581433016,2.5969548458204538e-06,4.801075139425316e-06,2.204120293604862e-06,3.699014992622885e-06,False
19,16,45,119,139.75708901882172,212.93760788440704,0.0022442780397392893,0.0020498296487335373,0.00026558053547881506,0.0004935479086629836,0.00022796737318416855,4.8777423389249676e-06,9.064668561018631e-06,4.186926222093663e-06,6.971205449971799e-06,False
19,17,114,155,300.39853274822235,278.0341337919235,0.004823925819791113,0.0026764770040809973,0.0005708476310176933,0.0006444289791421884,7.358134812449513e-05,1.0484381522425731e-05,1.1835801559496396e-05,1.3514200370706646e-06,1.1160091540961063e-05,False
19,18,256,250,735.724888920784,436.14500868320465,0.011814579303896155,0.0041985207724851425,0.0013980987392944262,0.0010108991974130154,-0.0003871995418814108,2.5677956414836842e-05,1.8566518087316925e-05,-7.111438327519917e-06,2.2122237251076884e-05,False
19,19,113877,180294,338957.70886051655,282561.00541603565,5.443125266393835,2.720054631177066,0.6441216717938709,0.6549213860263645,0.010799714232493596,0.011830157448337238,0.01202850866886306,0.00019835122052582269,0.01192933305860015,False
19,20,225,207,628.43610227108,341.71085345745087,0.010091690901750222,0.003289456689545239,0.0011942177511503234,0.0007920192152384842,-0.0004021985359118392,2.1933408923133793e-05,1.454649397571927e-05,-7.386914947414524e-06,1.823995144942653e-05,False
19,21,1251,2074,4466.981814622879,3821.3959587812424,0.07173267031286518,0.03678641276045781,0.008488609992026257,0.008857251672769307,0.0003686416807430499,0.00015590469490574108,0.00016267529325102634,6.770598345285256e-06,0.0001592899940783837,False
19,22,399,158,1007.069983959198,437.8053529262543,0.016171952817190135,0.004214503965357088,0.001913736093691145,0.001014747552041206,-0.000898988541649939,3.514832724053601e-05,1.8637198275800168e-05,-1.651112896473584e-05,2.689276275816809e-05,False
19,23,180,223,485.43312776088715,360.73926067352295,0.007795289069372324,0.0034726323796791,0.000922469056238929,0.0008361233576677452,-8.63456985711838e-05,1.6942380072592723e-05,1.5356525638850487e-05,-1.5858544337422369e-06,1.6149452855721605e-05,False
19,24,593,1266,1856.1434210538864,3014.7415286302567,0.029806730719160734,0.029021207808482632,0.003527231191990428,0.006987583787560086,0.003460352595569658,6.478232636036273e-05,0.00012833633769853707,6.355401133817435e-05,9.655933202944991e-05,False
19,25,20,16,72.4394919872284,29.00092101097107,0.0011632637901817795,0.0002791754275794185,0.00013765683878254299,6.721848740798823e-05,-7.043835137455476e-05,2.528252266536074e-06,1.2345575755290735e-06,-1.2936946910070004e-06,1.8814049210325738e-06,False
19,26,161,126,416.8193234205246,263.02216815948486,0.00669345977838512,0.002531965320377637,0.0007920821755026107,0.000609634166161887,-0.0001824480093407236,1.4547650325319386e-05,1.1196748203635796e-05,-3.3509021216835903e-06,1.287219926447759e-05,False
19,27,102,246,255.2330061197281,359.0316345691681,0.004098638821634343,0.0034561940311298007,0.0004850195357747911,0.0008321654128924841,0.000347145877117693,8.908033567253454e-06,1.5283832680495646e-05,6.375799113242193e-06,1.2095933123874551e-05,False
19,28,90,181,203.08832812309265,292.3096544742584,0.003261277679249896,0.0028138993496989867,0.0003859289522348623,0.0006775168561397843,0.00029158790390492194,7.088102246420466e-06,1.2443504749209969e-05,5.355402502789503e-06,9.765803497815218e-06,False
19,29,4285,6432,13523.655213952065,11138.208178162575,0.21716853597022814,0.10722121650656478,0.0256990154744033,0.025816197557592784,0.00011718208318948348,0.0004719968487983718,0.0004741490547479014,2.1522059495296224e-06,0.0004730729517731366,False
19,30,3521,10494,10408.099254012108,16161.067114830017,0.16713762969161755,0.15557343231325454,0.019778521380227985,0.03745820644616416,0.017679685065936177,0.0003632590429254796,0.0006879701450757173,0.0003247111021502377,0.0005256145940005985,False
19,31,60,82,159.13964867591858,126.31610536575317,0.002555531324261414,0.0012159735448508857,0.0003024132329027619,0.00029277613406629145,-9.637098836470424e-06,5.55422417279765e-06,5.377225941604589e-06,-1.7699823119306104e-07,5.46572505720112e-06,False
20,0,740,1047,2154.4165048599243,2261.5089815855026,0.018510353520972883,0.016705089608074798,0.002953741207142677,0.0019469601211139396,-0.0010067810860287373,8.449456080467453e-05,5.569463565051992e-05,-2.8799925154154613e-05,7.009459822759722e-05,False
20,1,7144,7430,23333.106768012047,19512.157935738564,0.20047379605764276,0.144130467496486,0.03199008121032655,0.01679825005652916,-0.015191831153797391,0.0009151065284379359,0.00048052983023064486,-0.0004345766982072911,0.0006978181793342904,False
20,2,24,22,68.65569293498993,61.556729316711426,0.0005898771869725587,0.0004547011254824818,9.412810794456811e-05,5.2994924248241933e-05,-4.113318369632618e-05,2.6926235517582714e-06,1.5159699293912804e-06,-1.176653622366991e-06,2.1042967405747757e-06,False
20,3,7330,10594,27451.11507022381,19009.786397218704,0.23585497203001915,0.1404195993832685,0.037635939746111104,0.016365752392604297,-0.021270187353506807,0.0010766116515654664,0.00046815782550863,-0.0006084538260568363,0.0007723847385370482,False
20,4,559,1102,1495.4271321296692,2717.340670824051,0.012848437067824337,0.02007218179162718,0.0020502557107627576,0.002339391072356616,0.0002891353615938584,5.8649503686802547e-05,6.692049416216878e-05,8.270990475366229e-06,6.278499892448566e-05,False
20,5,12438,23702,41502.1177277565,44490.29024100304,0.3565786231570653,0.32863645080204695,0.05690010034718486,0.03830222279961467,-0.01859787754757019,0.001627681185119161,0.0010956713084647384,-0.0005320098766544226,0.0013616762467919498,False
20,6,19,58,74.86172449588776,105.40867352485657,0.0006431982778087073,0.0007786223053010043,0.00010263668143205341,9.07475873160291e-05,-1.1889094116024308e-05,2.9360193435632103e-06,2.595920561967281e-06,-3.4009878159592924e-07,2.7659699527652457e-06,False
20,7,7843,19619,25666.1503739357,44308.68988323212,0.22051888103915612,0.32729502334183197,0.03518872317270118,0.03814588088037448,0.002957157707673304,0.0010066067069670129,0.0010911990000006064,8.459229303359357e-05,0.0010489028534838097,False
20,8,205,324,628.744255065918,760.1054792404175,0.00540205592061577,0.005614671551469027,0.0008620189321577702,0.0006543838949884536,-0.00020763503716931663,2.4658866830260894e-05,1.8719270216021618e-05,-5.939596614239276e-06,2.1689068523141258e-05,False
20,9,342,207,958.2951480150223,348.18338441848755,0.008233497063904275,0.002571926392561038,0.0013138387405182356,0.00029975523856731143,-0.0010140835019509242,3.758359976825578e-05,8.574782100205164e-06,-2.9008817668050615e-05,2.3079190934230473e-05,False
20,10,51,52,175.27502489089966,107.31472742557526,0.0015059310336739268,0.0007927017546724603,0.00024030500250779948,9.238853190816211e-05,-0.00014791647059963738,6.874151871180483e-06,2.6428613339894886e-06,-4.231290537190994e-06,4.758506602584986e-06,False
20,11,117,76,342.2488864660263,126.22123718261719,0.002940539986745672,0.0009323584804423044,0.0004692289707087651,0.00010866537220645059,-0.0003605635985023145,1.3422738492117154e-05,3.1084757449493855e-06,-1.0314262747167768e-05,8.265607118533269e-06,False
20,12,9129,16801,34141.443120479584,33971.477007865906,0.2933370499393543,0.25093712744717517,0.04680849185326638,0.029246450723040548,-0.017562041130225834,0.0013390011797603922,0.000836622383492211,-0.0005023787962681811,0.0010878117816263016,False
20,13,1125,992,4792.769611477852,1918.6209869384766,0.04117860202653758,0.014172278673980755,0.006570967622012236,0.0016517637469131814,-0.0049192038750990544,0.00018796874348404676,4.72502641771796e-05,-0.00014071847930686716,0.00011760950383061318,False
20,14,14,21,42.39948296546936,38.594847440719604,0.00036428862154875365,0.0002850885803049911,5.813040315748671e-05,3.322676560624417e-05,-2.490363755124254e-05,1.6628751605973894e-06,9.504830552082469e-07,-7.123921053891425e-07,1.3066791079028182e-06,False
20,15,317,336,999.5939211845398,574.3835002183914,0.008588328587718628,0.00424279890934632,0.0013704600520613225,0.0004944936227345986,-0.0008759664293267239,3.9203305935962264e-05,1.4145457757990409e-05,-2.5057848177971855e-05,2.6674381846976336e-05,False
20,16,194,238,894.2067416906357,419.6636120080948,0.007682861170155735,0.0030999294280620597,0.001225972459214959,0.0003612934211252002,-0.0008646790380897587,3.5070101689850254e-05,1.0335140013543348e-05,-2.4734961676306904e-05,2.2702620851696802e-05,False
20,17,1135,1942,3519.9564814567566,3799.4461065530777,0.030242823847304624,0.02806537059451444,0.0048259194464831505,0.0032709885797554098,-0.0015549308667277407,0.0001380499900002361,9.356972194287068e-05,-4.4480268057365416e-05,0.00011580985597155338,False
20,18,540,511,1406.1231762170792,967.2542610168457,0.012081153772772298,0.007144817568997868,0.0019278184875309292,0.0008327207579149436,-0.0010950977296159856,5.514707111820091e-05,2.3820764846566394e-05,-3.132630627163451e-05,3.948391798238365e-05,False
20,19,170,235,403.1138468980789,481.57008826732635,0.003463480621528161,0.003557214029472571,0.0005526758535625293,0.00041458944669787323,-0.0001380864068646561,1.580981549811816e-05,1.1859723231094062e-05,-3.950092267024097e-06,1.383476936460611e-05,False
20,20,119912,379568,423234.90870821476,767404.427945137,3.6363571133684314,5.66858669978367,0.5802621671959404,0.6606676471954346,0.08040547999949421,0.016598948090045494,0.018899022890917556,0.0023000748008720623,0.017748985490481525,False
20,21,15802,59465,46613.78468120098,150342.9713933468,0.4004971329606669,1.1105385074833185,0.06390828158025619,0.12943206159075482,0.06552378001049863,0.0018281568374532218,0.00370252653540143,0.0018743696979482082,0.0027653416864273257,True
20,22,3667,5007,12214.423046588898,8587.45381963253,0.1049440942069738,0.06343294973853807,0.01674617911290489,0.007393041665928042,-0.009353137446976849,0.00047904029164088003,0.00021148494900727276,-0.0002675553426336073,0.0003452626203240764,False
20,23,292,272,725.1254224777222,444.75450575351715,0.006230145325580926,0.003285268346358156,0.000994159131202185,0.00038289447154030664,-0.0006112646596618784,2.8438862198812757e-05,1.0953058490399229e-05,-1.7485803708413528e-05,1.9695960344605993e-05,False
20,24,9760,12218,35834.194925904274,25073.29911994934,0.30788086459682384,0.18520895206667162,0.04912928300477734,0.021585902991673327,-0.027543380013104014,0.001405389605595432,0.0006174851704825226,-0.0007879044351129094,0.0010114373880389773,False
20,25,953,1427,3487.138301253319,2498.477089524269,0.029960856030909658,0.018455502058171612,0.004780925170310618,0.002150968798456952,-0.002629956371853666,0.0001367628861758628,6.153049681220759e-05,-7.523238936365521e-05,9.91466914940352e-05,False
20,26,5826,8267,20566.387889146805,16784.641091942787,0.17670265225818735,0.12398311736250683,0.028196863166067652,0.014450098195193665,-0.013746764970873987,0.0008065979387514122,0.00041335872541400074,-0.0003932392133374114,0.0006099783320827064,False
20,27,116,197,365.19678342342377,409.5598797798157,0.003137704130394814,0.003025296183788555,0.0005006909227999351,0.0003525949972484656,-0.00014809592555146956,1.4322737387610343e-05,1.0086313371798195e-05,-4.236424015812148e-06,1.2204525379704269e-05,False
20,28,352,379,972.0534036159515,760.6050279140472,0.00835170548573479,0.005618361567924645,0.0013327015399886232,0.0006548139624142441,-0.0006778875775743791,3.8123187987068905e-05,1.8731572701483338e-05,-1.9391615285585568e-05,2.842738034427612e-05,False
20,29,4480,6454,14307.517979502678,12138.008852481842,0.12292758397034717,0.08965983650534008,0.019615847415140136,0.010449756944560972,-0.009166090470579164,0.0005611298674866325,0.00029892518051722033,-0.00026220468696941217,0.0004300275240019264,False
20,30,222,352,672.8482041358948,919.2828979492188,0.005780989003942354,0.0067904674756790375,0.0009224861869675279,0.0007914216378987729,-0.00013106454906875494,2.6388589842507182e-05,2.2639364458831842e-05,-3.74922538367534e-06,2.4513977150669512e-05,False
20,31,104,126,342.0684336423874,215.90780794620514,0.0029389895690098817,0.0015948463208382783,0.0004689815668572233,0.00018587761327999648,-0.00028310395357722683,1.3415661270955444e-05,5.317204926259405e-06,-8.09845634469604e-06,9.366433098607424e-06,False
21,0,216,304,574.0202063322067,702.8044837713242,0.006965122832289302,0.006180485681912962,0.0010312677604167333,0.0008171598556662769,-0.00021410790475045636,2.3722312788751393e-05,1.8797176095850175e-05,-4.925136692901218e-06,2.1259744442300784e-05,False
21,1,2805,7725,10933.967683315277,19086.827463388443,0.13267203335085745,0.16785018675122548,0.01964364362239146,0.022192500951921244,0.0025488573295297835,0.00045186388657473886,0.0005104954012461306,5.863151467139178e-05,0.0004811796439104347,False
21,2,20,30,52.95378863811493,91.640939950943,0.0006425377333948777,0.0008058934317045949,9.513521372940184e-05,0.0001065521051624372,1.1416891433035353e-05,2.1884009022075965e-06,2.4510243255755847e-06,2.6262342336798815e-07,2.3197126138915906e-06,False
21,3,1521,2552,5225.070317864418,4569.759754419327,0.06340065414040923,0.040186617166148374,0.009387207114457384,0.005313318721748345,-0.004073888392709039,0.0002159344759230749,0.00012222258224450726,-9.371189367856766e-05,0.00016907852908379107,False
21,4,881,1540,2927.772113800049,3178.1507165431976,0.03552539121901026,0.02794876164300036,0.005259948966085265,0.0036952769095610015,-0.0015646720565242636,0.00012099491462423061,8.500267152173286e-05,-3.599224310249776e-05,0.00010299879307298174,False
21,5,7455,14888,27403.324085474014,30036.190324664116,0.3325101035866607,0.2641392428867905,0.04923200323935201,0.03492346665001287,-0.014308536589339137,0.001132486658546162,0.0008033465520189945,-0.00032914010652716763,0.0009679166052825783,False
21,6,13,25,56.86050844192505,39.86781454086304,0.0006899416104791745,0.0003505988687162942,0.00010215391122159309,4.635482318086884e-05,-5.579908804072425e-05,2.3498524123489622e-06,1.066302716880697e-06,-1.2835496954682653e-06,1.7080775646148296e-06,False
21,7,22136,45759,74130.75507426262,88306.43815815449,0.8994976292590185,0.776569713568858,0.1331811265877155,0.10267503683599125,-0.030506089751724252,0.0030635732675240316,0.00236183989542706,-0.0007017333720969717,0.0027127065814755457,True
21,8,79,138,276.32266306877136,313.35989463329315,0.003352880732051153,0.0027556971914495985,0.0004964331407706595,0.0003643475990592272,-0.00013208554171143227,1.141948065874275e-05,8.381109194396694e-06,-3.0383714643460556e-06,9.900294926569721e-06,False
21,9,151,141,402.68411695957184,209.02842223644257,0.0048861421711209945,0.0018382028011727125,0.0007234503992564199,0.00024304004782140572,-0.00048041035143501414,1.6641571972901366e-05,5.5906644771699905e-06,-1.1050907495731376e-05,1.1116118225035678e-05,False
21,10,20,7,41.930788397789,13.831929087638855,0.0005087853849456819,0.00012163843807690211,7.533161684289234e-05,1.6082562701063865e-05,-5.924905414182848e-05,1.7328576013152254e-06,3.699481332424993e-07,-1.3629094680727262e-06,1.0514028672788624e-06,False
21,11,25,28,34.85251247882843,41.89903223514557,0.00042289805785764646,0.00036846146374271724,6.261499524310564e-05,4.871654624356172e-05,-1.389844899954392e-05,1.4403364086771185e-06,1.1206295710344318e-06,-3.197068376426867e-07,1.280482989855775e-06,False
21,12,1591,2851,4921.438762426376,5781.757981538773,0.05971640913290667,0.05084496932835931,0.008841711623681539,0.006722524723147393,-0.002119186900534146,0.00020338641114908367,0.00015463863056106183,-4.8747780588021846e-05,0.00017901252085507276,False
21,13,92,180,317.4303821325302,423.2893204689026,0.0038516790486884892,0.0037224201678769417,0.0005702860555410298,0.0004921639631029885,-7.812209243804129e-05,1.3118323589540622e-05,1.1321276514416238e-05,-1.797047075124384e-06,1.221980005197843e-05,False
21,14,9,28,33.32641673088074,34.56006181240082,0.0004043805140133128,0.0003039223171306202,5.987325666525374e-05,4.018343049107245e-05,-1.9689826174181294e-05,1.3772680353358377e-06,9.243418088131317e-07,-4.529262265227059e-07,1.1508049220744846e-06,False
21,15,69,111,252.09743642807007,143.37854254245758,0.0030589334505248295,0.0012608756058613015,0.0004529108135986341,0.00016670808430379604,-0.00028620272929483806,1.0418334013712414e-05,3.8347958426142396e-06,-6.583538171098175e-06,7.126564928163327e-06,False
21,16,77,114,167.39145243167877,230.73088014125824,0.002031116700075195,0.002029054927817191,0.00030073054285865465,0.0002682737760895267,-3.245676676912794e-05,6.9177223187323995e-06,6.171117408774126e-06,-7.466049099582735e-07,6.544419863753262e-06,False
21,17,2096,4037,7847.74427652359,7124.828049778938,0.09522400472910895,0.06265597156047525,0.014099025740027568,0.008284129648066928,-0.0058148960919606404,0.00032432071617019797,0.00019056032025533296,-0.000133760395914865,0.00025744051821276545,False
21,18,293,331,811.636437535286,598.1726831197739,0.009848342306130046,0.005260350195113634,0.0014581620681227707,0.0006955031088855556,-0.0007626589592372151,3.3542187591244816e-05,1.5998698813065755e-05,-1.754348877817906e-05,2.4770443202155286e-05,False
21,19,1124,1606,3783.1135988235474,2806.6730049848557,0.045904047651347674,0.024681974463277186,0.006796630232565299,0.0032633549737029147,-0.0035332752588623844,0.0001563432839413546,7.506714589392879e-05,-8.12761380474258e-05,0.0001157052149176417,False
21,20,15900,51574,50526.47803795338,123894.89240849018,0.6130849087456028,1.0895357475294238,0.090774379147534,0.144054192504629,0.053279813357095,0.0020880883685070674,0.003313687040642958,0.0012255986721358904,0.002700887704575013,True
21,21,91270,294923,304144.2171435356,519679.8275387287,3.690465610385147,4.570081448608369,0.5464165236646588,0.6042384513334976,0.05782192766883887,0.012569251347561945,0.013899332541658874,0.0013300811940969298,0.01323429194461041,False
21,22,777,253,1969.6786370277405,476.951203584671,0.023899948983842328,0.004194324528079355,0.00353866650396748,0.0005545573280774923,-0.002984109175889988,8.140015317483772e-05,1.2756514749023506e-05,-6.864363842581422e-05,4.707833396193061e-05,False
21,23,90,90,300.23878729343414,149.8166764974594,0.003643077385512967,0.0013174927670290915,0.0005394001436652274,0.0001741937858536758,-0.0003652063578115516,1.2407853146842482e-05,4.00698987448985e-06,-8.400863272352631e-06,8.207421510666167e-06,False
21,24,2834,4035,10226.84917807579,6989.148183107376,0.12409190465216935,0.061462798362735244,0.0183732553865712,0.00812637291368868,-0.01024688247288252,0.0004226410714630746,0.0001869314328401572,-0.00023570963862291737,0.0003047862521516159,False
21,25,131,213,386.81608295440674,338.573423743248,0.004693600506674857,0.002977425793433412,0.0006949423577097908,0.0003936636951913515,-0.00030127866251843924,1.5985799820875038e-05,9.055469073455e-06,-6.930330747420037e-06,1.252063444716502e-05,False
21,26,539,767,2018.6304141283035,1826.4681448936462,0.024493926576622305,0.01606202077341656,0.0036266118218883977,0.002123658115627466,-0.0015029537062609317,8.34231644819915e-05,4.885063221110242e-05,-3.4572532270889074e-05,6.613689834654695e-05,False
21,27,142,256,452.0028542280197,548.0015835762024,0.0054845724340607995,0.004819143900141039,0.0008120549869840834,0.000637168523082055,-0.0001748864639020284,1.8679748502093577e-05,1.4656824913823822e-05,-4.022923588269755e-06,1.66682867079587e-05,False
21,28,95,102,256.05932462215424,255.794451713562,0.00310700673717081,0.0022494647982963705,0.00046002862499248964,0.0002974155146547137,-0.00016261311033777595,1.058206544674795e-05,6.841466530492067e-06,-3.7405989162558837e-06,8.711765988620008e-06,False
21,29,13948,22086,43772.24465894699,39551.85542178154,0.5311294921874934,0.34782031385979384,0.07863992281087202,0.045987453429953744,-0.03265246938091828,0.001808958757567403,0.0010578520889498754,-0.0007511066686175275,0.001433405423258639,True
21,30,759,1299,2244.264573454857,2490.345311999321,0.027231756390857544,0.021900178355775707,0.00403197949291345,0.0028955566771464965,-0.0011364228157669538,9.274786079812385e-05,6.660666010258055e-05,-2.6141200695543293e-05,7.96772604503522e-05,False
21,31,45,61,123.89614522457123,122.66214549541473,0.0015033475484256213,0.0010786949307423695,0.00022258815769991312,0.00014262086173793235,-7.996729596198077e-05,5.120208448963342e-06,3.2807160489350638e-06,-1.8394924000282785e-06,4.200462248949203e-06,False
22,0,1128,1108,2891.948650240898,2004.8623360395432,0.03316610812837361,0.019237950884455776,0.0048732974520347,0.004936924401600752,6.362694956605231e-05,0.00010841091065947551,0.0001098263497154396,1.415439055964097e-06,0.00010911863018745756,False
22,1,954,668,2392.943176150322,1317.0208991765976,0.027443299215788055,0.012637667393269558,0.004032410424101336,0.0032431317091862737,-0.0007892787149150621,8.970461797833942e-05,7.214639890998424e-05,-1.7558219068355182e-05,8.092550844416183e-05,False
22,2,11,16,16.739426851272583,18.822194814682007,0.00019197493043663163,0.00018061113367904015,2.8208041043893587e-05,4.6349193758535434e-05,1.8141152714641847e-05,6.275133926437354e-07,1.0310797469580616e-06,4.0356635431432616e-07,8.292965698008984e-07,False
22,3,8559,6807,23835.206174135208,14894.18543112278,0.27335237268739077,0.14291934295795228,0.040165322267205227,0.03667656685203256,-0.0034887554151726632,0.0008935139311270638,0.0008159034106633208,-7.761052046374294e-05,0.0008547086708951923,False
22,4,368,391,835.7369054555893,1213.8070026636124,0.009584589467348779,0.011647263296181992,0.001408321870303204,0.0029889700168249677,0.0015806481465217637,3.132939410408453e-05,6.649234212505756e-05,3.516294802097303e-05,4.8910868114571044e-05,False
22,5,7722,5849,18832.569165110588,12436.477187037468,0.21597998471138255,0.11933604267937259,0.031735249282505665,0.030624520492476034,-0.0011107287900296303,0.0007059793309528951,0.0006812701641499261,-2.4709166802969044e-05,0.0006936247475514106,False
22,6,34,15,90.52436995506287,33.455068707466125,0.001038172320913242,0.0003210230234070458,0.00015254495663756222,8.238228734716558e-05,-7.016266929039665e-05,3.3935005667843173e-06,1.8326685127311234e-06,-1.5608320540531938e-06,2.6130845397577205e-06,False
22,7,3864,1883,8898.42019879818,4209.919351935387,0.10205090137422058,0.040396899210567765,0.01499495797697688,0.0103668232993984,-0.00462813467757848,0.00033357640603405033,0.00023061936308944322,-0.00010295704294460711,0.0002820978845617468,False
22,8,384,606,832.9528249502182,1082.2845383882523,0.009552660437394687,0.010385220181077024,0.0014036303442514,0.0026650991696513084,0.0012614688253999083,3.1225026862670535e-05,5.928754212593323e-05,2.8062515263262697e-05,4.5256284494301884e-05,False
22,9,889,202,2032.142193198204,387.41366839408875,0.023305478714578037,0.003717484732271072,0.00342441535794907,0.0009539966703083971,-0.0024704186876406725,7.617921768279311e-05,2.1222519005290616e-05,-5.49566986775025e-05,4.8700868344041865e-05,False
22,10,138,64,339.23763477802277,131.16785728931427,0.0038905227709781086,0.0012586404317096024,0.0005716581105478152,0.00032299763615516815,-0.00024866047439264707,1.2717051844329425e-05,7.1853746300299455e-06,-5.531677214299479e-06,9.951213237179686e-06,False
22,11,245,159,469.2180701494217,332.23592483997345,0.005381194181669234,0.003188018593211323,0.0007906915032939259,0.0008181228281593631,2.7431324865437247e-05,1.7589647823983026e-05,1.819988246254717e-05,6.102346385641453e-07,1.78947651432651e-05,False
22,12,11066,11563,27772.254650354385,23058.191078662872,0.31850413409852674,0.22125825772755875,0.04679974446073131,0.0567802308151986,0.009980486354467286,0.001041102654938556,0.0012631276031716077,0.00022202494823305168,0.0011521151290550817,False
22,13,108,81,305.73190927505493,143.61845541000366,0.0035062647327662373,0.0013781119738809626,0.0005151967460942708,0.0003536569291009276,-0.0001615398169933432,1.1461017711849036e-05,7.867418338861563e-06,-3.593599372987473e-06,9.664218025355298e-06,False
22,14,41,36,91.69681179523468,100.66325533390045,0.0010516183870604152,0.0009659290451874758,0.00015452066870004722,0.0002478808009253251,9.336013222527789e-05,3.4374520690275224e-06,5.514332672653634e-06,2.0768806036261115e-06,4.475892370840578e-06,False
22,15,115,114,218.70874345302582,270.59118843078613,0.002508245723304785,0.0025964974747749005,0.000368551759077243,0.0006663241744872336,0.0002977724154099906,8.19876730693578e-06,1.4822984080404106e-05,6.624216773468326e-06,1.1510875693669943e-05,False
22,16,144,98,291.26557219028473,213.112255692482,0.003340358571211459,0.0020449499370547735,0.000490819147394649,0.0005247837103303445,3.39645629356955e-05,1.0918715974528687e-05,1.1674288404541646e-05,7.555724300129589e-07,1.1296502189535167e-05,False
22,17,69,66,154.86610519886017,99.9668140411377,0.0017760709513350546,0.000959246240516436,0.0002609688784789716,0.00024616583129837563,-1.4803047180595992e-05,5.805488798528989e-06,5.47618162178082e-06,-3.293071767481691e-07,5.640835210154904e-06,False
22,18,724,623,1940.0978368520737,1067.8562849760056,0.0222498745374679,0.010246771757210874,0.0032693090329393203,0.002629569948984661,-0.0006397390839546595,7.2728737159317e-05,5.8497162469160066e-05,-1.4231574690156933e-05,6.561294981423854e-05,False
22,19,376,199,974.3661561012268,510.1456711292267,0.011174449203027566,0.004895177683116604,0.001641929605313502,0.0012562212212256338,-0.0003857083840878683,3.6526209512713015e-05,2.7945777560934257e-05,-8.580431951778757e-06,3.223599353682363e-05,False
22,20,4473,5388,11792.036019444466,9041.100710272789,0.13523612932822765,0.08675520921263673,0.01987106482097226,0.022263489074291862,0.002392424253319602,0.00044204981415932895,0.0004952714560843265,5.322164192499753e-05,0.0004686606351218277,False
22,21,939,370,1823.8577103614807,771.6629019975662,0.020916782885331654,0.0074046046659300355,0.003073429789992316,0.0019002009974447916,-0.0011732287925475243,6.83712261893459e-05,4.227169028704032e-05,-2.609953590230558e-05,5.532145823819311e-05,False
22,22,154321,143188,407768.6743220091,294674.06729853153,4.6764661408496195,2.8275882746196466,0.6871415373946848,0.7256276738875148,0.03848613649283006,0.015286085151606583,0.016142244076034755,0.0008561589244281721,0.01571416461382067,False
22,23,1477,1182,3267.427806377411,2391.840221762657,0.03747226421843307,0.022951254000129137,0.005506027087375833,0.0058898479677545875,0.00038382088037875427,0.0001224865538238242,0.00013102499654798198,8.538442724157782e-06,0.0001267557751859031,False
22,24,13543,9345,36318.05508708954,18543.31424486637,0.4165110407234597,0.17793509422820156,0.0612004937584304,0.045662457185402475,-0.015538036573027929,0.0013614603513255328,0.0010158026706028256,-0.00034565768072270723,0.0011886315109641793,False
22,25,41,47,107.84440493583679,112.43935883045197,0.0012368059145324477,0.001078928375168633,0.0001817313954541458,0.00027687916737813,9.514777192398422e-05,4.042779303031333e-06,6.1594275690206085e-06,2.1166482659892755e-06,5.10110343602597e-06,False
22,26,514,499,1275.2025542259216,865.7497571706772,0.014624570113135343,0.00830742889787646,0.002148876798977625,0.002131887574036176,-1.6989224941448954e-05,4.78037084674396e-05,4.742576778858115e-05,-3.7794067885844987e-07,4.761473812801037e-05,False
22,27,95,67,195.32765007019043,190.5446515083313,0.002240101310979164,0.0018283991778978283,0.00032915167401734207,0.0004692115377279642,0.00014005986371062212,7.322276769790081e-06,1.0438035149236207e-05,3.115758379446126e-06,8.880155959513145e-06,False
22,28,516,471,1168.0664409399033,1102.8756992816925,0.013395887191188654,0.010582805688471243,0.0019683389640979625,0.0027158043990552026,0.00074746543495724,4.378748099919376e-05,6.041552582669803e-05,1.662804482750427e-05,5.21015034129459e-05,False
22,29,12677,5468,35723.16030859947,14198.11065530777,0.4096885321195248,0.13624005525409388,0.0601980211840979,0.03496249976409056,-0.02523552142000734,0.0013391594419794063,0.0007777724375872485,-0.0005613870043921579,0.0010584659397833273,False
22,30,269,154,509.70492029190063,541.9827432632446,0.005845514753022,0.005200674982860896,0.0008589169413990658,0.0013346192316368865,0.0004757022902378207,1.9107384417720345e-05,2.9689812228677833e-05,1.0582427810957488e-05,2.439859832319909e-05,False
22,31,129,65,261.50112330913544,135.92469203472137,0.002999007098773864,0.0013042853378722817,0.0004406623049204096,0.00033471122521653673,-0.00010595107970387286,9.802931637135971e-06,7.4459540159042146e-06,-2.3569776212317563e-06,8.624442826520093e-06,False
23,0,1631,1772,3620.007356286049,3495.2723737955093,0.03564671458280665,0.02401284753848544,0.006124346161998219,0.0056994545399533325,-0.00042489162204488624,0.0001716725069698732,0.0001597623033305769,-1.1910203639296302e-05,0.00016571740515022504,False
23,1,5348,3872,13185.418428778648,7008.999791383743,0.12983864426943204,0.048152482950852525,0.02230715542840189,0.011429002209105425,-0.010878153219296464,0.0006252953694098328,0.0003203681518814053,-0.0003049272175284275,0.00047283176064561903,False
23,2,4633,5327,10649.856459259987,9338.888100743294,0.10487061383780859,0.06415903316244519,0.018017479279107566,0.015228160352521797,-0.002789318926585769,0.000505050785064203,0.00042686294913866845,-7.818783592553459e-05,0.00046595686710143575,False
23,3,1261,501,2910.4309381246567,1105.7302631139755,0.02865941716503569,0.0075964701423290835,0.004923881305023555,0.0018030238259301513,-0.0031208574790934033,0.00013802208844767295,5.05408434037389e-05,-8.748124504393405e-05,9.428146592570592e-05,False
23,4,25759,51726,71513.86952900887,95326.73982810974,0.7042069932222578,0.6549036026475883,0.12098751446432654,0.1554415112726367,0.034453996808310156,0.0033914199770458324,0.004357205360621336,0.0009657853835755036,0.0038743126688335844,True
23,5,1013,533,2092.274624466896,1056.0276131629944,0.02060291845476763,0.0072550082967574895,0.0035397204494486026,0.00172197778327133,-0.0018177426661772726,9.922245860300943e-05,4.826902908181828e-05,-5.095342952119115e-05,7.374574384241386e-05,False
23,6,1310,2467,3017.264611840248,4241.581043124199,0.029711423169432177,0.02914005777468783,0.005104623037068961,0.006916398994840837,0.0018117759577718764,0.00014308848826139413,0.000193874664044273,5.078617578287888e-05,0.00016848157615283356,False
23,7,2458,1815,5636.774535179138,3034.8843668699265,0.055506100747074266,0.020849938947517365,0.009536322745484995,0.0049487375040266806,-0.004587585241458314,0.0002673141572482704,0.00013871883645696844,-0.00012859532079130195,0.0002030164968526194,False
23,8,1147,1131,2735.9977457523346,2254.035652399063,0.02694174932343127,0.015485435376412211,0.004628774376476718,0.0036754714249442673,-0.000953302951532451,0.0001297498998894604,0.00010302771546970208,-2.6722184419758306e-05,0.00011638880767958124,False
23,9,6939,6355,17914.515153884888,11605.266496300697,0.17640671571315952,0.07972926433671565,0.030307864412550747,0.018923758078368016,-0.011384106334182732,0.000849564496678936,0.0005304548281028031,-0.00031910966857613286,0.0006900096623908695,False
23,10,1075,652,2234.222784638405,1231.7454179525375,0.02200070167816406,0.008462206021273223,0.003779869041533506,0.002008506423433033,-0.001771362618100473,0.00010595410141972597,5.630075829406436e-05,-4.9653343125661605e-05,8.112742985689517e-05,False
23,11,2292,1313,5177.278748393059,2495.7325772047043,0.05098138199612395,0.017145915815473468,0.008758945524587626,0.004069586815122116,-0.00468935870946551,0.000245523374552019,0.00011407522573080817,-0.00013144814882121083,0.00017979930014141359,False
23,12,4337,2334,9647.791372418404,4584.6203598976135,0.09500313992729019,0.031496769908237895,0.016322180660994556,0.007475765127799354,-0.008846415533195203,0.0004575296038416407,0.00020955434377153726,-0.0002479752600701034,0.000333541973806589,False
23,13,11485,17859,29903.979617238045,32536.040962576866,0.2944686353895685,0.22352563908828704,0.050591699069142196,0.05305385862530076,0.002462159556158562,0.0014181438444738857,0.001487161024820148,6.901718034626222e-05,0.0014526524346470168,True
23,14,1559,2161,4677.311282157898,5057.051559090614,0.046058133003652704,0.0347424163544765,0.007913098118326354,0.008246120011511107,0.0003330218931847529,0.0002218132933603544,0.00023114828223371793,9.334988873363514e-06,0.00022648078779703617,False
23,15,329,291,797.6441717147827,498.8419443368912,0.00785451280323567,0.003427090731174078,0.0013494583134476003,0.0008134207238569783,-0.000536037589590622,3.782687744830219e-05,2.280112377583418e-05,-1.5025753672468008e-05,3.0314000612068184e-05,False
23,16,1778,2193,4486.10996234417,4039.505437850952,0.04417534708515985,0.027751779499995202,0.00758962278970946,0.006586890847057272,-0.0010027319426521878,0.00021274590573436706,0.00018463816951886438,-2.8107736215502685e-05,0.00019869203762661573,False
23,17,708,571,2033.7901312112808,1041.1916588544846,0.02002701353706551,0.007153083905522901,0.0034407760975305136,0.0016977860070389224,-0.0017429900904915913,9.644893396952502e-05,4.759090561132579e-05,-4.885802835819923e-05,7.20199197904254e-05,False
23,18,1027,1038,2354.1651841402054,1979.1041840314865,0.02318179112374026,0.013596630520190498,0.003982788180019275,0.0032271631851311672,-0.0007556249948881075,0.00011164215958864122,9.046111694829271e-05,-2.1181042640348513e-05,0.00010105163826846697,False
23,19,296,342,773.805421590805,611.0682293176651,0.007619769323998074,0.004198095786819451,0.0013091277993189212,0.0009964189400278106,-0.00031270885929111057,3.6696366486852024e-05,2.7930775449672846e-05,-8.765591037179178e-06,3.231357096826244e-05,False
23,20,494,179,1110.7248222827911,315.74454176425934,0.01093746139802724,0.0021691944809041908,0.0018791296903227185,0.00051485877767793,-0.0013642709126447886,5.2674178814537813e-05,1.4432087076961755e-05,-3.8242091737576056e-05,3.355313294574978e-05,False
23,21,173,99,411.38201463222504,215.69253754615784,0.004050935762500741,0.001481827870730613,0.0006959781056944568,0.0003517121645706189,-0.00034426594112383784,1.9509071342519832e-05,9.85889879940074e-06,-9.650172543119092e-06,1.4683985070960286e-05,False
23,22,1706,914,3679.634031534195,2089.370246052742,0.036233866725025786,0.014354168661090903,0.00622522286300121,0.003406965026184081,-0.0028182578368171293,0.00017450019758336123,9.55011705303197e-05,-7.899902705304152e-05,0.00013500068405684047,False
23,23,122874,186514,327622.59251761436,356849.06445229053,3.226145114339301,2.45158638942893,0.5542735054350008,0.5818845580443731,0.027611052609372355,0.015536927487122975,0.016310897229548742,0.0007739697424257678,0.01592391235833586,False
23,24,1385,1179,3079.2801731824875,2203.680710911751,0.03032209900439163,0.015139492227085867,0.0052095412672573576,0.003593361743873176,-0.0016161795233841816,0.0001460294676127977,0.00010072608613277188,-4.530338148002583e-05,0.00012337777687278478,False
23,25,445,283,835.5617791414261,495.14289247989655,0.008227892743266284,0.0034016778995604696,0.0014136075072640917,0.0008073889827949857,-0.000606218524469106,3.962505355253798e-05,2.2632047096934055e-05,-1.6993006455603926e-05,3.112855032473602e-05,False
23,26,11831,18140,32513.576098918915,33739.09137535095,0.3201656939320716,0.23179070774492108,0.055006627168443935,0.05501557445273777,8.947284293833735e-06,0.0015418993858575191,0.0015421501885856251,2.5080272810602475e-07,0.0015420247872215721,True
23,27,583,642,1381.0286959409714,1198.911296248436,0.013599181136852765,0.00823663253966083,0.0023364311066684917,0.0019549665089431613,-0.00038146459772533036,6.549286647659153e-05,5.479997256113805e-05,-1.0692893915453478e-05,6.0146419518864786e-05,False
23,28,1265,711,2560.3575122356415,1649.8839622735977,0.025212195580244807,0.011334856859594782,0.00433162536981447,0.002690330719195218,-0.0016412946506192522,0.00012142046951959515,7.541308197242939e-05,-4.6007387547165754e-05,9.841677574601227e-05,False
23,29,216,86,439.05629885196686,135.36387276649475,0.004323448278021346,0.0009299624439371226,0.00074279759517779,0.0002207267865499401,-0.0005220708086278499,2.0821475788977667e-05,6.187227142312424e-06,-1.4634248646665243e-05,1.3504351465645045e-05,False
23,30,2529,3175,6259.661838650703,6088.062609910965,0.06163975842750646,0.04182555853230873,0.01059012653396328,0.009927305334404599,-0.0006628211995586813,0.00029685349637723155,0.0002782738514663875,-1.8579644910844033e-05,0.00028756367392180954,False
23,31,6289,8139,15829.343085885048,15742.02943265438,0.15587373711714655,0.10814921193171528,0.026780160102893642,0.025669238766818384,-0.0011109213360752587,0.0007506788643733862,0.0007195384543172479,-3.114041005613827e-05,0.000735108659345317,False
24,0,1425,1522,3708.867460131645,2922.847296476364,0.025735982078215997,0.01837810865351548,0.0034762004175103475,0.002967222454499708,-0.0005089779630106394,0.00011715299768320675,9.999970185451156e-05,-1.715329582869519e-05,0.00010857634976885915,False
24,1,3988,4677,12888.1036516428,8900.276226401329,0.08943107516414082,0.05596263743654905,0.012079598900837268,0.00903540171327644,-0.003044197187560828,0.00040710000922714143,0.0003045061471859645,-0.00010259386204117694,0.00035580307820655296,False
24,2,421,339,1501.7569901943207,725.7851589918137,0.010420752804174024,0.004563549565911584,0.0014075478114085218,0.000736804151041137,-0.0006707436603673848,4.743640345312583e-05,2.483136891794085e-05,-2.2605034535184982e-05,3.613388618553334e-05,False
24,3,15674,19392,53676.19715487957,39506.772577643394,0.37246131409498695,0.24840837899980503,0.05030894766822893,0.04010657102699745,-0.010202376641231477,0.0016954845295835276,0.0013516496341635957,-0.0003438348954199319,0.0015235670818735617,True
24,4,4189,7562,11639.708564639091,12551.142296671867,0.0807684109058392,0.07891834004877672,0.010909518931868487,0.01274169584473431,0.0018321769128658225,0.00036766661660591227,0.00042941363687177,6.174702026585775e-05,0.00039854012673884117,False
24,5,6585,11990,22075.26409780979,21146.36109006405,0.1531811549752582,0.13296285516119224,0.020690424529415184,0.021467408691873947,0.0007769841624587631,0.0006972973263420667,0.0007234828199418899,2.61854935998232e-05,0.0007103900731419783,False
24,6,1335,2423,3292.670695900917,4347.3767248392105,0.022847975812046183,0.0273351816576865,0.003086112774547242,0.004413379327638308,0.0013272665530910661,0.00010400647813787095,0.0001487372867057612,4.4730808567890255e-05,0.00012637188242181608,False
24,7,9881,11689,35774.7086700201,25469.297666549683,0.2482421577697349,0.16014436348038735,0.03353046679393089,0.025855976816726033,-0.007674489977204855,0.0011300253802511181,0.0008713839331152246,-0.0002586414471358935,0.0010007046566831714,False
24,8,919,994,2254.401808857918,2092.007641673088,0.01564338579729288,0.013154003559817377,0.002112977234540976,0.002123768852666629,1.0791618125653105e-05,7.12103985190062e-05,7.157409170738057e-05,3.636931883743732e-07,7.139224511319338e-05,False
24,9,2854,4139,9756.671269655228,6266.341645240784,0.06770193856697679,0.03940113729346016,0.009144609535300803,0.006361478295407574,-0.0027831312398932297,0.0003081866092376236,0.00021439104841297177,-9.37955608246518e-05,0.00026128882882529766,False
24,10,547,424,1104.0564435720444,825.0759927034378,0.007661092543894917,0.005187864675513863,0.0010347960695160307,0.0008376024348482672,-0.00019719363466776346,3.487412892649828e-05,2.822841733029488e-05,-6.645711596203401e-06,3.155127312839658e-05,False
24,11,4360,3645,11629.950219035149,7936.708847641945,0.08070069734899854,0.04990397470614518,0.010900372753034307,0.008057205292914323,-0.0028431674601199844,0.0003673583771090255,0.0002715395085562851,-9.581886855274043e-05,0.00031944894283265533,False
24,12,31022,33346,77195.36946570873,67198.84311270714,0.5356618068579417,0.4225289640018862,0.07235270023831947,0.06821906722284357,-0.004133633015475896,0.0024383909744376416,0.002299081544335189,-0.00013930943010245257,0.0023687362593864153,True
24,13,1615,1943,5130.933106541634,3498.983935713768,0.03560375340826915,0.022000706990397797,0.004809056133417235,0.003552106096852882,-0.0012569500365643528,0.00016207216914729673,0.00011971112920846761,-4.236103993882912e-05,0.00014089164917788216,False
24,14,339,447,881.8821865320206,781.731631398201,0.0061194163424972935,0.004915326530074243,0.000826559389886835,0.000793600012177779,-3.295937770905603e-05,2.7856250692759987e-05,2.6745471843261307e-05,-1.11077884949868e-06,2.7300861268010645e-05,False
24,15,2985,3116,6585.4674862623215,6506.909909963608,0.045696826598679664,0.040913768388828604,0.0061723437333167305,0.006605698907885735,0.00043335517456900407,0.00020801693925550488,0.00022262163739274543,1.4604698137240548e-05,0.00021531928832412516,False
24,16,1140,1347,2578.544955134392,2647.893171072006,0.01789262826632729,0.016649268150111345,0.002416786025912399,0.0026880939294342053,0.00027130790352180613,8.144919558386739e-05,9.059266557271512e-05,9.14346998884773e-06,8.602093057829126e-05,False
24,17,2960,5956,8102.545626997948,11945.989550828934,0.05622389348929308,0.07511329593015914,0.007594251559064113,0.012127355568377067,0.004533104009312954,0.00025593729602677,0.0004087094782132981,0.0001527721821865281,0.0003323233871200341,False
24,18,1979,4246,5617.272080540657,6461.549486875534,0.03897847931943249,0.04062855376776816,0.005264885780240729,0.006559649815244186,0.001294764035003457,0.0001774342896076861,0.00022106971615817726,4.363542655049115e-05,0.00019925200288293168,False
24,19,867,1204,2703.272590637207,2179.691941142082,0.01875811839949176,0.013705339780765791,0.002533689167712612,0.002212784389881021,-0.00032090477783159113,8.538900107709861e-05,7.45740444639929e-05,-1.0814956613105714e-05,7.998152277054576e-05,False
24,20,11022,11842,38134.690205454826,23368.19109594822,0.26461816558175655,0.14693314820626732,0.03574240046019992,0.023722970893665506,-0.012019429566534415,0.0012045707540950738,0.0007994985387335204,-0.0004050722153615534,0.001002034646414297,False
24,21,3277,4539,10219.758487343788,8190.656168460846,0.07091531959587466,0.051500729849633275,0.009578646069843221,0.008315008084562826,-0.0012636379852803952,0.00032281427019455216,0.0002802278366804593,-4.2586433514092844e-05,0.00030152105343750574,False
24,22,22642,17184,66574.22761166096,28211.58452105522,0.4619612717635275,0.1773871547243799,0.06239785063952389,0.028639897530332158,-0.03375795310919173,0.002102898099484353,0.000965206100349447,-0.0011376919991349058,0.0015340520999169,True
24,23,1356,1242,3613.1889618635178,2255.599162340164,0.0250720650892245,0.014182624776272247,0.003386524083912106,0.0022898440472463423,-0.0010966800366657638,0.0001141307751297104,7.717106672292636e-05,-3.6959708406784035e-05,9.565092092631838e-05,False
24,24,200547,332790,565859.4115706682,590420.6160825491,3.9265214601267147,3.712412292876821,0.5303615575101454,0.5993844809312152,0.06902292342106986,0.017873953988748418,0.020200126653277382,0.0023261726645289645,0.019037040321012902,False
24,25,3464,4105,9675.993249177933,7694.776026844978,0.0671421105031732,0.04838276363472919,0.009068992659938768,0.007811599407442769,-0.0012573932524959988,0.00030563821082553076,0.00026326223386674395,-4.2375976958786805e-05,0.0002844502223461374,False
24,26,6891,14456,21271.51795899868,32027.841644644737,0.147603927844272,0.2013827935494504,0.019937099506792684,0.03251409370982827,0.01257699420303559,0.0006719091800817302,0.0010957721326629293,0.00042386295258119914,0.0008838406563723297,False
24,27,5101,9851,12368.63394355774,20447.7553460598,0.0858264537423285,0.12857020273464972,0.011592716898301332,0.020758196598258626,0.009165479699957294,0.00039069137932543416,0.0006995813433924669,0.00030888996406703276,0.0005451363613589506,False
24,28,3864,3476,10049.318189740181,6474.0658947229385,0.06973262744208804,0.04070725370657393,0.00941889794186099,0.0065723562492954165,-0.0028465416925655728,0.0003174305265032714,0.00022149794142144665,-9.593258508182472e-05,0.000269464233962359,False
24,29,10920,12355,43940.4862254858,25343.03665828705,0.3049048201811612,0.1593504668812217,0.041183983575735474,0.025727798892653055,-0.015456184683082418,0.0013879600002720503,0.0008670641511008394,-0.000520895849171211,0.0011275120756864447,False
24,30,1142,2129,3712.661334991455,3558.6672438383102,0.02576230793009629,0.022375980212107467,0.003479756292589039,0.003612695526974483,0.0001329392343854441,0.0001172728358325716,0.0001217530809126638,4.4802450800922046e-06,0.0001195129583726177,False
24,31,1227,1451,3413.891324400902,3140.507570385933,0.023689130681051655,0.0197467002211579,0.003199728913148096,0.003188187283204796,-1.154162994330011e-05,0.00010783550685417658,0.00010744653717935666,-3.889696748199151e-07,0.00010764102201676662,False
25,0,356,587,855.3306376934052,1080.7117404937744,0.009926132497709175,0.010186929678794358,0.002463307607570996,0.002657110895974507,0.0001938032884035109,5.5232281116204556e-05,5.9577738286656245e-05,4.345457170451689e-06,5.74050097014304e-05,False
25,1,180,191,517.2964606285095,342.3338862657547,0.0060032377919276,0.003226883816830079,0.0014897868153911714,0.0008416852201887174,-0.0006481015952024539,3.340399872837593e-05,1.8872265302934933e-05,-1.4531733425440999e-05,2.6138132015655433e-05,False
25,2,1400,1367,3730.6628024578094,2687.2488182783127,0.04329443100662682,0.025330357500064658,0.010744114214543715,0.0066070514899556195,-0.004137062724588096,0.0002409045199301949,0.00014814330298046195,-9.276121694973296e-05,0.00019452391145532842,False
25,3,1076,1830,3103.9777784347534,2865.442663669586,0.03602173632149538,0.027010035904747737,0.008939294044194392,0.007045170916666407,-0.0018941231275279849,0.00020043684358049768,0.00015796681639964954,-4.247002718084814e-05,0.0001792018299900736,False
25,4,814,881,1834.8412091732025,1509.6762365102768,0.021293376095617614,0.014230404910795639,0.005284246945052421,0.0037117919858929782,-0.0015724549591594429,0.00011848338058127342,8.322579680248377e-05,-3.525758377878965e-05,0.00010085458869187859,False
25,5,274,291,688.8576757907867,486.2621080875397,0.007994209795176685,0.004583569989058154,0.0019838741634289093,0.0011955568698722564,-0.0007883172935566529,4.448242483273481e-05,2.6806775136097524e-05,-1.767564969663729e-05,3.564459998441617e-05,False
25,6,2858,5884,9009.031182169914,9623.19902074337,0.1045500222362742,0.09070952783816838,0.025945539736223322,0.02366024723712689,-0.002285292499096432,0.0005817508702600961,0.0005305100437571845,-5.1240826502911606e-05,0.0005561304570086403,False
25,7,767,894,2644.2074189186096,1576.2210552692413,0.03068609030817847,0.01485766504297109,0.0076151793984406,0.0038754035729331136,-0.003739775825507486,0.00017074754610113316,8.68942956702236e-05,-8.385325043090956e-05,0.00012882092088567837,False
25,8,217,317,732.8946006298065,608.8918526172638,0.008505259360667,0.005739493939215344,0.0021106982092300997,0.001497062644401572,-0.0006136355648285277,4.732607348159072e-05,3.356713736036033e-05,-1.3758936121230391e-05,4.0446605420975524e-05,False
25,9,5638,6390,14678.941560149193,12027.079444050789,0.17034946771589748,0.11336881792534234,0.042274585783242745,0.029570590047385967,-0.012703995735856777,0.0009478807270658226,0.0006630317453043427,-0.0002848489817614799,0.0008054562361850826,False
25,10,1318,2026,3713.504393219948,3490.482194662094,0.043095307257237654,0.032901739964313254,0.010694698891221004,0.008581935334027298,-0.0021127635571937062,0.00023979652959199292,0.00019242414688009003,-4.737238271190289e-05,0.00021611033823604149,False
25,11,6498,7797,18138.88069498539,14928.121400117874,0.21050214408793683,0.14071441739869023,0.05223902996071141,0.03670328778936026,-0.015535742171351154,0.0011713034860769767,0.0008229610881078225,-0.00034834239796915423,0.0009971322870923995,False
25,12,2888,4174,8611.567236661911,7370.367399930954,0.09993744364700016,0.06947404344443463,0.02480086431182212,0.01812128321724719,-0.006679581094574928,0.0005560849588517842,0.0004063153971372249,-0.00014976956171455932,0.00048120017799450454,False
25,13,243,170,571.5072774887085,337.16960525512695,0.006632355617537707,0.003178204631136435,0.0016459111393654438,0.0008289879700071438,-0.0008169231693583,3.690461818991668e-05,1.8587567569985947e-05,-1.8317050619930733e-05,2.7746092879951314e-05,False
25,14,829,2056,2754.9098356962204,3283.316705584526,0.03197079450130135,0.030948971071340925,0.007933996582588435,0.00807258426688113,0.0001385876842926962,0.00017789606473738004,0.00018100347767865127,3.107412941271234e-06,0.00017944977120801567,False
25,15,3030,4582,8891.459250807762,8469.92140841484,0.10318559716217715,0.07983858279638435,0.025606938708505875,0.0208247209862494,-0.004782217722256475,0.0005741587582998822,0.0004669318765321521,-0.00010722688176773005,0.0005205453174160172,False
25,16,4369,8624,14685.812635540962,13840.70709514618,0.17042920671007683,0.13046430847380663,0.04229437412185573,0.03402969751554803,-0.008264676606307697,0.0009483244211776484,0.0007630138492250751,-0.00018531057195257325,0.0008556691352013617,False
25,17,4825,11314,14340.898953199387,19082.874570012093,0.1664264751811,0.1798776621276894,0.041301040713434226,0.04691844461995651,0.005617403906522288,0.0009260519003250237,0.0010520053260176623,0.00012595342569263852,0.000989028613171343,False
25,18,324,505,1080.1999875307083,894.6803157329559,0.012535746678230186,0.008433373229765203,0.0031109196019893782,0.002199721467134042,-0.0009111981348553363,6.975303671327468e-05,4.93221528958379e-05,-2.0430883817436784e-05,5.9537594804556286e-05,False
25,19,39,39,115.21892309188843,78.74807822704315,0.0013371183568703189,0.0007422896459629115,0.00033182448667309634,0.00019361534519697816,-0.00013820914147611818,7.440168362586647e-06,4.341243108032042e-06,-3.0989252545546054e-06,5.890705735309344e-06,False
25,20,1372,1815,4261.1913059949875,3046.079176545143,0.049451226972830754,0.02871273921140857,0.012272008623097371,0.007489296050675948,-0.004782712572421423,0.0002751629670805801,0.00016792498978286555,-0.00010723797729771453,0.0002215439784317228,False
25,21,245,340,761.1961057186127,559.374506354332,0.008833699003789873,0.005272736981406665,0.002192205067185017,0.0013753159515833158,-0.0008168891156017013,4.9153620182468926e-05,3.083733311584016e-05,-1.8316287066628768e-05,3.999547664915454e-05,False
25,22,52,38,89.34944546222687,80.26939344406128,0.0010369024505501377,0.000756629761420492,0.00025732174090348296,0.00019735575356665477,-5.9965987336828194e-05,5.769667859267836e-06,4.425110541367782e-06,-1.3445573179000537e-06,5.097389200317809e-06,False
25,23,610,383,1554.7037352323532,699.1010361909866,0.018042374013651784,0.006589817457517365,0.00447746563696654,0.0017188570374940234,-0.002758608599472517,0.0001003937307663084,3.854021105673066e-05,-6.185351970957773e-05,6.946697091151953e-05,False
25,24,3704,5473,10598.90048956871,9544.622346997261,0.12300049355557514,0.08996885387317616,0.03052428038617874,0.02346705331856649,-0.007057227067612248,0.0006844153892829165,0.0005261782498768452,-0.0001582371394060713,0.0006052968195798809,False
25,25,59973,152753,180951.6163650751,250333.10378086567,2.099947833691664,2.359672453752434,0.5211312135344485,0.615485880976313,0.09435466744186449,0.011684803633901782,0.0138004239083481,0.0021156202744463184,0.012742613771124942,False
25,26,117,151,309.321869969368,232.26976215839386,0.0035896876955501915,0.00218940504202978,0.0008908308458801575,0.0005710741289388546,-0.0003197567169413029,1.9974208481074186e-05,1.2804623641318164e-05,-7.169584839756022e-06,1.6389416061196175e-05,False
25,27,958,1713,3558.312873005867,2784.7252408266068,0.0412943059551914,0.026249182959836404,0.010247755410504855,0.006846713607751572,-0.0034010418027532827,0.00022977516324127912,0.00015351700678518641,-7.625815645609271e-05,0.00019164608501323277,False
25,28,3408,7522,10118.620498895645,12421.597757816315,0.1174268327823851,0.11708759895523076,0.029141099072833614,0.030540579426504687,0.0013994803536710732,0.0006534016990322331,0.0006847808463514694,3.1379147319236344e-05,0.0006690912726918512,False
25,29,325,198,914.5352668762207,434.711531996727,0.010613203634703824,0.004097647541969247,0.002633813850469927,0.0010688111408380947,-0.0015650027096318325,5.905537195184238e-05,2.396488250572641e-05,-3.509048944611597e-05,4.151012722878439e-05,False
25,30,1894,2705,5541.317427873611,5047.4252680540085,0.0643071212195426,0.047577688238256116,0.015958705060369494,0.012409940758333618,-0.0035487643020358766,0.0003578260715128814,0.000278255681301456,-7.95703902114254e-05,0.0003180408764071687,False
25,31,5371,9971,17869.447124361992,16957.6290705204,0.20737536105985432,0.15984482113754309,0.05146307533567723,0.04169317245742773,-0.009769902878249505,0.001153905032123608,0.0009348442779607967,-0.00021906075416281128,0.0010443746550422024,False
26,0,11639,19316,32450.88808989525,32365.66211283207,0.26914563433161903,0.24418102844949308,0.03054740547042826,0.03328937562324574,0.002741970152817484,0.0008552495538751344,0.0009320177347999025,7.676818092476807e-05,0.0008936336443375185,False
26,1,20008,24236,64071.74759602547,55249.57473182678,0.5314070635508246,0.41682749861205004,0.060313469621935546,0.056826393350475235,-0.0034870762714603112,0.0016886235407703408,0.0015909942861882433,-9.762925458209749e-05,0.0016398089134792922,True
26,2,960,1065,2655.8174117803574,1930.5977071523666,0.022027183354194926,0.014565292438982587,0.0025000342396897337,0.001985696817408581,-0.0005143374222811529,6.999459152879834e-05,5.559445363908198e-05,-1.440013788971636e-05,6.279452258394016e-05,False
26,3,1328,1555,4694.079606771469,2845.844932079315,0.03893240240044543,0.02147032678955751,0.00441873740593148,0.0029270651278268858,-0.0014916722781045944,0.00012371339355719385,8.195036881809235e-05,-4.17630247391015e-05,0.0001028318811876431,False
26,4,15822,23397,39703.14560711384,41496.25472509861,0.329295404174616,0.3130663021894252,0.03737426488767242,0.04268055464726655,0.005306289759594129,0.0010463842306521365,0.0011949468296597126,0.00014856259900757605,0.0011206655301559247,False
26,5,6428,8880,21478.086807727814,16062.650661110878,0.17813790741509847,0.12118381957957675,0.020218239470895034,0.0165210774770678,-0.003697161993827233,0.000566059212601966,0.0004625480928479219,-0.00010351111975404412,0.000514303652724944,False
26,6,31,43,73.59883666038513,88.02202212810516,0.0006104241438371223,0.0006640774971485372,6.928172502978984e-05,9.053416387790815e-05,2.1252438848118305e-05,1.9397118514954784e-06,2.534726012721294e-06,5.950141612258154e-07,2.2372189321083863e-06,False
26,7,2600,2166,7795.354920625687,5007.72061252594,0.06465418570794747,0.03778048368333882,0.007338100174226068,0.00515064057412108,-0.0021874596001049875,0.00020544811592504474,0.00014420481822761044,-6.12432976974343e-05,0.0001748264670763276,False
26,8,2229,3361,6958.7511550188065,6578.18311560154,0.057715446448956306,0.049628755095352584,0.006550569356108388,0.006765923956393644,0.00021535460028525646,0.00018339925873126148,0.0001894286390659424,6.0293803346809106e-06,0.00018641394889860194,False
26,9,157,173,388.6005405187607,276.65606212615967,0.0032230285559457393,0.0020872170493916515,0.0003658062683637478,0.00028455180488689435,-8.125446347685347e-05,1.0241643864834488e-05,7.966725829447958e-06,-2.2749180353865294e-06,9.104184847141223e-06,False
26,10,892,1462,2731.8680078983307,2660.827403306961,0.02265794223748858,0.020074471815254194,0.0025716239105008356,0.002736767212996166,0.0001651433024953304,7.199891998420624e-05,7.66225118608167e-05,4.623591876610453e-06,7.431071592251147e-05,False
26,11,256,193,665.3825531005859,304.17324900627136,0.005518641241230433,0.00229481901251536,0.0006263529856627098,0.0003128543301667312,-0.0003134986554959786,1.753628837889259e-05,8.759124455332987e-06,-8.777163923559603e-06,1.3147706417112789e-05,False
26,12,10082,15054,30741.453689694405,26063.54996550083,0.25496769243012724,0.1966350761938378,0.02893824193680239,0.026807401679349436,-0.0021308402574529532,0.000810197073212646,0.0007505389729091683,-5.965810030347774e-05,0.0007803680230609072,False
26,13,20506,24109,70884.80652654171,46378.90068888664,0.587914147810361,0.34990316679105604,0.06672689267118664,0.04770255095178281,-0.019024341719403835,0.0018681830521990411,0.0013355499359745185,-0.0005326331162245226,0.0016018664940867797,True
26,14,51,63,140.12157833576202,176.33888912200928,0.0011621595988452979,0.0013303794358151516,0.00013190241994984845,0.00018137158747143556,4.946916752158711e-05,3.692931824483914e-06,5.0779425251265214e-06,1.3850107006426076e-06,4.385437174805217e-06,False
26,15,94,87,223.33879804611206,199.5469949245453,0.0018523580095701543,0.00150547176432899,0.00021023833931118458,0.00020524205083076054,-4.996288480424042e-06,5.886138057695377e-06,5.746254704981487e-06,-1.3988335271389026e-07,5.816196381338432e-06,False
26,16,1038,1180,2430.4560005664825,1989.0933064222336,0.020158049917630694,0.015006609398286273,0.0022878919283093008,0.0020458618765880564,-0.00024203005172124432,6.405514710227266e-05,5.7278922065440815e-05,-6.776225036831845e-06,6.066703458385674e-05,False
26,17,56,87,191.24168229103088,161.62124824523926,0.0015861465408366767,0.0012193429715181589,0.000180023954833151,0.00016623390625463186,-1.3790048578519125e-05,5.040212243456735e-06,4.654126004279657e-06,-3.860862391770775e-07,4.847169123868196e-06,False
26,18,1204,899,4055.879616856575,1733.1539052724838,0.033639211636598096,0.013075688103500972,0.0038179725267347207,0.0017826179845904127,-0.0020353545421443082,0.00010689350699058277,4.990876352908697e-05,-5.69847434614958e-05,7.840113525983488e-05,False
26,19,180,138,617.7566684484482,398.9428629875183,0.005123635135394594,0.0030098033600324653,0.0005815207084896942,0.0004103286616509289,-0.0001711920468387653,1.6281098798600867e-05,1.1488157485546938e-05,-4.7929413130539295e-06,1.3884628142073903e-05,False
26,20,6077,7400,20884.19529914856,13185.249920248985,0.17321220842165555,0.09947542165724824,0.019659184055593044,0.013561555940099758,-0.006097628115493286,0.0005504070847971558,0.00037968902723509737,-0.0001707180575620584,0.00046504805601612655,False
26,21,665,641,2062.8705335855484,1214.4358222484589,0.017109319066024985,0.009162246921714105,0.0019418680452711105,0.0012490957273241063,-0.0006927723179470041,5.4367359644020636e-05,3.497149912045547e-05,-1.9395860523565165e-05,4.466942938223805e-05,False
26,22,405,347,1261.332495689392,709.8053485155106,0.010461412757486768,0.005355088964200469,0.001187346092720615,0.0007300631386358528,-0.0004572829540847622,3.3242666617881295e-05,2.0439908529169105e-05,-1.280275808871219e-05,2.68412875735252e-05,False
26,23,13317,21342,36963.80554127693,38760.675766944885,0.3065754891563496,0.29242787121655983,0.034795607210239964,0.039866902475790604,0.0050712952655506405,0.0009741883831077106,0.0011161717347750056,0.00014198335166729504,0.001045180058941358,False
26,24,6831,10828,21597.94381046295,22697.37485587597,0.1791319938925123,0.17123914586051697,0.020331065981247474,0.023345156190680914,0.00301409020943344,0.0005692180675409764,0.0006536049170052567,8.438684946428026e-05,0.0006114114922731165,False
26,25,90,81,203.02182042598724,137.48885214328766,0.0016838502690694397,0.0010372773836558671,0.0001911131014570987,0.00014141277342174873,-4.970032803534996e-05,5.35068010666588e-06,3.959197500366322e-06,-1.3914826062995574e-06,4.654938803516101e-06,False
26,26,205937,349939,679238.6473748684,646790.018187046,5.63356281972405,4.879673132630367,0.6393963183709073,0.6652493556205666,0.025853037249659372,0.01790146847546511,0.01862528767495467,0.0007238191994895608,0.01826337807520989,False
26,27,97,70,198.90192592144012,145.86593782901764,0.0016496801219617872,0.001100477864184275,0.000187234868985397,0.000150028940489433,-3.7205928495964014e-05,5.242099474688547e-06,4.200428234278706e-06,-1.0416712404098407e-06,4.7212638544836266e-06,False
26,28,1193,1673,3104.2324085235596,3038.936537027359,0.025746309265569933,0.02292709620514389,0.002922146407670761,0.00312566755234711,0.00020352114467634894,8.181265718090486e-05,8.751073089643222e-05,5.69807371552736e-06,8.466169403866854e-05,False
26,29,196,146,496.1452171802521,298.61629569530487,0.004114997371679294,0.002252894871745824,0.0004670426608798481,0.0003071387818351474,-0.00015990387904470072,1.3076005022581248e-05,8.599103658625036e-06,-4.476901363956212e-06,1.0837554340603143e-05,False
26,30,296,349,713.9183704853058,737.3560712337494,0.005921194272186826,0.005562943936683764,0.0006720418213390244,0.0007584001568640607,8.635833552503628e-05,1.8815459415760834e-05,2.1233272869760568e-05,2.417813453999734e-06,2.00243661427607e-05,False
26,31,1034,1469,2635.024921655655,2568.8637437820435,0.02185473174274921,0.019380656842939124,0.002480461381627432,0.0026421789176929314,0.0001617175360654993,6.9446601351955e-05,7.397428049340274e-05,4.527679141447729e-06,7.171044092267888e-05,False
27,0,299,389,915.4769356250763,647.1130393743515,0.006470187964968551,0.0025926113199780964,0.0008169618898759973,0.0005089252784108209,-0.0003080366114651764,3.148240215565499e-05,1.961191884304429e-05,-1.18704833126107e-05,2.554716049934964e-05,False
27,1,631,1324,1850.1024369001389,2390.7576583623886,0.013075709562269803,0.009578396649814636,0.0016510117562733757,0.0018802232884555065,0.00022921153218213083,6.362330571209646e-05,7.245618974780956e-05,8.832884035713095e-06,6.8039747729953e-05,False
27,2,2407,3686,7164.044650793076,9217.742008805275,0.05063231379871916,0.036930212841594916,0.006393117324219374,0.007249339192246663,0.0008562218680272888,0.0002463648465412618,0.0002793601692334779,3.299532269221612e-05,0.00026286250788736985,False
27,3,241,250,644.421605348587,498.6848565340042,0.004554488215964981,0.001997944602386197,0.000575074993258066,0.0003921931934738998,-0.00018288179978416622,2.216106091577791e-05,1.5113537109460563e-05,-7.047523806317345e-06,1.8637299012619235e-05,False
27,4,10123,11604,27201.635439634323,27183.328613638878,0.192249184441565,0.10890802872175592,0.02427445043310477,0.021378464412035964,-0.002895986021068806,0.0009354389967425713,0.0008238394255969919,-0.00011159957114557939,0.0008796392111697816,False
27,5,247,241,856.8857523202896,462.9125634431839,0.006056091274686501,0.0018546255122647828,0.000764675740460265,0.0003640598950964776,-0.0004006158453637874,2.9467505740686845e-05,1.402939374309438e-05,-1.5438111997592465e-05,2.1748449741890613e-05,False
27,6,7573,12085,22310.21757376194,27607.33064365387,0.15767879629105358,0.11060676201226939,0.01990940110376494,0.021711922923984293,0.0018025218202193521,0.0007672276760940557,0.0008366895659835613,6.946188988950555e-05,0.0008019586210388085,False
27,7,2924,3438,9340.525622844696,7239.075931787491,0.0660147231673793,0.0290028311360853,0.00833538581729984,0.00569320738395871,-0.0026421784333411297,0.0003212120071630363,0.00021939315240829404,-0.00010181885475474227,0.00027030257978566516,False
27,8,141,266,453.2163039445877,426.0646107196808,0.0032031333190361564,0.0017069968700706222,0.0004044454139528655,0.0003350806388342202,-6.93647751186453e-05,1.558568805946032e-05,1.2912650586374242e-05,-2.6730374730860776e-06,1.4249169322917282e-05,False
27,9,26487,43321,80326.03259909153,130049.03630423546,0.5677090368655242,0.5210320039302347,0.07168209798053296,0.10227771344583303,0.03059561546530007,0.0027623377099349647,0.003941368803324838,0.0011790310933898732,0.0033518532566299015,True
27,10,1321,2344,4633.06052672863,3747.5290030241013,0.03274443221285817,0.015014202347985643,0.004134493985085196,0.0029472628817070624,-0.0011872311033781337,0.00015932665153859957,0.00011357557365915814,-4.575107787944144e-05,0.00013645111259887884,False
27,11,1837,3330,6602.850563645363,6369.863812327385,0.046666041042545986,0.025520396007667544,0.005892313683862897,0.005009611175911373,-0.0008827025079515237,0.00022706590273237527,0.00019305012343653422,-3.401577929584105e-05,0.00021005801308445474,False
27,12,3871,2826,9745.738151431084,5950.622862458229,0.06887858693465596,0.02384073763842804,0.00869699317219113,0.004679897039197851,-0.004017096132993278,0.0003351468899405649,0.00018034427610503232,-0.0001548026138355326,0.00025774558302279864,False
27,13,70,88,218.1844996213913,167.15571355819702,0.001542031993006054,0.0006696972071355459,0.00019470552912470134,0.0001314604449059053,-6.324508421879605e-05,7.503162443432773e-06,5.065953069998442e-06,-2.4372093734343307e-06,6.284557756715608e-06,False
27,14,16109,18010,45326.88404369354,41563.523995280266,0.32035046238361814,0.16652123547460673,0.040449229696040576,0.03268784081600943,-0.007761388880031146,0.0015587494740672675,0.001259656983908813,-0.00029909249015845456,0.0014092032289880403,True
27,15,4221,6824,13580.791952610016,14183.66615998745,0.09598305891401004,0.056825826722216435,0.012119354434682171,0.01115481501707452,-0.0009645394176076502,0.00046703083082308525,0.00042986138850709864,-3.716944231598661e-05,0.0004484461096650919,False
27,16,7067,10719,23748.160511493683,18385.51194500923,0.1678415439562047,0.0736602162093795,0.021192606102415253,0.014459377598673927,-0.0067332285037413255,0.0008166771991578399,0.0005572058453681562,-0.0002594713537896837,0.000686941522262998,False
27,17,6355,14615,20612.82978141308,26071.19381558895,0.14568240660763518,0.10445234155224148,0.018394670273607052,0.020503820451414894,0.002109150177807842,0.0007088560852725572,0.000790134190074357,8.127810480179978e-05,0.0007494951376734571,False
27,18,626,739,1784.3971091508865,1506.4667658805847,0.012611333230880028,0.006035549514145054,0.0015923770199473318,0.0011847683041338096,-0.00040760871581352223,6.136376047236992e-05,4.565617157206127e-05,-1.570758890030865e-05,5.3509966022215595e-05,False
27,19,521,852,1525.7262377738953,1803.7819672822952,0.010783161385427046,0.00722672124126849,0.0013615418828592215,0.001418593327649681,5.7051444790459475e-05,5.246830927994441e-05,5.466684087696544e-05,2.1985315970210297e-06,5.356757507845492e-05,False
27,20,195,181,562.0816820859909,340.1766983270645,0.003972545886455253,0.0013628931967252793,0.0005015957206481832,0.00026753366161862103,-0.0002340620590295622,1.932946737503091e-05,1.030966368153449e-05,-9.01980369349642e-06,1.48195655282827e-05,False
27,21,171,313,642.4810447692871,724.9045256376266,0.004540773188074184,0.002904277250986195,0.0005733432576166856,0.0005701047809020792,-3.2384767146064006e-06,2.2094326838503512e-05,2.19695290632775e-05,-1.247977752260114e-07,2.2031927950890505e-05,False
27,22,101,19,286.0804761648178,50.304195284843445,0.0020218908656942196,0.00020154009918262064,0.0002552951771577465,3.9561985360893285e-05,-0.0002157331917968532,9.838042062034626e-06,1.5245586711478395e-06,-8.313483390886787e-06,5.681300366591232e-06,False
27,23,872,948,2312.3236894607544,2408.8893781900406,0.016342485893918617,0.009651040066367161,0.0020634930906883587,0.0018944830699772581,-0.00016901002071110062,7.951866559690673e-05,7.300570396883118e-05,-6.512961628075544e-06,7.626218478286895e-05,False
27,24,6801,10151,17404.736607909203,20765.252676963806,0.1230090163408122,0.08319447434493413,0.015531802013431278,0.016330936570390045,0.0007991345569587673,0.0005985327384892765,0.0006293281474433905,3.0795408954113973e-05,0.0006139304429663335,False
27,25,1118,1765,3505.4640914201736,3231.2044392824173,0.02477507700447954,0.012945585541818874,0.0031282389075850204,0.002541196852491152,-0.0005870420550938686,0.00012054965665841151,9.792743365171463e-05,-2.2622223006696878e-05,0.00010923854515506307,False
27,26,133,98,459.13615357875824,203.7807023525238,0.003244972210183404,0.0008164325605662963,0.0004097282248645478,0.00016026435007364395,-0.0002494638747909039,1.5789266194125954e-05,6.175938905790291e-06,-9.613327288335662e-06,1.0982602549958123e-05,False
27,27,246792,361042,709053.7741501331,800243.6423625946,5.011279932343996,3.2061179418292496,0.632752053942116,0.6293556051345036,-0.0033964488076123622,0.024383701215299092,0.024252815835469958,-0.00013088537982913415,0.024318258525384523,False
27,28,634,1038,1986.7552727460861,1706.496670126915,0.014041511648005114,0.006836954774939318,0.001772959294966301,0.0013420828203232484,-0.00043087647464305247,6.832266990839417e-05,5.17184358281699e-05,-1.6604234080224265e-05,6.002055286828204e-05,False
27,29,183,200,560.75925385952,370.9630551338196,0.003963199545916805,0.001486236495811398,0.000500415599750451,0.00029174574552946444,-0.0002086698542209865,1.928399029567738e-05,1.1242699325122876e-05,-8.041290970554503e-06,1.5263344810400128e-05,False
27,30,30373,36585,82563.69314932823,94625.24409925938,0.5835238365600036,0.37910915725731553,0.07367896247911712,0.07441849532883356,0.0007395328497164372,0.0028392887794693334,0.002867787380041294,2.8498600571960717e-05,0.0028535380797553135,True
27,31,6965,10978,22408.608431220055,21386.36440908909,0.1583741795574313,0.08568291331880505,0.019997204059500378,0.01681941299098837,-0.003177791068512008,0.0007706112463648034,0.0006481520501338397,-0.00012245919623096366,0.0007093816482493215,False
28,0,20793,30789,51235.424421191216,55366.99156367779,0.3708978008715448,0.38561033796042116,0.08461269119690455,0.08310950811262244,-0.0015031830842821142,0.0028809058738712657,0.002829725265906267,-5.118060796499872e-05,0.002855315569888766,True
28,1,853,893,2003.14384496212,1946.655982017517,0.014500936711642199,0.01355772907139309,0.0033080899297997708,0.0029220590926256045,-0.00038603083717416624,0.00011263435278138507,9.949071569126516e-05,-1.314363709011991e-05,0.00010606253423632512,False
28,2,333,403,937.3298735618591,723.468291759491,0.006785414441721801,0.005038685408221495,0.0015479524964863993,0.0010859736490117602,-0.0004619788474746391,5.270492377111039e-05,3.697539718984671e-05,-1.572952658126368e-05,4.4840160480478554e-05,False
28,3,463,356,1327.1364051103592,672.1086111068726,0.00960725864326812,0.004680984488329218,0.0021916981090787666,0.0010088793790268848,-0.0011828187300518818,7.462327302063826e-05,3.435047967334335e-05,-4.027279334729491e-05,5.4486876346990804e-05,False
28,4,550,638,1318.168409705162,1358.7799228429794,0.009542338525759773,0.009463392726670157,0.0021768879218997303,0.0020396183327192107,-0.00013726958918051967,7.411901349841213e-05,6.944523749412731e-05,-4.673776004284825e-06,7.178212549626972e-05,False
28,5,758,978,1678.1374967098236,2144.639259815216,0.012148186808662757,0.014936608373048457,0.0027713585160880658,0.003219245057901816,0.0004478865418137503,9.43596393716094e-05,0.0001096093489705676,1.5249709598958195e-05,0.0001019844941710885,False
28,6,807,1242,2159.2576501369476,2166.439019203186,0.015631058452198792,0.015088435523985184,0.0035659039195940667,0.0032519679353517133,-0.0003139359842423534,0.00012141244300707152,0.00011072350251564273,-1.0688940491428785e-05,0.00011606797276135713,False
28,7,203,188,430.94745314121246,334.72513365745544,0.0031196669973355246,0.002331235060244345,0.0007116877470355916,0.0005024445147829346,-0.000209243232252657,2.4231653452857568e-05,1.7107307821755103e-05,-7.124345631102465e-06,2.0669480637306337e-05,False
28,8,8438,12613,22224.153223991394,23569.11490392685,0.1608826246709369,0.16415004873578004,0.03670205595245374,0.03537879684256269,-0.0013232591098910479,0.001249637224403093,0.0012045826954853525,-4.5054528917740436e-05,0.0012271099599442227,False
28,9,745,370,1651.3426333665848,633.4899995326996,0.01195421640633014,0.004412020337666417,0.002727108165411025,0.0009509102945367045,-0.0017761978708743203,9.285299665190574e-05,3.237673940284348e-05,-6.047625724906226e-05,6.261486802737461e-05,False
28,10,19763,29759,52592.63908958435,50417.212250709534,0.3807227987417569,0.351136980824735,0.08685406202425658,0.07567956271828576,-0.011174499305970823,0.002957220411214316,0.0025767493467350497,-0.0003804710644792664,0.002766984878974683,True
28,11,15423,17895,37930.406494259834,30737.35570704937,0.27458159103423013,0.2140741584012781,0.06264013244602791,0.04613879933421278,-0.016501333111815134,0.002132780826978799,0.0015709409089231757,-0.0005618399180556235,0.0018518608679509874,True
28,12,16150,17357,40580.3619505167,34869.899040937424,0.29376485461087976,0.24285577334208466,0.06701639877423414,0.05234201959295712,-0.014674379181277022,0.0022817846134346024,0.0017821491027241027,-0.0004996355107104997,0.0020319668580793524,True
28,13,519,495,1110.7845754623413,1075.0309995412827,0.008041068478211236,0.007487187859471754,0.0018344040930986523,0.0016136924736996133,-0.00022071161939903896,6.245807162146777e-05,5.494324858766746e-05,-7.5148230338003085e-06,5.870066010456761e-05,False
28,14,278,374,811.8714951276779,685.4566984176636,0.0058772100657880685,0.004773948911962739,0.0013407643809893958,0.0010289157389466452,-0.00031184864204275055,4.565055107018072e-05,3.503268072577777e-05,-1.061787034440295e-05,4.034161589797924e-05,False
28,15,897,1706,2405.696365714073,3023.285829424858,0.01741505026430446,0.021056052306809354,0.003972884893708233,0.004538151542483254,0.0005652666487750216,0.000135269393569616,0.00015451567903487564,1.9246285465259638e-05,0.0001448925363022458,False
28,16,14571,22578,39120.643458247185,39452.234033465385,0.2831978224297164,0.27477001854871363,0.06460574810790089,0.059220406813947,-0.005385341293953884,0.0021997064101975774,0.0020163454847017953,-0.00018336092549578204,0.0021080259474496863,True
28,17,1238,2815,3331.2265861034393,4469.064295053482,0.024115045965727618,0.031125357266349404,0.005501350864584789,0.006708360429126894,0.0012070095645421051,0.00018731083713111933,0.00022840728371755484,4.109644658643552e-05,0.0002078590604243371,False
28,18,2284,3997,5615.225398659706,7924.407997846603,0.040649116803246864,0.0551905306733432,0.009273258453994526,0.011895059351875951,0.002621800897881426,0.00031573732465108674,0.00040500480332341006,8.926747867232332e-05,0.0003603710639872484,False
28,19,83,161,250.44379270076752,319.33677184581757,0.0018129849221318124,0.0022240608896553888,0.0004135951547852707,0.00047934556819571763,6.575041341044693e-05,1.4082151199431088e-05,1.6320831349230535e-05,2.2386801497994468e-06,1.5201491274330812e-05,False
28,20,408,404,955.1580637693405,849.8358207941055,0.006914474298572318,0.0059187878700324836,0.0015773948436449677,0.001275659649331925,-0.0003017351943130427,5.370738131819736e-05,4.3433855191635236e-05,-1.0273526126562125e-05,4.85706182549163e-05,False
28,21,80,77,167.9285739660263,157.42874145507812,0.0012156499041653807,0.001096432160800322,0.00027732547807776263,0.00023631092995314722,-4.101454812461541e-05,9.442420368229723e-06,8.045950749607039e-06,-1.3964696186226842e-06,8.74418555891838e-06,False
28,22,472,298,938.8654944896698,708.7030971050262,0.006796530938394398,0.004935851363243427,0.0015504884961551483,0.0010638101174514738,-0.0004866783787036745,5.279126987638711e-05,3.6220769871479415e-05,-1.6570500004907695e-05,4.4506019873933266e-05,False
28,23,1283,712,2435.828404545784,1573.7556927204132,0.017633178777236913,0.010960618364808702,0.004022646419558815,0.002362311149974731,-0.001660335269584084,0.00013696368162602741,8.043233197767336e-05,-5.653134964835406e-05,0.00010869800680185038,False
28,24,4119,3356,9142.199686169624,6076.675467967987,0.06618119781450235,0.04232176635755944,0.015097876667268629,0.009121490889061992,-0.005976385778206637,0.0005140548180000372,0.00031056991934707873,-0.00020348489865295845,0.00041231236867355796,False
28,25,3453,7833,8696.726039648056,14173.86750292778,0.06295637440945333,0.09871567306892982,0.01436219965248238,0.021275910482999767,0.0069137108305173875,0.000489006374283271,0.0007244054599302903,0.00023539908564701928,0.0006067059171067806,False
28,26,1685,2095,4191.673842191696,4202.9718462228775,0.03034390029170237,0.02927212312404865,0.0069223356381686516,0.006308938103473524,-0.0006133975346951275,0.0002356927444193861,0.0002148076911759077,-2.0885053243478393e-05,0.00022525021779764692,False
28,27,999,1440,2953.460252761841,2581.046643614769,0.021380361831409126,0.01797602218266146,0.004877489025462418,0.003874321340357645,-0.0010031676851047734,0.00016606949364720568,0.00013191348660364398,-3.41560070435617e-05,0.00014899149012542485,False
28,28,111355,207743,293566.9373668432,360797.31813287735,2.125157207303664,2.512818050090761,0.4848108295706436,0.5415805842347445,0.056769754664100947,0.01650691340588827,0.01843981871071354,0.0019329053048252713,0.017473366058300903,False
28,29,99,63,343.2801172733307,120.0047379732132,0.0024850353445485156,0.0008357880076160793,0.0005669096115630499,0.00018013503104403444,-0.00038677458051901545,1.930222531399423e-05,6.133265136515677e-06,-1.3168960177478554e-05,1.2717745225254953e-05,False
28,30,165,249,343.30475318431854,494.27098047733307,0.002485213686102452,0.003442412066161983,0.000566950296513986,0.0007419333596005498,0.00017498306308656383,1.930361056143728e-05,2.5261460703574236e-05,5.957850142136956e-06,2.2282535632505758e-05,False
28,31,5029,6700,13079.132903933525,12567.65394616127,0.09468100803648657,0.0875289978501941,0.0215995211521285,0.018864877937134216,-0.0027346432149942847,0.0007354238055750448,0.0006423142544004399,-9.310955117460495e-05,0.0006888690299877424,False
29,0,158,99,410.4618738889694,154.74808847904205,0.0035111861475299014,0.0012217627799978078,0.00026858556594239137,0.00016138217460103996,-0.00010720339134135141,6.415052384792423e-06,3.854544827846198e-06,-2.560507556946225e-06,5.134798606319311e-06,False
29,1,1386,1852,4835.734207987785,3609.3592916727066,0.041365992907823834,0.02849651252914955,0.003164260779432856,0.00376409335411919,0.0005998325746863343,7.55770273357123e-05,8.99037741034187e-05,1.43267467677064e-05,8.27404007195655e-05,False
29,2,34,15,84.37546908855438,21.480595111846924,0.0007217673482024979,0.00016959299373453483,5.521105505388362e-05,2.2401473161613976e-05,-3.280958189226964e-05,1.3186926451077046e-06,5.350496901203495e-07,-7.83642954987355e-07,9.26871167614027e-07,False
29,3,13633,16799,52047.889234900475,35730.11077332497,0.4452297261089524,0.282095371239169,0.03405751587550387,0.03726186883475566,0.0032043529592517897,0.0008134493291576159,0.0008899839412125836,7.653461205496764e-05,0.0008517166351850998,False
29,4,1154,856,3597.1859921216965,1805.600171804428,0.030771163971840283,0.014255523975451653,0.0023538172409050444,0.0018830066661875045,-0.00047081057471753994,5.621992697802748e-05,4.4974815985074635e-05,-1.1245110992952844e-05,5.0597371481551056e-05,False
29,5,8276,9863,31258.47142457962,20460.231051325798,0.2673922204249156,0.1615370439425542,0.02045396849778014,0.02133736585928728,0.0008833973615071412,0.0004885343668032309,0.000509633938296478,2.109957149324705e-05,0.0004990841525498544,False
29,6,45,64,120.60693991184235,108.10668992996216,0.0010316997598392836,0.0008535209146901975,7.891910375472436e-05,0.0001127412485756195,3.382214482089515e-05,1.8849493381040978e-06,2.6927769293999604e-06,8.078275912958626e-07,2.288863133752029e-06,False
29,7,65845,86650,228628.6986539364,177093.3645348549,1.9557429586228439,1.3981825785368105,0.14960309915471096,0.18468539777743487,0.03508229862272391,0.0035732066041501776,0.004411132434803254,0.0008379258306530765,0.003992169519476715,True
29,8,98,50,274.2083617448807,118.95113790035248,0.0023456419768622195,0.0009391396969967722,0.00017942813379375342,0.00012405060052310055,-5.537753327065288e-05,4.285564913191789e-06,2.962896006449344e-06,-1.3226689067424448e-06,3.624230459820566e-06,False
29,9,770,636,2362.1485866308212,1136.9532585144043,0.020206367322751637,0.008976441567084383,0.0015456709997671446,0.0011856947060360143,-0.00035997629373113026,3.6917696594639365e-05,2.8319815418612445e-05,-8.59788117602692e-06,3.2618756006625905e-05,False
29,10,27,12,76.42766630649567,36.4217848777771,0.0006537799983245093,0.0002875562572831499,5.0010413425484335e-05,3.798319516704719e-05,-1.2027218258437147e-05,1.194477524449026e-06,9.07212514877532e-07,-2.872650095714941e-07,1.050845019663279e-06,False
29,11,103,54,235.15520298480988,95.93259644508362,0.00201157219163111,0.0007574043523065994,0.00015387371469988893,0.00010004524890482464,-5.382846579506429e-05,3.675208446064131e-06,2.3895383593015006e-06,-1.2856700867626303e-06,3.032373402682816e-06,False
29,12,1858,1662,5570.512483119965,3204.898064851761,0.0476514568333915,0.025303221563561903,0.003645062655131387,0.0033422927815388785,-0.0003027698735925087,8.706077631712293e-05,7.982924623538532e-05,-7.231530081737604e-06,8.344501127625413e-05,False
29,13,126,34,282.28431832790375,74.301952958107,0.002414725584101302,0.0005866267008374558,0.0001847126328114726,7.748729475975049e-05,-0.0001072253380517221,4.411782932045876e-06,1.8507511872260106e-06,-2.5610317448198657e-06,3.1312670596359435e-06,False
29,14,49,33,122.1824951171875,84.90978193283081,0.0010451774247908715,0.0006703773354674603,7.995006768443535e-05,8.854988380083385e-05,8.599816116398504e-06,1.909573474523052e-06,2.1149764368628506e-06,2.054029623397984e-07,2.0122749556929514e-06,False
29,15,69,57,149.68863570690155,112.1037939786911,0.0012804713362461867,0.0008850787387803927,9.79486999744047e-05,0.0001169097093936532,1.89610094192485e-05,2.3394631768592345e-06,2.792338848961105e-06,4.528756721018703e-07,2.5659010129101697e-06,False
29,16,54,34,91.7370297908783,64.26975786685944,0.0007847398472492475,0.000507420794744322,6.002808940769494e-05,6.702501715903765e-05,6.996927751342708e-06,1.4337454686301435e-06,1.600864121860745e-06,1.671186532306014e-07,1.5173047952454443e-06,False
29,17,704,1046,1971.201299548149,2088.70802628994,0.016862113480577763,0.01649070918991896,0.0012898547960357707,0.002178251419467248,0.0008883966234314771,3.0807635013119065e-05,5.202661175816138e-05,2.1218976745042316e-05,4.141712338564022e-05,False
29,18,377,244,1088.868828177452,488.20037388801575,0.009314436709432295,0.003854425937404533,0.0007125008899905252,0.0005091296361296188,-0.0002033712538609064,1.7017781716835868e-05,1.2160345530713852e-05,-4.857436186122016e-06,1.458906362377486e-05,False
29,19,5428,9423,17361.182849764824,16837.81490087509,0.14851158805389383,0.1329374452671689,0.011360283177956652,0.017559655895853152,0.006199372717896501,0.0002713355478987256,0.00041940493725187167,0.00014806938935314605,0.0003453702425752986,False
29,20,6244,5612,21757.53427517414,12981.993845701218,0.18611899864800446,0.10249507471613414,0.014237034006206798,0.01353853490578218,-0.0006984991004246183,0.0003400455219305318,0.0003233621670218938,-1.668335490863799e-05,0.00033170384447621284,False
29,21,19657,25957,66418.3604208231,53237.950744867325,0.568158072372698,0.42032277970428417,0.04346082805103107,0.05552027393006108,0.01205944587903001,0.0010380434542548,0.0013260782068823477,0.0002880347526275477,0.001182060830568574,False
29,22,14300,6513,52766.39341259003,17968.70464158058,0.4513759776273781,0.14186601431803939,0.03452766880193357,0.018739027139678083,-0.01578864166225549,0.0008246787325000015,0.0004475737194561897,-0.00037710501304381183,0.0006361262259780956,False
29,23,346,107,895.1247110366821,224.29312551021576,0.007657104558641364,0.00177083281125551,0.0005857245030456595,0.00023390862335469077,-0.00035181587969096873,1.3989781457207373e-05,5.586808311198935e-06,-8.402973146008438e-06,9.788294884203155e-06,False
29,24,11470,11985,41315.0624243021,24827.573085427284,0.35341863421834635,0.19601796061964621,0.02703449486803752,0.025891936850225766,-0.001142558017811754,0.0006457074495658525,0.0006184179356591405,-2.7289513906712e-05,0.0006320626926124965,False
29,25,226,143,601.4365466833115,256.9807559251785,0.0051448278285254265,0.0020289072766647193,0.00039354976806705986,0.00026799757999880605,-0.0001255521880682538,9.399769378204803e-06,6.401008589786587e-06,-2.998760788418216e-06,7.900388983995695e-06,False
29,26,346,166,1071.8495230674744,545.0365701913834,0.009168849622922762,0.004303157484802665,0.0007013643143773025,0.0005684024132323311,-0.00013296190114497138,1.675178932928758e-05,1.3576050685128522e-05,-3.1757386441590575e-06,1.516392000720805e-05,False
29,27,154,187,447.6211076974869,339.0077974796295,0.003829054859098919,0.0026765248809243964,0.00029290069598817493,0.0003535411396786401,6.064044369046516e-05,6.995808958361229e-06,8.44418024944851e-06,1.4483712910872805e-06,7.71999460390487e-06,False
29,28,121,113,279.0309886932373,364.8112248182297,0.0023868958472286414,0.0028802473787499457,0.0001825838178429954,0.0003804507658781727,0.0001978669480351773,4.360937088962705e-06,9.086905263800957e-06,4.725968174838252e-06,6.723921176381831e-06,False
29,29,282739,273923,988021.9553130865,581836.1033473015,8.451769149914083,4.593696129726122,0.6465117783462052,0.6067795508330288,-0.0397322275131764,0.015441659759057145,0.014492672348035262,-0.0009489874110218833,0.014967166053546203,False
29,30,1279,1614,3930.4519630670547,2915.154902935028,0.03362199844652519,0.02301564945544707,0.0025718896980802325,0.00304012826367321,0.00046823856559297756,6.142849517323455e-05,7.261217481856326e-05,1.1183679645328709e-05,6.70203349958989e-05,False
29,31,56,27,161.2006552219391,67.99961924552917,0.0013789478234003327,0.0005368686919803977,0.00010548158542193981,7.091477855232088e-05,-3.4566806869618924e-05,2.5193829524623033e-06,1.6937694238068937e-06,-8.256135286554097e-07,2.1065761881345985e-06,False
30,0,188,278,513.200701713562,591.4625817537308,0.004773898325509463,0.0019756257621231016,0.0006859104065824391,0.0007279285011752935,4.2018094592854386e-05,2.997977623931432e-05,3.1816303374356e-05,1.836527135041679e-06,3.089803980683516e-05,False
30,1,2011,2919,6991.735977292061,4887.759757041931,0.0650385639827678,0.01632628063545236,0.00934469584879512,0.006015494037676725,-0.003329201811118394,0.00040843802322112143,0.0002629252501314869,-0.00014551277308963456,0.0003356816366763041,False
30,2,4579,6286,13027.880812644958,12569.082865595818,0.12118802290947661,0.04198372759592501,0.01741221123679675,0.015469099709355392,-0.001943111527441357,0.0007610530350629699,0.0006761235045562438,-8.492953050672609e-05,0.0007185882698096069,False
30,3,269,142,781.0097997188568,236.882058262825,0.00726511355622685,0.0007912424409015976,0.0010438464863382587,0.000291536957613277,-0.0007523095287249817,4.562444859896469e-05,1.2742499123587837e-05,-3.2881949475376854e-05,2.9183473861276266e-05,False
30,4,27973,43345,77687.0904211998,83890.75335288048,0.7226612700199806,0.2802150780805843,0.10383147099972818,0.10324654886799747,-0.0005849221317307113,0.004538266568487432,0.004512700788382006,-2.5565780105425533e-05,0.004525483678434718,True
30,5,1116,1348,3336.85493683815,2189.3894426822662,0.03104010992629292,0.007313081705791512,0.004459821506071784,0.0026945389694394825,-0.001765282536632302,0.000194929905620617,0.00011777292573005917,-7.715697989055783e-05,0.00015635141567533808,False
30,6,1628,3435,5535.02589905262,6984.348053812981,0.051487947664356305,0.023329384431782334,0.007397752676851387,0.008595820204591653,0.0011980675277402661,0.00032334101917308813,0.00037570616199137947,5.2365142818291337e-05,0.0003495235905822338,False
30,7,19790,30308,62243.743926644325,50472.88525855541,0.5790040892631045,0.16859144683307167,0.08319090671814178,0.062118302745904956,-0.02107260397223682,0.0036361086588293417,0.0027150671557341173,-0.0009210415030952244,0.0031755879072817295,True
30,8,83,114,251.9214392900467,195.72948563098907,0.0023434249664333736,0.0006537830560187358,0.00033670167689426374,0.00024088940789579938,-9.581226899846437e-05,1.4716558949712794e-05,1.0528795711264656e-05,-4.187763238448138e-06,1.2622677330488726e-05,False
30,9,25757,39565,77506.30552721024,92709.89612543583,0.7209795718075416,0.309673113464058,0.10358984576475422,0.11410049902160184,0.010510653256847621,0.004527705611241741,0.004987105307973766,0.0004593996967320246,0.004757405459607754,True
30,10,110,199,302.7283400297165,422.64015328884125,0.002816041191539025,0.001411718679598153,0.00040460684893939313,0.0005201543137485247,0.00011554746480913153,1.7684558624114064e-05,2.2734907921564858e-05,5.050349297450794e-06,2.020973327283946e-05,False
30,11,3991,4945,12194.894901037216,9249.459373354912,0.11343941688590833,0.03089539522437541,0.01629889688745822,0.011383552072498526,-0.0049153448149596955,0.0007123922846837944,0.0004975523634967198,-0.00021483992118707463,0.0006049723240902571,False
30,12,1906,2176,5344.421676039696,4098.680782556534,0.049714908036705335,0.013690569098602976,0.0071430035705727,0.005044353862582344,-0.0020986497079903566,0.0003122064436802721,0.00022047864942833974,-9.172779425193234e-05,0.0002663425465543059,False
30,13,470,787,1534.1806001663208,1360.1472903490067,0.01427126302381974,0.004543215598065141,0.0020504851916946687,0.001673968918719589,-0.00037651627297507974,8.962261927957101e-05,7.316584372123605e-05,-1.6456775558334967e-05,8.139423150040352e-05,False
30,14,9002,14540,27456.151121497154,32332.813624858856,0.2554027565165082,0.10799929112978594,0.036696091248616725,0.03979284114801935,0.0030967498994026246,0.0016039129803737198,0.0017392657438866487,0.00013535276351292892,0.0016715893621301841,True
30,15,2903,4020,8273.787774562836,8238.506842017174,0.07696447310130869,0.02751857321262217,0.011058202214997552,0.010139346295838831,-0.000918855919158721,0.0004833319699383671,0.0004431706098129218,-4.016136012544529e-05,0.00046325128987564446,False
30,16,2020,3040,5202.059600114822,5437.957537055016,0.04839062676895849,0.01816407214076415,0.006952731754783074,0.0066926368658288835,-0.0002600948889541904,0.00030389004199387275,0.00029252181299923257,-1.1368228994640189e-05,0.00029820592749655266,False
30,17,3883,6858,12486.847420454025,11787.82505428791,0.11615521918103085,0.03937414060514142,0.016689101481152876,0.014507585244770638,-0.002181516236382238,0.0007294473494477262,0.0006340976244668295,-9.534972498089671e-05,0.0006817724869572779,False
30,18,298,332,854.9739305973053,558.6571971178055,0.007953143091980419,0.001866047971367647,0.0011427020937331007,0.0006875540544982068,-0.0004551480392348939,4.9945230090625396e-05,3.0051616812453385e-05,-1.989361327817201e-05,3.999842345153939e-05,False
30,19,6303,17766,17867.784274935722,27405.66428565979,0.16620979890687826,0.09154143991714142,0.023880908844876977,0.033728869319209084,0.009847960474332108,0.0010437869096170727,0.001474221626164275,0.00043043471654720215,0.0012590042678906738,False
30,20,382,365,1312.986895442009,663.690288901329,0.01221367375499992,0.0022168834906454655,0.0017548521899580318,0.000816821033398356,-0.0009380311565596758,7.670109023442748e-05,3.570161871557053e-05,-4.099947151885695e-05,5.620135447499901e-05,False
30,21,945,1536,3181.98534655571,2314.122943878174,0.029599481191271572,0.007729721280237243,0.004252832966728022,0.0028480517585370846,-0.0014047812081909375,0.00018588284927903534,0.00012448266365334,-6.140018562569534e-05,0.00015518275646618767,False
30,22,265,67,1214.4639557600021,163.80595886707306,0.011297193136010594,0.0005471508803946842,0.0016231728890737155,0.0002016002868146581,-0.0014215726022590574,7.094565054729588e-05,8.811546567137004e-06,-6.213410398015887e-05,3.987859855721644e-05,False
30,23,2703,3399,7492.527887940407,6564.068044185638,0.06969703318534343,0.021925549193611945,0.010014021478902546,0.008078570581505011,-0.0019354508973975348,0.0004376929119489934,0.00035309821230700123,-8.459469964199219e-05,0.00039539556212799735,False
30,24,994,1356,2970.096488714218,2534.530261516571,0.02762844751913098,0.00846593416727356,0.003969636213202411,0.0031193128210727167,-0.0008503233921296942,0.00017350488384663943,0.0001363389438310624,-3.7165940015577016e-05,0.00015492191383885092,False
30,25,1417,2368,3589.610631465912,4763.4237731695175,0.03339129530721222,0.01591096886345671,0.004797638193947084,0.0058624704835677915,0.0010648322896207076,0.00020969519947709755,0.00025623689569407817,4.654169621698062e-05,0.00023296604758558785,False
30,26,348,446,986.8735774755478,820.1211180686951,0.009180100696022783,0.0027393996829242293,0.001318990512895924,0.0010093445547947133,-0.00030964595810121067,5.7650445391872884e-05,4.4116437964378545e-05,-1.3534007427494339e-05,5.0883441678125714e-05,False
30,27,18629,26861,57083.999059438705,64488.59682893753,0.5310070828300207,0.21540725852961454,0.07629473006072561,0.0793678063173439,0.00307307625661829,0.0033346905273765265,0.0034690085631660784,0.0001343180357895519,0.0034018495452713023,True
30,28,206,303,588.0864123106003,459.19024205207825,0.005470500585074027,0.0015338046731946224,0.0007859977369998052,0.0005651374659411092,-0.00022086027105869602,3.435439388836484e-05,2.4701031812281216e-05,-9.653362076083624e-06,2.9527712850323028e-05,False
30,29,1468,1610,4641.129323959351,2639.948231101036,0.04317273813956849,0.008818055269988549,0.006203029128700261,0.0032490534791698566,-0.0029539756495304045,0.00027112203503509846,0.00014200964930741408,-0.00012911238572768438,0.00020656584217125626,False
30,30,103137,188179,310314.90981805325,355214.9064337015,2.886613021795633,1.186502311202447,0.41474656065589915,0.43717229527643825,0.022425734620539095,0.018127745205735738,0.019107929351469648,0.0009801841457339096,0.018617837278602695,False
30,31,5676,8142,15434.428081274033,16281.456648349762,0.14357421984492033,0.05438393939308122,0.02062864451518797,0.020038015422450692,-0.0005906290927372784,0.000901636920435561,0.0008758217004436121,-2.5815219991948916e-05,0.0008887293104395866,False
31,0,9652,13161,24053.64322054386,25567.64993560314,0.12851277197066496,0.10868933498727687,0.013982173448864012,0.019210711162397816,0.005228537713533803,0.000655181895412363,0.0009001826645643447,0.0002450007691519817,0.0007776822799883538,False
31,1,8911,5778,17968.131662607193,11503.92838215828,0.09599936217243489,0.04890376427819108,0.010444718546586915,0.008643682385325953,-0.0018010361612609618,0.0004894225149922921,0.0004050288912000602,-8.439362379223189e-05,0.0004472257030961761,False
31,2,11123,14694,32267.037670493126,26135.13017964363,0.17239494309848585,0.11110172136218925,0.018756548155854078,0.019637097595491464,0.0008805494396373868,0.0008789013251115231,0.0009201624389845447,4.126111387302159e-05,0.0008995318820480339,False
31,3,562,364,1604.1474695205688,657.0939899682999,0.008570570207083785,0.0027933388079730884,0.0009324769620444114,0.0004937193242094017,-0.00043875763783500965,4.369435307428944e-05,2.313488413087221e-05,-2.0559468943417234e-05,3.3414618602580824e-05,False
31,4,39333,37569,93746.66841471195,78379.71699607372,0.5008656738826034,0.3331960245955726,0.054494122408372814,0.05889200251077104,0.004397880102398229,0.002553505900847752,0.0027595834060241517,0.00020607750517639967,0.002656544653435952,True
31,5,1254,1106,2731.441606760025,2108.614195227623,0.014593428909801589,0.008963822455378745,0.001587763232413113,0.00158434499687991,-3.418235533203008e-06,7.44000013934172e-05,7.423982843863299e-05,-1.6017295478420058e-07,7.43199149160251e-05,False
31,6,15217,16287,37328.16221988201,29727.685992121696,0.19943530198163562,0.12637385247890878,0.02169853580600012,0.022336428672932607,0.0006378928669324886,0.0010167580790669713,0.0010466487008043814,2.9890621737410118e-05,0.0010317033899356763,False
31,7,4289,3646,11861.372560739517,7006.498948812485,0.06337243190900517,0.029784970979090452,0.006894912631954567,0.005264458325434491,-0.0016304543065200766,0.0003230843862313593,0.00024668395057406427,-7.640043565729503e-05,0.0002848841684027118,False
31,8,1904,1847,4545.04231274128,3530.8832726478577,0.02428305687329211,0.015009958122408185,0.0026419935377979603,0.0026529923113709827,1.099877357302239e-05,0.0001237995180142982,0.00012431490264624677,5.153846319485829e-07,0.00012405721033027247,False
31,9,13606,14370,39890.9875317812,27293.944365143776,0.21312785499279238,0.11602789735071632,0.02318828385379307,0.0205077933639568,-0.002680490489836273,0.0010865652484036636,0.0009609618258607667,-0.0001256034225428969,0.001023763537132215,False
31,10,13488,17873,36648.092417001724,32578.217576384544,0.19580185424565838,0.1384916021756585,0.021303217148696447,0.02447822657232856,0.0031750094236321115,0.0009982340900654522,0.0011470098651432824,0.00014877577507783012,0.0010726219776043674,False
31,11,22324,21333,57252.70976507664,37094.72851550579,0.30588731890967147,0.15769151189251804,0.03328050187711531,0.027871787862936145,-0.005408714014179163,0.0015594701624799718,0.0013060266250704696,-0.0002534435374095022,0.0014327483937752207,True
31,12,14277,9720,31009.139961361885,19942.860743761063,0.16567430124087582,0.08477808001293438,0.018025343165876513,0.014984425180463038,-0.0030409179854134754,0.00084463824912977,0.0007021457806474387,-0.0001424924684823313,0.0007733920148886044,False
31,13,591,733,1703.277537703514,1885.7627665996552,0.009100198078048077,0.008016470092547396,0.0009901004078826637,0.001416901589359765,0.00042680118147710123,4.6394493978890016e-05,6.639370283344201e-05,1.9999208854551996e-05,5.639409840616602e-05,False
31,14,27729,23033,62021.33727312088,42621.951259970665,0.33136493716214976,0.18118800710954186,0.03605246354292866,0.032024765549254174,-0.004027697993674487,0.0016893597754832747,0.0015006284015452252,-0.0001887313739380495,0.00159499408851425,True
31,15,52153,32867,125311.60743534565,58997.7185536623,0.6695094744675413,0.2508021977582983,0.0728425467299063,0.04432899125377158,-0.028513555476134718,0.0034132832071998844,0.002077184396087132,-0.0013360988111127525,0.0027452338016435082,True
31,16,56013,49381,129487.36853814125,94707.64720749855,0.6918195515517981,0.4026068574592997,0.0752698803144687,0.071160284967763,-0.0041095953467056995,0.0035270241091095865,0.003334455158475433,-0.0001925689506341536,0.0034307396337925097,True
31,17,8974,12270,23508.505699276924,21294.707125663757,0.1256002346339759,0.09052484534428215,0.013665289752454643,0.01600015914287551,0.0023348693904208673,0.0006403332410455675,0.0007497414212795595,0.00010940818023399198,0.0006950373311625634,False
31,18,1434,1419,4038.4873324632645,2620.232992053032,0.021576656679600313,0.011138739075952095,0.0023475375366553215,0.0019687589322952286,-0.000378778604360093,0.00011000178895237948,9.225283991710215e-05,-1.7748949035277333e-05,0.00010112731443474081,False
31,19,654,522,1407.6728115081787,994.974019408226,0.007520853842221623,0.004229683399588007,0.0008182679533945622,0.0007475915287124149,-7.067642468214729e-05,3.8342704774828924e-05,3.5030922521978914e-05,-3.311782252850009e-06,3.668681364840392e-05,False
31,20,257,205,636.3240029811859,387.05640983581543,0.0033997245550203554,0.001645395798736919,0.00036988960457181143,0.0002908217576366436,-7.906784693516782e-05,1.7332424969765933e-05,1.3627434325027029e-05,-3.7049906447389046e-06,1.547992964739648e-05,False
31,21,186,224,396.6375250816345,496.9765030145645,0.0021191379346763455,0.002112671510796058,0.00023056194112345242,0.0003734121860224893,0.00014285024489903687,1.0803757380615968e-05,1.749748740444679e-05,6.693730023830823e-06,1.415062239253138e-05,False
31,22,267,37,529.0054525136948,82.29816365242004,0.002826347612575661,0.0003498535336874951,0.0003075062652514904,6.18361975036597e-05,-0.0002456700677478307,1.4409243202101533e-05,2.897543592468635e-06,-1.1511699609632898e-05,8.653393397285085e-06,False
31,23,11396,10175,26979.324164152145,22664.901764035225,0.14414397446741298,0.09634961001459107,0.01568284631718979,0.017029679396020337,0.0013468330788305484,0.000734872658613172,0.000797983065061746,6.311040644857392e-05,0.000766427861837459,False
31,24,3189,2256,7963.535787463188,3887.951089859009,0.042547236996531235,0.0165278709417634,0.004629134041177008,0.0029212816034689375,-0.0017078524377080705,0.0002169136884410953,0.0001368865023019398,-8.00271861391555e-05,0.00017690009537151756,False
31,25,10441,12470,26253.960358142853,20495.122705221176,0.14026853187675256,0.08712577272153502,0.015261198650091781,0.015399377084697925,0.0001381784346061437,0.0007151149350564013,0.0007215897516520803,6.474816595679008e-06,0.0007183523433542409,False
31,26,1958,1939,4412.780566930771,3606.8031442165375,0.023576414498000253,0.015332697223338566,0.0025651109361223595,0.0027100360650153606,0.00014492512889300105,0.00012019692440649636,0.00012698788011794278,6.790955711446418e-06,0.00012359240226221958,False
31,27,12856,13376,31064.020465493202,24062.997827410698,0.1659675144414042,0.1022929850122676,0.018057244725265643,0.01808016388397443,2.2919158708788884e-05,0.0008461331042911382,0.0008472070587731791,1.0739544820409118e-06,0.0008466700815321587,False
31,28,7675,9944,19677.754774451256,18799.286884188652,0.1051334631114787,0.0799166913980708,0.011438507581487626,0.014125180503519841,0.0026866729220322155,0.0005359898520309533,0.0006618829732862294,0.00012589312125527608,0.0005989364126585913,False
31,29,149,127,459.82187044620514,244.6758130788803,0.002456716541521966,0.0010401288924870215,0.0002672904511474893,0.00018384154919681809,-8.344890195067123e-05,1.2524795594111705e-05,8.614515840389781e-06,-3.910279753721924e-06,1.0569655717250744e-05,False
31,30,16670,14046,41213.08086621761,27383.817797899246,0.22019147848028342,0.11640995372522939,0.02395680520202229,0.020575321375416088,-0.0033814838266062013,0.0011225769082102864,0.0009641260785932285,-0.00015845082961705786,0.0010433514934017575,False
31,31,296991,364077,822336.804797411,684144.1224710941,4.39354576390135,2.9083302491282796,0.4780172272714891,0.5140439251689976,0.03602669789750845,0.02239910941949741,0.024087261858763274,0.001688152439265865,0.023243185639130342,False
