source_macro,target_macro,raw_edges_broad,raw_edges_specialized,ipw_edges_broad,ipw_edges_specialized,rate_broad,rate_specialized,row_share_broad,row_share_specialized,row_share_difference,standardized_share_broad,standardized_share_specialized,standardized_share_difference,pooled_standardized_share,plot_edge,source_domain,citing_domain
0,0,193816,354561,498758.4114189148,597290.4731645584,3.4389663676607776,3.8348322497101743,0.5949314256006873,0.6178524371140812,0.0229210115133938,0.0223646556738353,0.0232263020890931,0.0008616464152578,0.0227954788814642,False,"Business, economics & policy","Business, economics & policy"
0,1,10409,12701,25585.27090787888,21799.404673218727,0.1764118341570858,0.1399604778934925,0.0305187468463953,0.0225498579169092,-0.0079688889294861,0.0011472603991753,0.0008476940132997,-0.0002995663858755,0.0009974772062375,False,"Business, economics & policy",Earth & environmental science
0,2,376,477,812.388708949089,943.0500025749208,0.005601464323369,0.0060547400727873,0.0009690374371471,0.0009755148769145,6.477439767367445e-06,3.642804478679311e-05,3.667154463200453e-05,2.4349984521142244e-07,3.654979470939882e-05,False,"Business, economics & policy","Reproduction, metabolism & animal science"
0,3,1464,2687,4566.2924609184265,5374.296531438828,0.0314848348187795,0.0345050299380701,0.0054467871043123,0.0055593088437029,0.0001125217393905,0.0002047555615231,0.0002089854775252,4.229916002083473e-06,0.0002068705195241,False,"Business, economics & policy",Electrical & control engineering
0,4,1300,1980,3045.088394880295,3730.3307449817657,0.0209960500651124,0.023950143666531,0.0036322570975642,0.0038587488760993,0.000226491778535,0.0001365437692652,0.000145058045738,8.51427647274828e-06,0.0001408009075016,False,"Business, economics & policy",Plant & microbial biology
0,5,7478,11801,19736.83145534992,24584.739062190056,0.1360865261119958,0.1578433851571268,0.0235425829534722,0.0254310785586613,0.0018884956051891,0.0008850125220658,0.000956004828295,7.099230622917892e-05,0.0009205086751804,False,"Business, economics & policy",Energy & thermal engineering
0,6,133,137,222.31966960430145,251.76861083507535,0.0015329062109721,0.0016164503397814,0.0002651884257961,0.000260435846179,-4.752579617112293e-06,9.968960415275873e-06,9.790301494053337e-06,-1.7865892122253765e-07,9.879630954664604e-06,False,"Business, economics & policy",Clinical diagnostics & case reports
0,7,633,599,1401.080973148346,1000.539009451866,0.0096605294962728,0.0064238413852651,0.0016712441968964,0.0010349829658964,-0.0006362612309999,6.28253936539757e-05,3.8907068385550185e-05,-2.391832526842552e-05,5.086623101976294e-05,False,"Business, economics & policy",Electrochemical materials
0,8,10812,20708,27998.89965891838,37471.07887673378,0.1930539356411093,0.2405785931032976,0.0333977831911492,0.0387610357865284,0.0053632525953792,0.0012554891021016,0.0014571044352744,0.0002016153331728,0.001356296768688,False,"Business, economics & policy",Humanities & politics
0,9,173,59,257.7202101945877,145.15454185009003,0.0017769948633131,0.0009319474247252,0.0003074150701959,0.0001501515451353,-0.0001572635250606,1.1556343971809827e-05,5.644495249943925e-06,-5.911848721865904e-06,8.600419610876877e-06,False,"Business, economics & policy",Cell & neural biology
0,10,16034,27262,40605.95836794376,46493.92738413811,0.2799802909723851,0.2985087158744179,0.0484357960620587,0.0480944994704117,-0.0003412965916469,0.0018207979182177,0.0018079679004604,-1.2830017757308994e-05,0.0018143829093391,True,"Business, economics & policy",Social behavior & violence
0,11,2551,2697,5879.9032373428345,4963.0169069767,0.0405422525522842,0.0318644581586814,0.0070136946772178,0.0051338707533162,-0.0018798239239016,0.000263658733944,0.0001929924134633,-7.066632048063199e-05,0.0002283255737037,False,"Business, economics & policy",Mental health & cognition
0,12,27512,45596,72375.02077531815,76178.7518786192,0.4990297037737941,0.489096591310127,0.0863307230553635,0.0788012359466285,-0.0075294871087349,0.0032453436011671,0.0029622952037532,-0.0002830483974138,0.0031038194024602,True,"Business, economics & policy",Computing & networks
0,13,1365,3030,3433.316871523857,5305.434997081757,0.0236729065222239,0.034062912669201,0.0040953456706697,0.0054880767234239,0.0013927310527542,0.0001539521898635,0.0002063077204352,5.235553057170706e-05,0.0001801299551493,False,"Business, economics & policy",Marine ecology & paleoscience
0,14,205,198,625.5260581970215,397.8276128768921,0.0043130361854252,0.0025542047433011,0.000746143024425,0.0004115229879106,-0.0003346200365143,2.8049000450516173e-05,1.546996768106127e-05,-1.2579032769454904e-05,2.175948406578872e-05,False,"Business, economics & policy",Immune & inflammatory disease
0,15,296,255,528.7974560260773,461.9118299484253,0.0036460872136567,0.0029656498162843,0.0006307627443768,0.0004778133298416,-0.0001529494145351,2.3711626219151923e-05,1.7961953493191198e-05,-5.7496727259607245e-06,2.083678985617156e-05,False,"Business, economics & policy",Cardiovascular medicine
0,16,8898,11941,21578.880192756653,21581.21133649349,0.1487875523212823,0.1385595935969246,0.025739824456134,0.0223241531871092,-0.0034156712690248,0.0009676112007113,0.0008392093235544,-0.0001284018771568,0.0009034102621329,False,"Business, economics & policy",Public health & care delivery
0,17,245,271,462.49892377853394,474.76045966148376,0.0031889552287024,0.0030481429110212,0.0005516802078175,0.0004911042787826,-6.057592903488255e-05,2.0738756365832105e-05,1.846158670107626e-05,-2.2771696647558423e-06,1.960017153345418e-05,False,"Business, economics & policy",Surgical specialties
0,18,2181,4438,5723.146211385727,8136.05592417717,0.0394614043343516,0.0522365767499595,0.0068267110017741,0.0084161429105271,0.001589431908753,0.0002566296456525,0.0003163795526613,5.97499070088259e-05,0.0002865045991569,False,"Business, economics & policy",Editorial & miscellaneous records
0,19,72,100,332.4460005760193,192.54684400558472,0.0022922332513486,0.0012362240486784,0.0003965498496461,0.0001991753462886,-0.0001973745033575,1.4907097630442831e-05,7.487397449152176e-06,-7.419700181290657e-06,1.1197247539797504e-05,False,"Business, economics & policy",Synthetic chemistry
0,20,781,932,2045.347585082054,1695.0746479034424,0.0141027828187653,0.0108830246211801,0.0024397414194579,0.0017534282720911,-0.0006863131473668,9.17147328774574e-05,6.591485651391224e-05,-2.579987636354517e-05,7.881479469568482e-05,False,"Business, economics & policy",Civil & structural engineering
0,21,283,237,576.9380623102188,414.75536584854126,0.0039780193117219,0.002662887362441,0.0006881860556838,0.0004290334855635,-0.0002591525701203,2.587028271260644e-05,1.6128222118179585e-05,-9.742060594426857e-06,2.099925241539301e-05,False,"Business, economics & policy",Metallurgy & alloys
0,22,1096,832,2303.4199476242065,1662.5019592046738,0.0158822057916639,0.0106738955580293,0.0027475765457239,0.0017197342555278,-0.001027842290196,0.0001032868675924,6.464823141011092e-05,-3.8638636182365257e-05,8.396754950129354e-05,False,"Business, economics & policy",Mathematics & theoretical physics
0,23,1443,1326,3305.959833741188,2672.287694454193,0.0227947728214337,0.0171571044435079,0.0039434310316108,0.0027642822694639,-0.0011791487621469,0.000148241416406,0.0001039148689774,-4.432654742858515e-05,0.0001260781426917,False,"Business, economics & policy",Ecology & taxonomy
0,24,1186,1345,2692.8736436367035,2385.490504026413,0.0185675102029478,0.0153157572859822,0.0032121265909352,0.0024676119707992,-0.0007445146201359,0.0001207502278342,9.276244234003675e-05,-2.798778549421061e-05,0.0001067563350871,False,"Business, economics & policy","Astronomy, optics & imaging"
0,25,373,414,780.9431489706039,804.4225237369537,0.0053846454774058,0.0051646988777097,0.0009315283918889,0.0008321150915517,-9.94133003372078e-05,3.501800516582906e-05,3.128086146192003e-05,-3.737143703909024e-06,3.3149433313874545e-05,False,"Business, economics & policy",Orthopaedics & sports medicine
0,26,13765,20189,37048.5829603672,33820.8642206192,0.2554519940981614,0.2171428252306425,0.0441924702871501,0.0349851610277683,-0.0092073092593818,0.0016612828618868,0.0013151617924531,-0.0003461210694336,0.0014882223271699,True,"Business, economics & policy","Climate, land & agriculture"
0,27,433,344,898.9791203737259,603.124383687973,0.0061985099186585,0.0038722881764698,0.0010723246313734,0.0006238871823456,-0.0004484374490277,4.031081586760239e-05,2.345316016613509e-05,-1.68576557014673e-05,3.188198801686874e-05,False,"Business, economics & policy",Oncology
0,28,16052,28688,41681.57651042938,47898.52046895027,0.2873967365535844,0.3075267382627871,0.0497188201078897,0.049547446235169,-0.0001713738727206,0.0018690293441796,0.0018625870594221,-6.442284757474494e-06,0.0018658082018009,True,"Business, economics & policy",Education & language
0,29,250,105,416.7397884130478,179.98719704151154,0.0028734435021183,0.001155586333217,0.0004970975741938,0.0001861833284436,-0.0003109142457502,1.8686886596919152e-05,6.999001655771497e-06,-1.1687884941147655e-05,1.2842944126345324e-05,False,"Business, economics & policy",Electronic & magnetic materials
0,30,210,221,349.5558930635452,457.3728610277176,0.0024102068904327,0.0029365079076492,0.0004169589545282,0.0004731181050965,5.615915056823276e-05,1.5674316478965592e-05,1.778545065569103e-05,2.111134176725439e-06,1.6729883567328313e-05,False,"Business, economics & policy",Drug discovery & pharmaceutics
0,31,4685,9044,12315.336805820463,17349.585090875626,0.0849149169457502,0.1113909419533808,0.0146900397364637,0.017946851511831,0.0032568117753673,0.0005522278138346,0.0006746578466355,0.0001224300328009,0.000613442830235,False,"Business, economics & policy",Chronic & infectious disease
1,0,12958,13405,44587.19788503647,21082.599584937096,0.4792373549706335,0.2084037227352547,0.0453281143619675,0.0296503740392464,-0.0156777403227211,0.0009782368926608,0.0006398918237534,-0.0003383450689073,0.0008090643582071,False,Earth & environmental science,"Business, economics & policy"
1,1,149894,202227,504558.67895424366,386658.9599907398,5.423156829746826,3.822164641811297,0.5129430551103703,0.5437936030214495,0.0308505479110792,0.0110699469282166,0.0117357399917538,0.0006657930635371,0.0114028434599852,False,Earth & environmental science,Earth & environmental science
1,2,1055,1170,3008.751160264015,1902.113884806633,0.0323390124566149,0.0188025965708394,0.0030587483212287,0.0026751154629932,-0.0003836328582354,6.601158012654721e-05,5.773230752839663e-05,-8.279272598150582e-06,6.187194382747192e-05,False,Earth & environmental science,"Reproduction, metabolism & animal science"
1,3,791,1228,3056.03646171093,2169.1274178028107,0.0328472498850543,0.0214420535350012,0.0031068193742057,0.0030506408385515,-5.6178535654219375e-05,6.70490130344242e-05,6.583661060105209e-05,-1.2124024333721097e-06,6.644281181773814e-05,False,Earth & environmental science,Electrical & control engineering
1,4,13428,13653,41892.74135410786,25525.18791472912,0.4502764809481165,0.2523191774105097,0.0425888833815369,0.0358983893824225,-0.0066904939991144,0.0009191208927941,0.0007747317393474,-0.0001443891534466,0.0008469263160708,False,Earth & environmental science,Plant & microbial biology
1,5,13923,22995,48317.52230596542,45391.117247223854,0.5193320658622617,0.4486959862479456,0.0491204265049079,0.0638376495752951,0.0147172230703872,0.0010600796893208,0.0013776956053504,0.0003176159160296,0.0012188876473356,False,Earth & environmental science,Energy & thermal engineering
1,6,195,191,560.3499196767807,295.1879425048828,0.0060228187933296,0.0029179639767256,0.0005696613926562,0.0004151496058104,-0.0001545117868458,1.2293998955500958e-05,8.959443076195733e-06,-3.334555879305225e-06,1.0626721015848346e-05,False,Earth & environmental science,Clinical diagnostics & case reports
1,7,24623,30502,86082.60213637352,61916.41189849377,0.9252431306222532,0.6120502685672016,0.0875130579919847,0.0870786718953789,-0.0004343860966058,0.0018886402649291,0.0018792656745377,-9.374590391416238e-06,0.0018839529697334,True,Earth & environmental science,Electrochemical materials
1,8,1486,1381,4210.114291548729,2422.82663500309,0.0452516447077065,0.0239498970818346,0.0042800748003121,0.0034074410829021,-0.0008726337174099,9.236931939366616e-05,7.353680213222793e-05,-1.8832517261438216e-05,8.295306076294703e-05,False,Earth & environmental science,Humanities & politics
1,9,822,834,2534.03956758976,1382.2210035324097,0.0272366615837547,0.0136634005506998,0.002576148328801,0.0019439428991916,-0.0006322054296094,5.559647410160505e-05,4.19526973045856e-05,-1.3643776797019447e-05,4.877458570309532e-05,False,Earth & environmental science,Cell & neural biology
1,10,550,705,1700.8606390953064,1361.240425825119,0.0182813900069564,0.0134560053249962,0.0017291242603194,0.0019144360077822,0.0001853117474627,3.731664480750145e-05,4.131590201383261e-05,3.9992572063311644e-06,3.931627341066703e-05,False,Earth & environmental science,Social behavior & violence
1,11,732,824,2020.924393773079,1526.3799667358398,0.0217215368313708,0.0150884271218402,0.0020545065934403,0.002146686738388,9.218014494773554e-05,4.433879887146909e-05,4.632816065781238e-05,1.9893617863432856e-06,4.5333479764640736e-05,False,Earth & environmental science,Mental health & cognition
1,12,5016,8622,16564.879945874214,14895.05872797966,0.1780445873978329,0.1472392281020723,0.0168401426462109,0.0209482735201536,0.0041081308739426,0.0003634311518596,0.0004520897081957,8.865855633609859e-05,0.0004077604300276,False,Earth & environmental science,Computing & networks
1,13,12327,10593,40574.84588420391,21388.79510474205,0.4361113221338527,0.2114304977757388,0.0412490881171888,0.0300810046004721,-0.0111680835167166,0.0008902064502976,0.0006491853650363,-0.0002410210852612,0.0007696959076669,False,Earth & environmental science,Marine ecology & paleoscience
1,14,593,603,1515.0913436412811,1027.9769924879074,0.0162846826557186,0.0101616611014959,0.0015402679906118,0.0014457373820628,-9.453060854903364e-05,3.3240892417649585e-05,3.120080471336308e-05,-2.0400877042865085e-06,3.222084856550633e-05,False,Earth & environmental science,Immune & inflammatory disease
1,15,540,594,1402.9637922048569,1209.6108897924423,0.0150795001432791,0.0119571313527179,0.0014262771879661,0.0017011856237082,0.000274908435742,3.078082960361828e-05,3.671369439916264e-05,5.932864795544356e-06,3.374726200139046e-05,False,Earth & environmental science,Cardiovascular medicine
1,16,1906,2328,4798.041899561882,4374.010633468628,0.0515708772485115,0.043237556906869,0.0048777721465614,0.0061515683021673,0.0012737961556059,0.0001052683689785,0.0001327584689018,2.749009992325597e-05,0.0001190134189402,False,Earth & environmental science,Public health & care delivery
1,17,322,442,985.143312215805,757.9119281768799,0.010588633006959,0.0074920394281153,0.001001513681891,0.0010659203609457,6.440667905475311e-05,2.161390664316664e-05,2.3003882610002543e-05,1.3899759668359051e-06,2.230889462658459e-05,False,Earth & environmental science,Surgical specialties
1,18,1396,908,4349.130132198334,1510.8833948373797,0.046745831087028,0.014935241872542,0.0044214007015122,0.0021248925022804,-0.0022965081992317,9.541930751667712e-05,4.585781402839971e-05,-4.956149348827741e-05,7.063856077253841e-05,False,Earth & environmental science,Editorial & miscellaneous records
1,19,1407,1843,5489.626107335091,3810.932500004768,0.0590042438244345,0.0376714701094644,0.0055808485798843,0.0053596603971074,-0.0002211881827768,0.0001204416298811,0.0001156681147315,-4.7735151496723535e-06,0.0001180548723063,False,Earth & environmental science,Synthetic chemistry
1,20,7343,6935,23981.047271370888,14037.60381102562,0.2577559077246801,0.1387631957204421,0.0243795462553894,0.0197423568158567,-0.0046371894395327,0.0005261408269249,0.000426064530969,-0.0001000762959558,0.000476102678947,False,Earth & environmental science,Civil & structural engineering
1,21,3885,4893,13690.286116361618,8540.798856496811,0.1471475405140491,0.0844266984086086,0.0139177809812254,0.0120117009132986,-0.0019060800679268,0.0003003629648276,0.0002592273943531,-4.11355704744675e-05,0.0002797951795904,False,Earth & environmental science,Metallurgy & alloys
1,22,971,763,3486.2343792915344,1404.248813867569,0.037471153649242,0.0138811477814935,0.0035441659968092,0.0019749226089314,-0.0015692433878777,7.648749524647722e-05,4.262127784048547e-05,-3.386621740599175e-05,5.955438654348135e-05,False,Earth & environmental science,Mathematics & theoretical physics
1,23,6374,3575,17158.319026470184,7577.911138892174,0.184423058995315,0.0749084516612657,0.0174434430505438,0.010657504488434,-0.0067859385621098,0.000376451122383,0.0002300021569622,-0.0001464489654207,0.0003032266396726,False,Earth & environmental science,Ecology & taxonomy
1,24,3797,4383,12237.057456374168,8528.62188231945,0.1315277776176319,0.0843063277332567,0.0124404036617571,0.0119945753288767,-0.0004458283328803,0.000268479331047,0.000258857803014,-9.621528033007369e-06,0.0002636685670305,False,Earth & environmental science,"Astronomy, optics & imaging"
1,25,152,163,301.0586302280426,242.61872363090515,0.0032358737145486,0.0023983116980546,0.0003060613958253,0.0003412167401652,3.515534433990168e-05,6.605184288601358e-06,7.363880194918201e-06,7.586959063168431e-07,6.984532241759779e-06,False,Earth & environmental science,Orthopaedics & sports medicine
1,26,20129,22601,70741.67635178566,51604.438557744026,0.7603539910364261,0.5101153233864192,0.0719172082555825,0.0725760074870286,0.000658799231446,0.0015520624963788,0.0015662802003828,1.421770400398246e-05,0.0015591713483808,True,Earth & environmental science,"Climate, land & agriculture"
1,27,591,1089,1723.5402131080627,1685.2771000862122,0.0185251572670062,0.0166591420608953,0.0017521807064137,0.002370158204448,0.0006179774980343,3.781423149295125e-05,5.1150951890891945e-05,1.33367203979407e-05,4.44825916919216e-05,False,Earth & environmental science,Oncology
1,28,730,737,2060.570048689842,1271.437245607376,0.0221476609140588,0.0125682914073912,0.0020948110499943,0.0017881376415564,-0.0003066734084379,4.520861900175123e-05,3.8590226722373495e-05,-6.618392279377733e-06,4.189942286206236e-05,False,Earth & environmental science,Education & language
1,29,1125,1554,4337.964805841446,2931.3153159618378,0.0466258226154382,0.0289763613778342,0.0044100498381702,0.0041225748843296,-0.0002874749538406,9.517434181622948e-05,8.897027598377049e-05,-6.204065832458988e-06,9.20723089e-05,False,Earth & environmental science,Electronic & magnetic materials
1,30,2208,2241,5948.28416621685,3987.8753843307495,0.0639340462206561,0.0394205692021301,0.0060471282729844,0.0056085112412698,-0.0004386170317146,0.0001305045236174,0.000121038624402,-9.465899215359227e-06,0.0001257715740097,False,Earth & environmental science,Drug discovery & pharmaceutics
1,31,4039,4582,9778.792452931404,8619.219089627266,0.1051055651003892,0.0852018906924781,0.009941289061746,0.0121219904074948,0.0021807013457487,0.0002145453402969,0.000261607578343,4.706223804616086e-05,0.0002380764593199,False,Earth & environmental science,Chronic & infectious disease
2,0,288,430,611.8414875268936,739.689506649971,0.0095083079374766,0.0123082003285963,0.0022910135428406,0.00273625424832,0.0004452407054794,3.252797954550137e-05,3.884953997709149e-05,6.321560431590122e-06,3.5688759761296426e-05,False,"Reproduction, metabolism & animal science","Business, economics & policy"
2,1,888,1155,2100.354278445244,1983.1824680566788,0.0326405052033613,0.0329995314054827,0.0078646842274975,0.0073361747119955,-0.000528509515502,0.0001116633677191,0.0001041595505708,-7.503817148342141e-06,0.000107911459145,False,"Reproduction, metabolism & animal science",Earth & environmental science
2,2,42570,73539,112632.77712857725,126512.18719947338,1.750366966974621,2.1051229334213817,0.4217484806601694,0.4679929978412346,0.0462445171810651,0.0059880160879582,0.0066445991595241,0.0006565830715658,0.0063163076237412,False,"Reproduction, metabolism & animal science","Reproduction, metabolism & animal science"
2,3,39,27,124.25834822654724,77.98852586746216,0.0019310338753193,0.0012977044977371,0.000465279920374,0.000288494609301,-0.0001767853110729,6.6060786851974525e-06,4.096067777362898e-06,-2.510010907834555e-06,5.351073231280175e-06,False,"Reproduction, metabolism & animal science",Electrical & control engineering
2,4,6486,11476,17037.088973879814,19481.977221012115,0.2647644718840953,0.3241739625581011,0.0637946304156506,0.0720675938450146,0.0082729634293639,0.0009057608759047,0.0010232210218964,0.0001174601459917,0.0009644909489006,False,"Reproduction, metabolism & animal science",Plant & microbial biology
2,5,275,312,736.6898022890091,619.8969415426254,0.0114485101735681,0.0103148897895631,0.0027585025669619,0.0022931184295132,-0.0004653841374486,3.916542324891466e-05,3.255786488199186e-05,-6.607558366922807e-06,3.586164406545326e-05,False,"Reproduction, metabolism & animal science",Energy & thermal engineering
2,6,1705,2943,4795.33032989502,5222.369422197342,0.0745217157843667,0.0868985817163388,0.0179559035340852,0.0193185524322253,0.00136264889814,0.0002549392449917,0.0002742862347225,1.934698973077314e-05,0.0002646127398571,False,"Reproduction, metabolism & animal science",Clinical diagnostics & case reports
2,7,751,1008,2074.078285217285,1815.7273411750796,0.0322321637618806,0.0302131308560903,0.0077662949264055,0.0067167258781085,-0.001049569048297,0.0001102664291531,9.536457026131594e-05,-1.4901858891792024e-05,0.0001028154997072,False,"Reproduction, metabolism & animal science",Electrochemical materials
2,8,128,153,353.7250883579254,240.08452022075653,0.0054970562374138,0.0039949307704189,0.0013245080374431,0.0008881189776304,-0.0004363890598126,1.8805462972681328e-05,1.2609578860243089e-05,-6.195884112438241e-06,1.5707520916462208e-05,False,"Reproduction, metabolism & animal science",Humanities & politics
2,9,10486,14109,29612.636883735657,25597.181471586227,0.4601944720508367,0.4259290345033996,0.1108832165240829,0.094688914628326,-0.0161943018957568,0.0015743281004627,0.0013444002056822,-0.0002299278947804,0.0014593641530725,True,"Reproduction, metabolism & animal science",Cell & neural biology
2,10,806,1400,2620.002499103546,2049.755659222603,0.0407160858920013,0.0341072883305405,0.0098104841369698,0.0075824417950274,-0.0022280423419424,0.0001392899785931,0.0001076560688103,-3.1633909782721e-05,0.0001234730237017,False,"Reproduction, metabolism & animal science",Social behavior & violence
2,11,4018,3582,10328.583147525787,6702.796213388443,0.1605110982608714,0.1115324170675056,0.0386749253715773,0.0247949368615104,-0.0138799885100669,0.0005491094477995,0.0003520403454547,-0.0001970691023447,0.0004505748966271,False,"Reproduction, metabolism & animal science",Mental health & cognition
2,12,433,395,1289.1194800138474,719.5102384090424,0.0200335303081791,0.0119724236631699,0.0048270512007762,0.0026616072404122,-0.002165443960364,6.853482957994841e-05,3.77896962437595e-05,-3.074513333618892e-05,5.316226291185395e-05,False,"Reproduction, metabolism & animal science",Computing & networks
2,13,906,2153,2366.0586388111115,3629.72473859787,0.0367696774321045,0.0603974759932149,0.008859602519898,0.0134270523603909,0.0045674498404929,0.000125789291141,0.0001906382814278,6.484899028682403e-05,0.0001582137862844,False,"Reproduction, metabolism & animal science",Marine ecology & paleoscience
2,14,1701,3018,4930.822655081749,5557.558179855347,0.0766273310087405,0.0924760170321818,0.0184632485871454,0.0205584803396585,0.0020952317525131,0.0002621425675386,0.0002918908227604,2.974825522171617e-05,0.0002770166951495,False,"Reproduction, metabolism & animal science",Immune & inflammatory disease
2,15,1647,2812,5252.178886771202,5211.728322863579,0.0816213598067567,0.0867215171762325,0.0196665528642919,0.0192791889520122,-0.0003873639122796,0.0002792271705679,0.0002737273491222,-5.4998214456971175e-06,0.000276477259845,False,"Reproduction, metabolism & animal science",Cardiovascular medicine
2,16,1283,2104,3414.0765681266785,3666.9338315725327,0.0530563748840994,0.0610166235764376,0.0127838595671062,0.0135646959768174,0.0007808364097111,0.0001815061826285,0.0001925925556632,1.108637303469414e-05,0.0001870493691459,False,"Reproduction, metabolism & animal science",Public health & care delivery
2,17,1214,1916,3071.709126710892,3334.400122523308,0.0477358218861234,0.0554833674328894,0.0115018797391581,0.0123345896066237,0.0008327098674656,0.0001633045383163,0.0001751274145367,1.1822876220397355e-05,0.0001692159764265,False,"Reproduction, metabolism & animal science",Surgical specialties
2,18,173,229,596.1702711582184,369.2487660646439,0.0092647697759987,0.0061441831240703,0.0022323333623276,0.0013659224522559,-0.0008664109100717,3.169483400717926e-05,1.939346789396644e-05,-1.2301366113212822e-05,2.554415095057285e-05,False,"Reproduction, metabolism & animal science",Editorial & miscellaneous records
2,19,109,159,268.63045585155487,260.13329911231995,0.0041746451453392,0.0043285361341866,0.0010058749282645,0.0009622832802499,-4.359164801457456e-05,1.4281486547369843e-05,1.3662569108228634e-05,-6.189174391412092e-07,1.397202782779924e-05,False,"Reproduction, metabolism & animal science",Synthetic chemistry
2,20,43,33,113.29096961021423,64.03992080688477,0.0017605955914224,0.0010656041044686,0.000424213053462,0.0002368960270418,-0.0001873170264202,6.023008274686644e-06,3.3634672942496585e-06,-2.6595409804369853e-06,4.693237784468151e-06,False,"Reproduction, metabolism & animal science",Civil & structural engineering
2,21,27,56,57.69748532772064,93.940056681633,0.0008966463845587,0.0015631329444617,0.0002160456964236,0.0003475024004959,0.0001314567040722,3.067432759672852e-06,4.933864756351529e-06,1.8664319966786767e-06,4.00064875801219e-06,False,"Reproduction, metabolism & animal science",Metallurgy & alloys
2,22,36,8,74.65137672424316,10.714634776115416,0.0011601179264906,0.0001782881466974,0.0002795287971697,3.963550200694872e-05,-0.0002398932951627,3.968770514312277e-06,5.627477858376714e-07,-3.4060227284746056e-06,2.265759150074974e-06,False,"Reproduction, metabolism & animal science",Mathematics & theoretical physics
2,23,4234,5628,10942.2415933609,9950.631632566452,0.1700476425952847,0.1655753751116167,0.040972742434898,0.0368093069231039,-0.0041634355117941,0.0005817340242314,0.0005226212592328,-5.911276499864521e-05,0.0005521776417321,False,"Reproduction, metabolism & animal science",Ecology & taxonomy
2,24,504,366,1559.783064842224,651.6203322410583,0.0242397712455369,0.0108427570153496,0.0058405390910827,0.0024104693744561,-0.0034300697166266,8.292440552484953e-05,3.4224022268392184e-05,-4.870038325645735e-05,5.857421389662086e-05,False,"Reproduction, metabolism & animal science","Astronomy, optics & imaging"
2,25,1105,1168,3380.0646045207977,2263.590483784676,0.0525278127808165,0.0376654324359776,0.0126565032651421,0.0083734580821134,-0.0042830451830286,0.0001796979684439,0.0001188869764961,-6.0810991947813056e-05,0.00014929247247,False,"Reproduction, metabolism & animal science",Orthopaedics & sports medicine
2,26,860,989,2310.858139038086,1730.0616748332975,0.0359118353915687,0.0287876811597811,0.0086529066760729,0.0063998320444722,-0.0022530746316006,0.0001228546082793,9.086528819865436e-05,-3.198932008071997e-05,0.000106859948239,False,"Reproduction, metabolism & animal science","Climate, land & agriculture"
2,27,1931,2849,5037.0205063819885,4812.430940032005,0.0782776961654783,0.0800773345369066,0.0188609017710327,0.0178021108668245,-0.0010587909042081,0.0002677884768228,0.0002527556853395,-1.5032791483346691e-05,0.0002602720810811,False,"Reproduction, metabolism & animal science",Oncology
2,28,284,277,746.4556140899658,403.227658033371,0.0116002755372381,0.0067095811803289,0.0027950702197754,0.0014916169317189,-0.0013034532880565,3.968461348524655e-05,2.1178087399919505e-05,-1.8506526085327044e-05,3.0431350442583024e-05,False,"Reproduction, metabolism & animal science",Education & language
2,29,43,27,108.41214454174042,38.57553386688232,0.0016847763276591,0.0006418847291297,0.0004059445075512,0.0001426983450157,-0.0002632461625354,5.763630110131532e-06,2.0260416453471e-06,-3.737588464784432e-06,3.894835877739316e-06,False,"Reproduction, metabolism & animal science",Electronic & magnetic materials
2,30,5641,7946,15048.870522618294,14384.089562892914,0.2338666108090297,0.2393467181741922,0.0563498338615993,0.0532095234836244,-0.0031403103779749,0.0008000591043952,0.0007554727456369,-4.458635875833337e-05,0.000777765925016,False,"Reproduction, metabolism & animal science",Drug discovery & pharmaceutics
2,31,8224,12792,23466.01040649414,22134.2345366478,0.3646729709533965,0.3683066886145719,0.0878674439927631,0.081878805552497,-0.005988638440266,0.0012475484616159,0.0011625213305895,-8.502713102640229e-05,0.0012050348961027,False,"Reproduction, metabolism & animal science",Chronic & infectious disease
3,0,1065,2686,2976.587810277939,4985.828980088234,0.0363555544835653,0.0542481190478912,0.0050540129259196,0.0084004241782748,0.0033464112523551,9.899418419434524e-05,0.0001645411578094,6.554697361510919e-05,0.0001317676710018,False,Electrical & control engineering,"Business, economics & policy"
3,1,570,616,1848.2147954702375,1169.5148760080338,0.0225737918639718,0.0127248612969554,0.0031381239397437,0.0019704689191116,-0.001167655020632,6.146719920767622e-05,3.859605544880461e-05,-2.287114375887161e-05,5.0031627328240416e-05,False,Electrical & control engineering,Earth & environmental science
3,2,22,18,82.87069320678711,29.203652143478397,0.001012169031791,0.0003177492056866,0.0001407079452522,4.920406747598931e-05,-9.1503877776235e-05,2.7560808518058585e-06,9.63772073840257e-07,-1.7923087779656016e-06,1.8599264628230575e-06,False,Electrical & control engineering,"Reproduction, metabolism & animal science"
3,3,103686,202224,326518.6170836687,363746.3033514023,3.9880447444872464,3.957727560701053,0.5544030334318244,0.612861623139177,0.0584585897073526,0.0108592274720917,0.0120042701306793,0.0011450426585876,0.0114317488013855,False,Electrical & control engineering,Electrical & control engineering
3,4,306,250,782.6219019889832,436.0000771284104,0.0095588153319539,0.004743881946896,0.0013288306815953,0.0007345991216839,-0.0005942315599114,2.602813075176572e-05,1.4388772214655966e-05,-1.1639358537109754e-05,2.0208451483210843e-05,False,Electrical & control engineering,Plant & microbial biology
3,5,7575,16034,21895.350917577744,30994.61993825436,0.2674262188644965,0.3372357613888331,0.0371765906494969,0.0522215976050474,0.0150450069555505,0.0007281869509275,0.001022877172657,0.0002946902217294,0.0008755320617923,False,Electrical & control engineering,Energy & thermal engineering
3,6,20,25,45.1265013217926,60.36196231842041,0.0005511676731968,0.0006567659923538,7.662126418524016e-05,0.0001017014602251,2.5080196039896065e-05,1.5007993946863506e-06,1.992051313269832e-06,4.912519185834813e-07,1.7464253539780913e-06,False,Electrical & control engineering,Clinical diagnostics & case reports
3,7,3408,5777,12239.94090807438,11755.109200119972,0.1494966273202495,0.1279010102143103,0.0207824608258826,0.0198057141424858,-0.0009767466833968,0.0004070711304393,0.0003879393548573,-1.9131775582035254e-05,0.0003975052426483,False,Electrical & control engineering,Electrochemical materials
3,8,65,84,196.999657034874,150.24618518352509,0.00240612144545,0.0016347477967812,0.000334489985351,0.0002531437985036,-8.134618684737876e-05,6.551736947720743e-06,4.9583893401240206e-06,-1.593347607596722e-06,5.755063143922382e-06,False,Electrical & control engineering,Humanities & politics
3,9,381,772,1529.7852679491043,1173.4155970811844,0.0186845459304243,0.012767302941463,0.0025974555467168,0.0019770410883028,-0.000620414458414,5.087699548800098e-05,3.872478613014792e-05,-1.215220935785307e-05,4.4800890809074446e-05,False,Electrical & control engineering,Cell & neural biology
3,10,76,68,225.1907689571381,88.91536712646484,0.0027504430548792,0.0009674402071003,0.0003823562849976,0.0001498099519282,-0.0002325463330694,7.4893058367149585e-06,2.934364077161411e-06,-4.554941759553548e-06,5.211834956938185e-06,False,Electrical & control engineering,Social behavior & violence
3,11,120,96,352.52988398075104,224.37003242969516,0.0043057420849111,0.0024412494449037,0.0005985681269874,0.0003780321091698,-0.0002205360178176,1.172429993440811e-05,7.404607149817148e-06,-4.319692784590963e-06,9.564453542112627e-06,False,Electrical & control engineering,Mental health & cognition
3,12,22106,32734,69038.90891468525,55751.9343252182,0.8432298909063193,0.6066067613837661,0.1172226590599489,0.093934208124978,-0.0232884509349709,0.0022960688215137,0.0018399122514277,-0.0004561565700859,0.0020679905364707,True,Electrical & control engineering,Computing & networks
3,13,68,101,144.7585837841034,201.16055870056152,0.0017680575595837,0.002188719665217,0.0002457887353621,0.0003389273935732,9.31386582111125e-05,4.81432392397589e-06,6.638653545152557e-06,1.824329621176668e-06,5.726488734564223e-06,False,Electrical & control engineering,Marine ecology & paleoscience
3,14,83,24,194.91328966617584,48.00709307193756,0.0023806388971833,0.000522339316192,0.000330947496998,8.088523432728315e-05,-0.0002500622626707,6.482349364098713e-06,1.584318818128225e-06,-4.898030545970488e-06,4.033334091113469e-06,False,Electrical & control engineering,Immune & inflammatory disease
3,15,150,153,429.7690712213516,279.49375891685486,0.0052491288280456,0.0030410210152446,0.0007297142162624,0.000470907874991,-0.0002588063412713,1.42930903804066e-05,9.2237874336159e-06,-5.069302946790702e-06,1.175843890701125e-05,False,Electrical & control engineering,Cardiovascular medicine
3,16,192,218,499.9611307382584,458.0976778268814,0.0061064431109534,0.0049843140351507,0.0008488948347109,0.0007718304868051,-7.706434790586444e-05,1.6627510230143297e-05,1.51180320465231e-05,-1.5094781836201982e-06,1.5872771138333198e-05,False,Electrical & control engineering,Public health & care delivery
3,17,288,669,859.0858278274536,1357.002519249916,0.0104927331596925,0.014764813335265,0.0014586604377409,0.00228635936335,0.0008276989256091,2.8571137859615665e-05,4.478347864707069e-05,1.6212340787455028e-05,3.667730825334317e-05,False,Electrical & control engineering,Surgical specialties
3,18,235,276,620.5489565134048,471.8575471639633,0.0075792830032909,0.0051340277603632,0.0010536435164302,0.0007950139412578,-0.0002586295751724,2.063797261098124e-05,1.5572132024896247e-05,-5.065840586084994e-06,1.8105052317938746e-05,False,Electrical & control engineering,Editorial & miscellaneous records
3,19,154,170,583.8835391998291,308.54407918453217,0.0071314576200774,0.0033571018993973,0.0009913885100779,0.0005198535997116,-0.0004715349103663,1.941856861336703e-05,1.0182499284878492e-05,-9.236069328488537e-06,1.480053394912276e-05,False,Electrical & control engineering,Synthetic chemistry
3,20,6597,9963,21562.61867439747,18256.59064805508,0.2633622819117177,0.1986401272164739,0.0366116373657077,0.0307598006480508,-0.0058518367176569,0.0007171210731278,0.0006024997196817,-0.000114621353446,0.0006598103964047,False,Electrical & control engineering,Civil & structural engineering
3,21,1402,3020,5120.579596877098,5749.700879335403,0.0625419179232329,0.0625593976523502,0.0086943430264202,0.0096874414420373,0.000993098415617,0.0001702982179946,0.000189750278945,1.945206095032293e-05,0.0001800242484698,False,Electrical & control engineering,Metallurgy & alloys
3,22,8846,6473,24011.634251594543,14744.86853337288,0.2932741558166152,0.1604309708051321,0.0407698739681001,0.0248430402703138,-0.0159268336977862,0.000798569467933,0.0004866066906663,-0.0003119627772666,0.0006425880792997,False,Electrical & control engineering,Mathematics & theoretical physics
3,23,1892,474,4437.898769617081,1090.1243288516998,0.0542037664584456,0.0118610555245123,0.0075352044606651,0.0018367069560515,-0.0056984975046135,0.0001475938881152,3.5976027244789055e-05,-0.0001116178608704,9.178495768001152e-05,False,Electrical & control engineering,Ecology & taxonomy
3,24,11715,17305,41119.79617059231,33973.28391230106,0.5022304347518919,0.3696449993536883,0.069818192710381,0.0572402296051558,-0.0125779631052252,0.0013675459739806,0.0011211783420257,-0.0002463676319549,0.0012443621580032,False,Electrical & control engineering,"Astronomy, optics & imaging"
3,25,553,1207,1470.856733560562,2250.066662311554,0.0179648024929212,0.024481763143149,0.0024973995115893,0.0037910474804287,0.0012936479688393,4.891717351754904e-05,7.425617189112769e-05,2.533899837357865e-05,6.158667270433836e-05,False,Electrical & control engineering,Orthopaedics & sports medicine
3,26,971,1189,2380.0631750822067,2732.1498571634293,0.0290697005938316,0.0297270506670001,0.0040411608251018,0.0046032902071943,0.0005621293820924,7.915520299274014e-05,9.016576834102533e-05,1.1010565348285172e-05,8.466048566688273e-05,False,Electrical & control engineering,"Climate, land & agriculture"
3,27,174,184,461.774586558342,391.6703398227692,0.0056400389341042,0.0042615539576444,0.0007840570740996,0.0006599097172607,-0.0001241473568388,1.5357517194749134e-05,1.2925812628438852e-05,-2.4317045663102807e-06,1.4141664911593994e-05,False,Electrical & control engineering,Oncology
3,28,406,434,1093.6399298906326,884.1940257549286,0.0133575384268031,0.0096204388401903,0.0018569149288604,0.0014897432105877,-0.0003671717182727,3.637184573828344e-05,2.91799637145484e-05,-7.191882023735048e-06,3.277590472641592e-05,False,Electrical & control engineering,Education & language
3,29,11350,17811,45142.478268027306,39119.34818184376,0.5513628129933069,0.4256365522603648,0.0766483917883661,0.0659106278248833,-0.0107377639634828,0.001501330749667,0.00129100754725,-0.000210323202417,0.0013961691484585,True,Electrical & control engineering,Electronic & magnetic materials
3,30,132,137,351.55258333683014,261.42721354961395,0.0042938054954094,0.002844448668343,0.0005969087470525,0.0004404682740486,-0.0001564404730038,1.1691797254788346e-05,8.627559543687303e-06,-3.064237711101044e-06,1.0159678399237824e-05,False,Electrical & control engineering,Drug discovery & pharmaceutics
3,31,301,221,736.763777256012,377.68641674518585,0.0089987117306132,0.0041094024243891,0.0012509671781709,0.0006363487636064,-0.0006146184145644,2.4502999314034297e-05,1.2464318481107871e-05,-1.2038680832926424e-05,1.848365889757109e-05,False,Electrical & control engineering,Chronic & infectious disease
4,0,1154,1993,2868.3522629737854,3524.7554734945297,0.0132752266645141,0.0131331768019671,0.001706576928508,0.0020475755763078,0.0003409986477998,9.214021113390248e-05,0.0001105511522873,1.8410941153484487e-05,0.0001013456817106,False,Plant & microbial biology,"Business, economics & policy"
4,1,17416,20054,55115.153384804726,35308.2383800745,0.2550823911265995,0.1315578742124165,0.0327917356566843,0.0205110076693692,-0.012280727987315,0.0017704665968357,0.0011074148171433,-0.0006630517796923,0.0014389407069895,True,Plant & microbial biology,Earth & environmental science
4,2,8296,12730,20119.81368529797,22744.352578759197,0.093117951573776,0.0847450570427734,0.0119706391311963,0.013212485572235,0.0012418464410386,0.0006463096966396,0.0007133585306896,6.704883405005699e-05,0.0006798341136646,False,Plant & microbial biology,"Reproduction, metabolism & animal science"
4,3,446,366,1145.5899740457537,641.2476770877838,0.0053019870559013,0.002389277548577,0.00068158902394,0.0003725089844792,-0.0003090800394608,3.679983921222519e-05,2.011222342563865e-05,-1.668761578658654e-05,2.845603131893192e-05,False,Plant & microbial biology,Electrical & control engineering
4,4,334664,552342,931595.55130291,1023207.4117548466,4.311584132409667,3.8124527913242328,0.5542692559337118,0.5943942839612962,0.0401250280275844,0.0299256865680304,0.0320920867416502,0.0021664001736198,0.0310088866548403,False,Plant & microbial biology,Plant & microbial biology
4,5,6397,9394,20655.91452360153,16429.36328816414,0.0955991182824066,0.0612155181911919,0.0122896018101575,0.0095440274527136,-0.0027455743574439,0.0006635308884255,0.0005152939137233,-0.0001482369747022,0.0005894124010744,False,Plant & microbial biology,Energy & thermal engineering
4,6,4467,8194,12496.614002108574,15117.27710044384,0.0578364748146167,0.0563267081695238,0.0074350816026893,0.0087818197897453,0.0013467381870559,0.0004014293040211,0.0004741413739106,7.271206988946629e-05,0.0004377853389659,False,Plant & microbial biology,Clinical diagnostics & case reports
4,7,31686,35063,96250.39958119392,62348.130193948746,0.445463371945011,0.2323080347747888,0.0572658781856338,0.0362188269721378,-0.0210470512134959,0.0030918559946814,0.001955499519821,-0.0011363564748604,0.0025236777572512,True,Plant & microbial biology,Electrochemical materials
4,8,546,579,1446.5847470760343,956.2058928012848,0.0066950425353103,0.0035628063120054,0.0008606711896439,0.0005554722438888,-0.000305198945755,4.646870809392176e-05,2.999063738409305e-05,-1.6478070709828706e-05,3.822967273900741e-05,False,Plant & microbial biology,Humanities & politics
4,9,29944,39266,80778.1742247343,76432.78042948246,0.373855256978512,0.2847871934364654,0.0480604039602903,0.0444007805970019,-0.0036596233632883,0.0025948409908208,0.0023972533733328,-0.000197587617488,0.0024960471820768,True,Plant & microbial biology,Cell & neural biology
4,10,764,843,1983.8088274002075,1361.5436511039734,0.009181407800832,0.0050730876589905,0.0011803021613188,0.0007909381365719,-0.0003893640247468,6.372598183475806e-05,4.270373381955224e-05,-2.102224801520581e-05,5.321485782715515e-05,False,Plant & microbial biology,Social behavior & violence
4,11,3789,5590,10972.080395460129,9813.668140769005,0.050780671576229,0.0365655546144232,0.0065280333598964,0.0057008854515254,-0.000827147908371,0.0003524566411406,0.0003077978967013,-4.465874443931807e-05,0.0003301272689209,False,Plant & microbial biology,Mental health & cognition
4,12,6535,7366,17422.534706115723,14764.63835477829,0.0806344814336927,0.0550127824152762,0.0103658452796734,0.0085769674281235,-0.0017888778515498,0.0005596648804372,0.0004630811400965,-9.658374034076925e-05,0.0005113730102669,False,Plant & microbial biology,Computing & networks
4,13,8641,14091,26335.977788448334,24022.39800310135,0.1218874261318218,0.0895070317797584,0.0156690559467299,0.013954918519988,-0.0017141374267419,0.0008459918208684,0.0007534434090306,-9.254841183784595e-05,0.0007997176149495,False,Plant & microbial biology,Marine ecology & paleoscience
4,14,9764,15292,25084.20144367218,31614.884312987328,0.1160939903238531,0.1177965020207647,0.0149242894627722,0.0183654910117477,0.0034412015489755,0.0008057809520052,0.0009915757040496,0.0001857947520444,0.0008986783280274,False,Plant & microbial biology,Immune & inflammatory disease
4,15,3219,4188,8489.9220764637,7194.843872666359,0.0392928167798573,0.0268078615248156,0.0050512293512731,0.0041795769096045,-0.0008716524416685,0.0002727221557594,0.0002256605562094,-4.706159955000371e-05,0.0002491913559844,False,Plant & microbial biology,Cardiovascular medicine
4,16,5025,5987,14298.339683055878,10308.364850997925,0.0661751705566293,0.0384087858421335,0.0085070501744355,0.0059882611033008,-0.0025187890711347,0.0004593062206017,0.0003233136655992,-0.0001359925550024,0.0003913099431005,False,Plant & microbial biology,Public health & care delivery
4,17,2967,4470,8400.26956152916,8241.556557416916,0.0388778895506731,0.0307078945492517,0.0049978890012941,0.0047876257075491,-0.0002102632937449,0.0002698422439155,0.0002584898671455,-1.1352376769976448e-05,0.0002641660555305,False,Plant & microbial biology,Surgical specialties
4,18,1613,1959,4751.424729824066,3419.269770383835,0.0219904092959619,0.0127401389304182,0.0028269442097929,0.0019862975810077,-0.0008406466287852,0.0001526302342442,0.0001072426770991,-4.538755714516319e-05,0.0001299364556717,False,Plant & microbial biology,Editorial & miscellaneous records
4,19,8599,13360,26848.77912569046,22385.457923173904,0.1242607587498655,0.0834078218783693,0.0159741561752974,0.0130039990724565,-0.0029701571028409,0.0008624645617145,0.000702102085236,-0.0001603624764785,0.0007822833234753,False,Plant & microbial biology,Synthetic chemistry
4,20,881,749,2551.399676799774,1260.050532579422,0.0118083156865013,0.004694926087276,0.0015180003795332,0.0007319794847684,-0.0007860208947647,8.195872868961152e-05,3.952048287164875e-05,-4.243824581796277e-05,6.073960578063013e-05,False,Plant & microbial biology,Civil & structural engineering
4,21,1572,1703,4744.301010131836,3052.0938522815704,0.0219574394983434,0.011372047927759,0.0028227058267223,0.0017730003898214,-0.0010497054369008,0.0001524013986703,9.572649643251944e-05,-5.667490223778373e-05,0.0001240639475514,False,Plant & microbial biology,Metallurgy & alloys
4,22,542,281,1323.897467136383,646.0805335044861,0.0061272247428182,0.0024072846864498,0.0007876762217422,0.0003753164526389,-0.0004123597691033,4.252761898049336e-05,2.0263802123713905e-05,-2.2263816856779456e-05,3.139571055210363e-05,False,Plant & microbial biology,Mathematics & theoretical physics
4,23,27659,55752,79838.22146308422,100091.34965014458,0.3695049942419874,0.3729386055820817,0.0475011624341967,0.0581443463197583,0.0106431838855616,0.002564646845202,0.003139285581945,0.0005746387367429,0.0028519662135735,True,Plant & microbial biology,Ecology & taxonomy
4,24,3598,4024,10677.222299218178,7880.248938322067,0.0494160176904399,0.0293616687253179,0.0063526023186238,0.0045777374863787,-0.001774864832245,0.0003429849010085,0.0002471577410104,-9.582715999809804e-05,0.0002950713210094,False,Plant & microbial biology,"Astronomy, optics & imaging"
4,25,637,794,1711.1929990053177,1381.2829687595367,0.0079196949488253,0.0051466360088463,0.0010181045508334,0.0008024049588886,-0.0002156995919447,5.496873109153634e-05,4.3322841819695525e-05,-1.1645889271840818e-05,4.9145786455615934e-05,False,Plant & microbial biology,Orthopaedics & sports medicine
4,26,16948,26522,47970.138290166855,43287.63053512573,0.2220140347301106,0.1612889488167553,0.0285406825096385,0.0251463387195165,-0.003394343790122,0.0015409469496595,0.0013576821063006,-0.0001832648433588,0.00144931452798,True,Plant & microbial biology,"Climate, land & agriculture"
4,27,8592,13383,23605.39883482456,25115.828909635544,0.109249837993632,0.0935811360755698,0.0140444496862378,0.0145901065310246,0.0005456568447868,0.0007582773080617,0.0007877379998392,2.946069177747128e-05,0.0007730076539505,False,Plant & microbial biology,Oncology
4,28,822,1112,2183.4939321279526,1722.8289600610733,0.0101055847441617,0.0064192303557441,0.0012991083473978,0.0010008133974977,-0.0002982949499,7.014047560088791e-05,5.403516021495946e-05,-1.610531538592845e-05,6.208781790792368e-05,False,Plant & microbial biology,Education & language
4,29,1450,820,4242.171209454536,1421.3948047161102,0.0196334965834354,0.0052960920030083,0.0025239548176451,0.0008257064378829,-0.0016982483797622,0.0001362714600821,4.458091765465989e-05,-9.169054242746447e-05,9.042618886839214e-05,False,Plant & microbial biology,Electronic & magnetic materials
4,30,27748,41272,74481.64203751087,87743.68939125538,0.3447138251311072,0.326931440974478,0.0443141707311878,0.050971432408206,0.0066572616770182,0.0023925771989459,0.0027520110376714,0.0003594338387255,0.0025722941183086,True,Plant & microbial biology,Drug discovery & pharmaceutics
4,31,22778,30814,60374.9649873972,57989.886936903,0.2794257021412183,0.2160692971740734,0.0359211536313011,0.0336870676725663,-0.0022340859587348,0.0019394277658816,0.0018188066860519,-0.0001206210798297,0.0018791172259667,True,Plant & microbial biology,Chronic & infectious disease
5,0,5505,13322,16481.82617008686,28189.4705337286,0.1256153442674451,0.1719294494902347,0.0154571751530001,0.0223626285281397,0.0069054533751396,0.0005044280756403,0.0007297800253314,0.0002253519496911,0.0006171040504858,False,Energy & thermal engineering,"Business, economics & policy"
5,1,9764,21476,35494.32165515423,44220.860332369804,0.2705180474687735,0.2697059586072075,0.0332876916124976,0.0350802854429042,0.0017925938304066,0.0010863075598481,0.0011448069070655,5.8499347217479e-05,0.0011155572334568,False,Energy & thermal engineering,Earth & environmental science
5,2,245,198,706.4185528755188,346.41994404792786,0.0053839306883007,0.0021128382032339,0.0006625015450619,0.0002748139775883,-0.0003876875674736,2.162001634687411e-05,8.968254839697092e-06,-1.2651761507177018e-05,1.5294135593285602e-05,False,Energy & thermal engineering,"Reproduction, metabolism & animal science"
5,3,8714,17670,30277.987464427948,31062.186665654182,0.2307620393407814,0.1894503356137512,0.0283956492859636,0.0246415462413398,-0.0037541030446237,0.0009266610867831,0.0008041500227749,-0.0001225110640081,0.000865405554779,False,Energy & thermal engineering,Electrical & control engineering
5,4,4657,9146,15363.42513167858,17461.27994596958,0.1170915114094273,0.1064975039142156,0.0144083034707256,0.0138519847895109,-0.0005563186812147,0.0004701992906879,0.0004520444364516,-1.8154854236315733e-05,0.0004611218635697,False,Energy & thermal engineering,Plant & microbial biology
5,5,174331,359720,606609.3217923641,704082.6549069881,4.623240046730067,4.294246786541893,0.5688973078362328,0.5585468108013031,-0.0103504970349297,0.0185653440158559,0.0182275668185627,-0.0003377771972931,0.0183964554172093,False,Energy & thermal engineering,Energy & thermal engineering
5,6,46,36,159.04613864421844,82.88619554042816,0.0012121615198478,0.0005055284012005,0.0001491584729181,6.575338826472752e-05,-8.340508465339019e-05,4.867624304880249e-06,2.1457902094594224e-06,-2.7218340954208268e-06,3.506707257169836e-06,False,Energy & thermal engineering,Clinical diagnostics & case reports
5,7,40068,97231,137754.5574325323,217313.04831051824,1.0498888883868076,1.325406687520721,0.1291905581569086,0.1723938364812923,0.0432032783243836,0.0042159931550843,0.0056258850875239,0.0014098919324396,0.0049209391213041,True,Energy & thermal engineering,Electrochemical materials
5,8,288,873,791.5732433795929,1658.6300731897354,0.0060329325436334,0.010116094768444,0.0007423622930542,0.0013157866213898,0.0005734243283356,2.422618487573989e-05,4.293926327490256e-05,1.8713078399162666e-05,3.358272407532123e-05,False,Energy & thermal engineering,Humanities & politics
5,9,750,349,1876.4526134729383,621.6868969202042,0.0143012818246285,0.0037917095964925,0.0017597963000845,0.000493182485283,-0.0012666138148014,5.742903553747464e-05,1.609447324808041e-05,-4.133456228939423e-05,3.676175439277752e-05,False,Energy & thermal engineering,Cell & neural biology
5,10,199,616,689.0984134674072,1151.0508425235748,0.0052519261851553,0.0070203353927333,0.0006462581733783,0.0009131254302048,0.0002668672568264,2.1089931603757947e-05,2.979885386671407e-05,8.708922262956124e-06,2.544439273523601e-05,False,Energy & thermal engineering,Social behavior & violence
5,11,117,87,236.4117523431778,126.77870011329652,0.001801799348749,0.0007732316962635,0.0002217143796133,0.0001005731899973,-0.0001211411896159,7.235407294226783e-06,3.282096514351593e-06,-3.95331077987519e-06,5.2587519042891885e-06,False,Energy & thermal engineering,Mental health & cognition
5,12,8631,17312,29020.78837442398,32903.4939879179,0.2211803646602059,0.2006805910341345,0.0272166084238744,0.0261022502160619,-0.0011143582078125,0.0008881843724237,0.0008518185060363,-3.636586638741505e-05,0.00087000143923,False,Energy & thermal engineering,Computing & networks
5,13,835,1037,3170.934935092926,2062.0566580295563,0.0241671086329184,0.0125766202528885,0.0029738025498323,0.001635823808479,-0.0013379787413533,9.704680723987688e-05,5.338332830093822e-05,-4.366347893893867e-05,7.521506777040756e-05,False,Energy & thermal engineering,Marine ecology & paleoscience
5,14,118,101,352.890771150589,183.4223417043686,0.0026895378733782,0.0011187050212847,0.0003309520682514,0.0001455084332424,-0.000185443635009,1.080026028461511e-05,4.748509235574473e-06,-6.051751049040636e-06,7.774384760094791e-06,False,Energy & thermal engineering,Immune & inflammatory disease
5,15,1029,697,2668.604932785034,1444.0398170948029,0.0203386277640754,0.0088072945711424,0.0025027016687678,0.0011455527683961,-0.0013571489003717,8.167294309486811e-05,3.73838668959084e-05,-4.428907619895971e-05,5.9528404995388256e-05,False,Energy & thermal engineering,Cardiovascular medicine
5,16,312,640,1025.2106132507324,1180.4955030679705,0.0078135870868398,0.0071999203293063,0.0009614747694944,0.0009364837974754,-2.4990972018959588e-05,3.1376681893822616e-05,3.0561128741378846e-05,-8.155531524437696e-07,3.096890531760073e-05,False,Energy & thermal engineering,Public health & care delivery
5,17,498,573,1462.3501249551773,1242.612249135971,0.0111452221671391,0.0075787744813492,0.0013714379573707,0.0009857608392713,-0.0003856771180993,4.475538401092296e-05,3.216923132935661e-05,-1.2586152681566356e-05,3.846230767013978e-05,False,Energy & thermal engineering,Surgical specialties
5,18,618,943,1740.5095924139025,1868.0895886421204,0.013265199462464,0.0113936022384453,0.0016323046577354,0.0014819502721097,-0.0001503543856256,5.3268484649370026e-05,4.8361833035829967e-05,-4.906651613540059e-06,5.08151588426e-05,False,Energy & thermal engineering,Editorial & miscellaneous records
5,19,2955,5594,14173.564212679865,11277.339823126793,0.1080230509470989,0.0687812431661175,0.0132924144640782,0.0089462822988617,-0.0043461321652165,0.0004337834683478,0.0002919521788089,-0.0001418312895388,0.0003628678235783,False,Energy & thermal engineering,Synthetic chemistry
5,20,12016,24423,40991.69135594368,43479.6901640892,0.3124159524948189,0.2651855126180357,0.03844329788264,0.0344923172109516,-0.0039509806716884,0.001254555155147,0.0011256192042126,-0.0001289359509344,0.0011900871796798,False,Energy & thermal engineering,Civil & structural engineering
5,21,8192,17677,26286.913103938103,33730.96299958229,0.2003442825572645,0.2057273793899309,0.0246526941787982,0.0267586790803166,0.0021059849015184,0.0008045138235718,0.0008732403470592,6.872652348733374e-05,0.0008388770853155,False,Energy & thermal engineering,Metallurgy & alloys
5,22,9192,6769,27610.55413174629,14641.901852726936,0.2104323408633523,0.0893019300244522,0.025894046380635,0.0116153799939677,-0.0142786663866672,0.0008450240006363,0.0003790552749899,-0.0004659687256463,0.0006120396378131,False,Energy & thermal engineering,Mathematics & theoretical physics
5,23,639,531,2039.7030478715897,1003.2668722867966,0.0155454861565498,0.0061189911615286,0.0019128976938417,0.0007958888178724,-0.0011170088759693,6.242533276942897e-05,2.5972964713743506e-05,-3.6452368055685467e-05,4.419914874158624e-05,False,Energy & thermal engineering,Ecology & taxonomy
5,24,5502,15036,19283.601998806,27485.73719203472,0.1469689267923909,0.1676373331881359,0.018084768677955,0.0218043588265383,0.0037195901485832,0.0005901767284334,0.0007115615016697,0.0001213847732362,0.0006508691150516,False,Energy & thermal engineering,"Astronomy, optics & imaging"
5,25,193,255,614.8172025680542,452.624453663826,0.0046857959649095,0.0027605865477724,0.0005765949166737,0.0003590657195184,-0.0002175291971553,1.8816547096269496e-05,1.171771867319006e-05,-7.098828423079436e-06,1.526713288472978e-05,False,Energy & thermal engineering,Orthopaedics & sports medicine
5,26,4725,8655,15933.085218071938,16388.858189940453,0.1214331448624967,0.0999567325324038,0.0149425486230642,0.0130012355948114,-0.0019413130282527,0.0004876337993511,0.0004242811630923,-6.335263625882923e-05,0.0004559574812217,False,Energy & thermal engineering,"Climate, land & agriculture"
5,27,127,147,403.0719358921051,313.64200377464294,0.0030719908988923,0.0019129233726283,0.0003780135434052,0.0002488113287846,-0.0001292022146205,1.2336060268350726e-05,8.11968671727248e-06,-4.216373551078247e-06,1.0227873492811602e-05,False,Energy & thermal engineering,Oncology
5,28,435,921,1370.16745531559,1711.4078603982923,0.0104426569499859,0.0104379899913153,0.0012849861494226,0.0013576550931112,7.266894368856925e-05,4.193412341917635e-05,4.430559524768344e-05,2.3714718285070864e-06,4.311985933342989e-05,False,Energy & thermal engineering,Education & language
5,29,8444,10277,28057.22174835205,20112.10693955421,0.2138365938784026,0.1226650734737626,0.0263129453250723,0.015954878466743,-0.0103580668583293,0.0008586943114362,0.0005206700812012,-0.000338024230235,0.0006896821963187,False,Energy & thermal engineering,Electronic & magnetic materials
5,30,849,1048,2415.253838181496,2024.9911831617355,0.0184077261369901,0.0123505554645664,0.0022651010410171,0.001606419870413,-0.0006586811706041,7.391910539548911e-05,5.242376280801436e-05,-2.149534258747475e-05,6.317143410175173e-05,False,Energy & thermal engineering,Drug discovery & pharmaceutics
5,31,271,367,1228.2935621738434,737.8951711654663,0.0093613727679024,0.004500471564664,0.0011519323486302,0.0005853701858549,-0.0005665621627752,3.759205754840676e-05,1.9102918448246867e-05,-1.848913910015989e-05,2.834748799832681e-05,False,Energy & thermal engineering,Chronic & infectious disease
6,0,381,151,766.7471181154251,327.02603697776794,0.0054028132285755,0.0023765736417777,0.0018229136608883,0.0008167723729248,-0.0010061412879634,5.497377582904861e-05,2.463147997401608e-05,-3.0342295855032532e-05,3.9802627901532346e-05,False,Clinical diagnostics & case reports,"Business, economics & policy"
6,1,453,353,947.5875662565232,624.2034690380096,0.0066770888566075,0.0045362305868104,0.0022528553138388,0.0015589955873414,-0.0006938597264973,6.79395660120863e-05,4.7014774081631714e-05,-2.092479193045458e-05,5.7477170046859005e-05,False,Clinical diagnostics & case reports,Earth & environmental science
6,2,1838,3446,4842.75362765789,6141.51980471611,0.0341240191766895,0.0446318410094558,0.0115134723504045,0.0153389123099214,0.0038254399595169,0.0003472128502765,0.000462576996859,0.0001153641465824,0.0004048949235677,False,Clinical diagnostics & case reports,"Reproduction, metabolism & animal science"
6,3,53,49,126.66679203510284,81.86363410949707,0.0008925459300199,0.0005949219115479,0.0003011457364837,0.0002044606457204,-9.668509076336236e-05,9.081679820900494e-06,6.165938598660687e-06,-2.9157412222398074e-06,7.6238092097805904e-06,False,Clinical diagnostics & case reports,Electrical & control engineering
6,4,7305,8632,16948.56940948963,15406.10472726822,0.1194265395298641,0.1119597165891165,0.0402946134118007,0.0384779170243116,-0.0018166963874891,0.0012151683825436,0.0011603821016034,-5.478628094026175e-05,0.0011877752420735,False,Clinical diagnostics & case reports,Plant & microbial biology
6,5,112,86,263.1854964494705,150.0990390777588,0.0018545124568337,0.0010908043384711,0.0006257140398579,0.0003748837537655,-0.0002508302860924,1.886971615730549e-05,1.1305404026328994e-05,-7.564312130976499e-06,1.5087560091817243e-05,False,Clinical diagnostics & case reports,Energy & thermal engineering
6,6,57664,91281,177333.5610947609,179967.08765792847,1.2495646701719338,1.307862336797392,0.4216041552893825,0.4494814742984466,0.027877319009064,0.0127143554951356,0.0135550543821977,0.0008406988870621,0.0131347049386667,False,Clinical diagnostics & case reports,Clinical diagnostics & case reports
6,7,642,535,1622.015928030014,1049.751881122589,0.0114293864376827,0.0076287890534298,0.0038562844561475,0.0026218350772637,-0.0012344493788838,0.0001162943269194,7.90669228557926e-05,-3.722740406366633e-05,9.768062488762576e-05,False,Clinical diagnostics & case reports,Electrochemical materials
6,8,232,206,484.0051792860031,363.2014039754868,0.0034104980945645,0.0026394683778756,0.0011507048835472,0.0009071231003997,-0.0002435817831475,3.4701913574276706e-05,2.7356195216850294e-05,-7.345718357426408e-06,3.1029054395563504e-05,False,Clinical diagnostics & case reports,Humanities & politics
6,9,7030,13523,23165.97964835167,25223.196848392487,0.1632369504102712,0.1833027894208183,0.0550762823506107,0.0629968504434811,0.0079205680928704,0.001660940539534,0.0018998018438944,0.0002388613043603,0.0017803711917142,True,Clinical diagnostics & case reports,Cell & neural biology
6,10,671,638,1646.709691286087,1179.8474770784378,0.0116033887751302,0.0085742237567866,0.0039149929890063,0.0029467587120847,-0.0009682342769215,0.0001180648055734,8.886567495549781e-05,-2.919913061792928e-05,0.0001034652402644,False,Clinical diagnostics & case reports,Social behavior & violence
6,11,6683,7652,20549.704257011414,14434.92546582222,0.1448016058749405,0.104901932886253,0.0488561818261477,0.0360523230341896,-0.0128038587919581,0.0014733603928696,0.0010872332393582,-0.0003861271535114,0.0012802968161139,False,Clinical diagnostics & case reports,Mental health & cognition
6,12,1396,758,2778.4958134889603,1718.4432953596115,0.0195784158583561,0.0124883237994867,0.006605773736169,0.00429194268768,-0.0023138310484889,0.0001992109293714,0.0001294325124913,-6.977841688011563e-05,0.0001643217209314,False,Clinical diagnostics & case reports,Computing & networks
6,13,101,87,257.99843430519104,202.21806919574735,0.0018179622992805,0.001469565351992,0.0006133819864086,0.0005050549911918,-0.0001083269952168,1.849781728113908e-05,1.523099006981473e-05,-3.2668272113243487e-06,1.6864403675476906e-05,False,Clinical diagnostics & case reports,Marine ecology & paleoscience
6,14,8685,8507,20596.173854470253,16097.007667064669,0.145129049630444,0.1169806676146723,0.0489666616206227,0.0402034996073176,-0.0087631620133051,0.0014766921422472,0.0012124206551169,-0.0002642714871302,0.001344556398682,False,Clinical diagnostics & case reports,Immune & inflammatory disease
6,15,10135,7840,22849.41355264187,16457.229432106018,0.1610062964577356,0.119598482269137,0.0543236578583767,0.0411031808331033,-0.0132204770252733,0.0016382435731294,0.0012395524250329,-0.0003986911480965,0.0014388979990812,True,Clinical diagnostics & case reports,Cardiovascular medicine
6,16,5938,4872,13131.103404283524,9349.595102190971,0.0925271155277773,0.0679456641633453,0.0312187254606711,0.0233513240966268,-0.0078674013640443,0.0009414659903898,0.0007042080399868,-0.000237257950403,0.0008228370151883,False,Clinical diagnostics & case reports,Public health & care delivery
6,17,5745,10579,17986.68655014038,19400.85547912121,0.1267415367275119,0.1409904917226909,0.0427626995285714,0.0484551105254401,0.0056924109968686,0.0012895986837813,0.0014612652485686,0.0001716665647873,0.001375431966175,False,Clinical diagnostics & case reports,Surgical specialties
6,18,485,527,1438.1856474876404,956.6194970607758,0.010134043229914,0.0069519745367548,0.0034192345843341,0.002389229872402,-0.0010300047119321,0.0001031141735229,7.205222618469274e-05,-3.106194733821148e-05,8.758319985379849e-05,False,Clinical diagnostics & case reports,Editorial & miscellaneous records
6,19,88,105,223.2217708826065,187.61456823349,0.0015729117307866,0.0013634383420899,0.0005307017215137,0.0004685816380478,-6.212008346593163e-05,1.600442088758702e-05,1.4131059786505755e-05,-1.8733611010812643e-06,1.506774033704639e-05,False,Clinical diagnostics & case reports,Synthetic chemistry
6,20,103,96,222.92034029960632,146.21370339393616,0.0015707877278359,0.0010625687078743,0.0005299850811579,0.0003651798327095,-0.0001648052484484,1.598280909811124e-05,1.1012761981760187e-05,-4.970047116351051e-06,1.3497785539935716e-05,False,Clinical diagnostics & case reports,Civil & structural engineering
6,21,52,47,114.020933508873,68.51561748981476,0.0008034380480104,0.0004979187959504,0.0002710806632458,0.0001711229601066,-9.995770313923497e-05,8.175004627264918e-06,5.160570931000359e-06,-3.0144336962645586e-06,6.667787779132638e-06,False,Clinical diagnostics & case reports,Metallurgy & alloys
6,22,53,15,81.21253395080566,31.51115322113037,0.0005722566702748,0.0002289988187468,0.0001930798748069,7.870149920745211e-05,-0.0001143783755994,5.822727637886604e-06,2.373408388816425e-06,-3.4493192490701792e-06,4.098068013351514e-06,False,Clinical diagnostics & case reports,Mathematics & theoretical physics
6,23,2330,3459,5559.978107213974,5979.541841864586,0.0391778756757243,0.043454709791956,0.0132186477215488,0.014934360041538,0.0017157123199891,0.0003986359816149,0.000450376876694,5.1740895079066735e-05,0.0004245064291545,False,Clinical diagnostics & case reports,Ecology & taxonomy
6,24,1984,2067,5203.001224756241,3950.1661360263824,0.0366624708215413,0.0287067684465792,0.0123699480391125,0.0098658400358167,-0.0025041080032957,0.0003730416668158,0.0002975250502154,-7.551661660038265e-05,0.0003352833585156,False,Clinical diagnostics & case reports,"Astronomy, optics & imaging"
6,25,3208,5867,9551.49791252613,10530.29454112053,0.0673037538130521,0.0765260793234155,0.0227083423143294,0.0263002106481619,0.0035918683338325,0.0006848175789241,0.0007931378843933,0.0001083203054692,0.0007389777316587,False,Clinical diagnostics & case reports,Orthopaedics & sports medicine
6,26,100,89,235.27932214736936,162.8937931060791,0.0016578741596479,0.0011837867672029,0.0005593681154239,0.0004068396240236,-0.0001525284914003,1.686891597940496e-05,1.2269100160537591e-05,-4.599815818867368e-06,1.4569008069971277e-05,False,Clinical diagnostics & case reports,"Climate, land & agriculture"
6,27,6673,11453,20433.166941285133,27268.94858443737,0.1439804363704809,0.1981697391549638,0.0485791185548011,0.068106270828801,0.0195271522739999,0.0014650049701766,0.0020538871069024,0.0005888821367257,0.0017594460385395,True,Clinical diagnostics & case reports,Oncology
6,28,960,1060,2385.3798953294754,1967.2942337989807,0.0168083606043943,0.0142967809685007,0.0056711547978064,0.0049134668127071,-0.0007576879850992,0.0001710255396267,0.0001481758729997,-2.284966662705878e-05,0.0001596007063132,False,Clinical diagnostics & case reports,Education & language
6,29,54,80,139.22139656543732,163.86285972595215,0.0009810107991188,0.0011908291978521,0.0003309938566327,0.0004092599415309,7.826608489817916e-05,9.981812340171428e-06,1.2342089899402064e-05,2.360277559230636e-06,1.1161951119786746e-05,False,Clinical diagnostics & case reports,Electronic & magnetic materials
6,30,4877,6357,14321.51709496975,13601.040312886238,0.1009152563939928,0.0988418971378696,0.0340488911405814,0.0339696315108946,-7.925962968681477e-05,0.0010268155584932,0.0010244253185119,-2.3902399812906e-06,0.0010256204385025,False,Clinical diagnostics & case reports,Drug discovery & pharmaceutics
6,31,16660,13663,34410.294946074486,27199.527202367783,0.2424689866338044,0.1976652379588906,0.0818092370357685,0.0679328856528415,-0.0138763513829269,0.0024671287258652,0.0020486583141188,-0.0004184704117464,0.002257893519992,True,Clinical diagnostics & case reports,Chronic & infectious disease
7,0,321,536,1034.582509636879,1096.5141681432724,0.0050126138965097,0.0049288936448358,0.0003684220032169,0.0004225695488692,5.41475456522352e-05,1.6601023805625896e-05,1.9040901680834067e-05,2.4398778752081707e-06,1.782096274322998e-05,False,Electrochemical materials,"Business, economics & policy"
7,1,20029,33736,83588.39734494686,65181.82874715328,0.4049907650819665,0.2929960330696269,0.0297664077139005,0.0251194711097939,-0.0046469366041066,0.0013412685419209,0.0011318784823848,-0.000209390059536,0.0012365735121529,False,Electrochemical materials,Earth & environmental science
7,2,377,630,1158.716215133667,1199.7291802167892,0.0056140490951551,0.0053928510033825,0.0004126268762163,0.0004623460719234,4.971919570708621e-05,1.859288678497978e-05,2.083322407298864e-05,2.2403372880088618e-06,1.971305542898421e-05,False,Electrochemical materials,"Reproduction, metabolism & animal science"
7,3,4632,4303,17872.70759654045,8721.295285701752,0.0865943331074855,0.0392027190868137,0.0063645950654431,0.003360972362696,-0.0030036227027471,0.0002867874157135,0.0001514447609425,-0.0001353426547709,0.000219116088328,False,Electrochemical materials,Electrical & control engineering
7,4,22107,32084,65941.87742984295,56269.75020420551,0.3194923247666237,0.2529357323742022,0.0234823596497082,0.0216849755795106,-0.0017973840701976,0.0010581105584171,0.0009771207818113,-8.098977660579948e-05,0.0010176156701142,False,Electrochemical materials,Plant & microbial biology
7,5,36542,74696,148608.52545022964,149435.5071492195,0.7200171594560395,0.6717211166982086,0.0529205260397365,0.0575887632605915,0.0046682372208549,0.0023845886101284,0.0025949384713121,0.0002103498611837,0.0024897635407203,True,Electrochemical materials,Energy & thermal engineering
7,6,169,272,484.2907940149307,467.7943868637085,0.0023464177495935,0.0021027624151967,0.0001724593087632,0.0001802764330489,7.81712428574101e-06,7.770982908950529e-06,8.123221008808793e-06,3.522380998582646e-07,7.94710195887966e-06,False,Electrochemical materials,Clinical diagnostics & case reports
7,7,472398,1011733,1849630.3635604384,1826710.2697895763,8.961569306872969,8.211166714761264,0.6586661937606643,0.7039691387908047,0.0453029450301404,0.0296793705780436,0.031720712469525,0.0020413418914814,0.0307000415237843,False,Electrochemical materials,Electrochemical materials
7,8,138,191,481.1559474468231,355.6757879257202,0.0023312292312063,0.001598782926533,0.0001713429681701,0.0001370686869481,-3.4274281221985603e-05,7.7206808189583e-06,6.176288373559743e-06,-1.5443924453985574e-06,6.948484596259022e-06,False,Electrochemical materials,Humanities & politics
7,9,7702,6857,22756.606102585796,11715.832218647003,0.1102571123372819,0.0526633331735543,0.0081037851777302,0.0045149931292216,-0.0035887920485086,0.0003651549838947,0.0002034447122212,-0.0001617102716735,0.000284299848058,False,Electrochemical materials,Cell & neural biology
7,10,51,42,164.46885931491852,101.7145735025406,0.0007968614219415,0.000457212801703,5.856850086986356e-05,3.919829099077969e-05,-1.9370209879083865e-05,2.6390852574236982e-06,1.766267367843794e-06,-8.728178895799043e-07,2.202676312633746e-06,False,Electrochemical materials,Social behavior & violence
7,11,337,390,1157.0938856601715,676.9314701557159,0.0056061888122025,0.0030428455173448,0.0004120491534451,0.0002608727130662,-0.0001511764403789,1.856685470927852e-05,1.1754873710134584e-05,-6.811980999143936e-06,1.5160864209706553e-05,False,Electrochemical materials,Mental health & cognition
7,12,4676,3580,15886.546528577805,6010.631739139557,0.0769712644036945,0.0270181320417033,0.0056573093414391,0.0023163494063446,-0.0033409599350945,0.0002549172585593,0.000104374253712,-0.0001505430048473,0.0001796457561357,False,Electrochemical materials,Computing & networks
7,13,555,608,2031.9184670448303,1023.5233381986618,0.0098447660284326,0.0046007957065716,0.0007235802509989,0.0003944406810648,-0.0003291395699341,3.260438537119812e-05,1.7773420368731026e-05,-1.4830965002467095e-05,2.5188902869964573e-05,False,Electrochemical materials,Marine ecology & paleoscience
7,14,715,1047,2410.9919986724854,1766.8339418172836,0.0116813998732312,0.0079420192098836,0.0008585709632794,0.0006808942769839,-0.0001776766862955,3.8687040610403865e-05,3.068096368464585e-05,-8.006076925758018e-06,3.4684002147524856e-05,False,Electrochemical materials,Immune & inflammatory disease
7,15,616,679,2075.3096457719803,1122.0424344539642,0.0100549988744818,0.0050436446560293,0.0007390321505233,0.0004324075138419,-0.0003066246366814,3.330064495832029e-05,1.948419846898876e-05,-1.3816446489331528e-05,2.6392421713654524e-05,False,Electrochemical materials,Cardiovascular medicine
7,16,270,424,918.3523482084274,818.1437342166901,0.0044494718397449,0.0036776026879535,0.0003270316370462,0.0003152924410119,-1.1739196034261446e-05,1.4735981956539636e-05,1.420701606654932e-05,-5.289658899903185e-07,1.447149901154448e-05,False,Electrochemical materials,Public health & care delivery
7,17,6704,8751,21603.56653237343,15020.988020181656,0.104670566924968,0.067520196767904,0.0076931797941198,0.0057887187559154,-0.0019044610382043,0.0003466531851734,0.000260838541216,-8.581464395734922e-05,0.0003037458631947,False,Electrochemical materials,Surgical specialties
7,18,732,583,2434.9389992952347,1126.7733169794085,0.0117974245179389,0.0050649102424591,0.0008670986561974,0.0004342306794266,-0.0004328679767707,3.907129679462172e-05,1.9566349955624892e-05,-1.9504946838996827e-05,2.931882337512331e-05,False,Electrochemical materials,Editorial & miscellaneous records
7,19,27932,61408,111791.89227962494,102228.4460027218,0.5416383783200153,0.4595226878622698,0.0398098677615684,0.0393963247936128,-0.0004135429679555,0.0017938248981817,0.0017751907324812,-1.863416570056526e-05,0.0017845078153314,True,Electrochemical materials,Synthetic chemistry
7,20,9270,14826,31681.05558156967,27608.73576462269,0.1534966017548588,0.1241028398954711,0.0112818434998354,0.0106397266500084,-0.0006421168498269,0.0005083576737457,0.0004794240133864,-2.8933660359293806e-05,0.000493890843566,False,Electrochemical materials,Civil & structural engineering
7,21,27448,47294,100285.9444295168,89237.64175796509,0.4858913754964206,0.401128282807103,0.0357125199750349,0.0343899888531931,-0.0013225311218417,0.0016091992038686,0.0015496062087552,-5.959299511339557e-05,0.0015794027063119,True,Electrochemical materials,Metallurgy & alloys
7,22,4450,2138,10914.282110095024,4054.9594942331314,0.052880347063563,0.0182272739029313,0.0038866515151969,0.0015626814991934,-0.0023239700160034,0.0001751317613078,7.041412440679862e-05,-0.000104717636901,0.0001227729428573,False,Electrochemical materials,Mathematics & theoretical physics
7,23,1486,1436,4574.335847020149,2551.5173975229263,0.0221629297040057,0.0114692160399842,0.0016289527035769,0.0009832919509183,-0.0006456607526585,7.340029198634199e-05,4.430694405475633e-05,-2.9093347931585656e-05,5.885361802054916e-05,False,Electrochemical materials,Ecology & taxonomy
7,24,9120,9771,33763.572143793106,18730.827436566356,0.1635865185689143,0.0841961362623682,0.0120234420832641,0.0072183994787951,-0.004805042604469,0.0005417739616715,0.0003252596765112,-0.0002165142851602,0.0004335168190914,False,Electrochemical materials,"Astronomy, optics & imaging"
7,25,492,533,1631.1059401035309,809.5989828109741,0.0079028054561953,0.0036391935436635,0.0005808481317966,0.0003119995043116,-0.0002688486274849,2.6172903841821617e-05,1.4058636979319734e-05,-1.2114266862501884e-05,2.011577041057068e-05,False,Electrochemical materials,Orthopaedics & sports medicine
7,26,1664,1897,6412.870446443558,3716.236837029457,0.0310707393725824,0.0167046962646687,0.0022836676188145,0.0014321461312021,-0.0008515214876124,0.0001029016187226,6.453222611467978e-05,-3.8369392607997055e-05,8.371692241867831e-05,False,Electrochemical materials,"Climate, land & agriculture"
7,27,1158,1465,3503.356714963913,2847.164208173752,0.0169739720034727,0.0127981652943293,0.0012475696108217,0.0010972269487787,-0.0001503426620429,5.621524400710021e-05,4.944083289760345e-05,-6.77441110949676e-06,5.282803845235183e-05,False,Electrochemical materials,Oncology
7,28,225,290,641.4032497406006,564.01154088974,0.0031076369578727,0.0025352640032119,0.0002284081433217,0.0002173561539969,-1.1051989324776735e-05,1.02920265119181e-05,9.794026022593122e-06,-4.980004893249766e-07,1.0043026267255612e-05,False,Electrochemical materials,Education & language
7,29,55694,74194,209659.03023839,147626.81266999245,1.0158104923604176,0.6635909319882313,0.074661033985648,0.0568917369636824,-0.0177692970219655,0.0033642116695685,0.0025635306019474,-0.0008006810676211,0.002963871135758,True,Electrochemical materials,Electronic & magnetic materials
7,30,15864,25194,50447.24233734608,44209.618533968925,0.2444198946196478,0.1987247535539583,0.0179646126873153,0.01703729792312,-0.0009273147641952,0.0008094819535122,0.0007676973306034,-4.178462290876754e-05,0.0007885896420578,False,Electrochemical materials,Drug discovery & pharmaceutics
7,31,791,1106,2598.779157757759,1865.307127952576,0.0125912398467944,0.0083846617907367,0.0009254432723357,0.0007188434171317,-0.0002065998552039,4.170029384958695e-05,3.239094455846852e-05,-9.30934929111843e-06,3.704561920402773e-05,False,Electrochemical materials,Chronic & infectious disease
8,0,18420,23656,42523.87835538387,48945.36881196499,0.2892546340403488,0.2912088702175773,0.1320710118972861,0.1377421341444167,0.0056711222471305,0.005224503425444,0.0054488433254766,0.0002243399000326,0.0053366733754603,True,Humanities & politics,"Business, economics & policy"
8,1,2032,1570,4521.227210402489,3089.4089621305466,0.0307541544359784,0.018380968727774,0.0140420647360778,0.0086942195761884,-0.0053478451598894,0.0005554800728792,0.0003439284617027,-0.0002115516111765,0.000449704267291,False,Humanities & politics,Earth & environmental science
8,2,160,198,502.501711845398,505.3264615535736,0.0034181018850103,0.003006526491309,0.0015606739584969,0.0014220905254885,-0.0001385834330084,6.173759347365322e-05,5.625546980350534e-05,-5.482123670147879e-06,5.899653163857928e-05,False,Humanities & politics,"Reproduction, metabolism & animal science"
8,3,113,119,245.8009444475174,186.5657697916031,0.0016719797201643,0.0011100050599476,0.0007634105992682,0.0005250336837406,-0.0002383769155275,3.019921808427532e-05,2.076943486516105e-05,-9.42978321911427e-06,2.5484326474718183e-05,False,Humanities & politics,Electrical & control engineering
8,4,463,446,1184.9172896146774,877.1027362346649,0.0080600084054229,0.005218473230121,0.0036801258847121,0.0024683439043437,-0.0012117819803684,0.0001455794879931,9.76434646646542e-05,-4.793602332849491e-05,0.0001216114763289,False,Humanities & politics,Plant & microbial biology
8,5,855,946,1824.8273466825483,1699.4967926740646,0.0124127851636715,0.0101114477824105,0.0056675638143831,0.0047827265556795,-0.0008848372587035,0.000224199134517,0.0001891964853918,-3.500264912524787e-05,0.0002066978099544,False,Humanities & politics,Energy & thermal engineering
8,6,142,134,310.9718265533447,256.0142958164215,0.0021152831154018,0.0015232009821126,0.0009658188620805,0.0007204758352666,-0.0002453430268138,3.820614289850727e-05,2.8500792227045272e-05,-9.705350671461998e-06,3.3353467562776274e-05,False,Humanities & politics,Clinical diagnostics & case reports
8,7,234,167,449.1916090250015,367.7729514837265,0.0030554775224558,0.0021881282805244,0.0013951030017512,0.0010349872203961,-0.0003601157813551,5.518788950572548e-05,4.094232489454816e-05,-1.424556461117732e-05,4.806510720013682e-05,False,Humanities & politics,Electrochemical materials
8,8,51594,86371,133985.24001586437,157927.92534935474,0.911390330950148,0.9396192905088284,0.4161324628085237,0.4444410167219441,0.0283085539134204,0.0164614887563094,0.0175813267492602,0.0011198379929507,0.0170214077527848,False,Humanities & politics,Humanities & politics
8,9,87,46,257.38798356056213,100.2126795053482,0.0017507967257593,0.0005962325320775,0.0007993977208511,0.0002820186807954,-0.0005173790400557,3.162280708598715e-05,1.11561768376616e-05,-2.046663024832555e-05,2.138949196182437e-05,False,Humanities & politics,Cell & neural biology
8,10,19161,26812,47110.41074442864,53204.23344993591,0.3204530053793868,0.316547716154109,0.1463159019954661,0.1497274377289082,0.0034115357334421,0.0057880069228723,0.0059229614436967,0.0001349545208244,0.0058554841832845,True,Humanities & politics,Social behavior & violence
8,11,2641,3970,5892.11759185791,7798.652028918266,0.0400791833593367,0.0463994184063873,0.0182997873823037,0.0219469788457348,0.003647191463431,0.0007239083012258,0.0008681849598219,0.000144276658596,0.0007960466305239,False,Humanities & politics,Mental health & cognition
8,12,4623,4824,10751.494759202003,9161.708225369452,0.0731334911639347,0.054509155132175,0.0333920810418365,0.0257828937446345,-0.0076091872972019,0.0013209336347135,0.0010199271948598,-0.0003010064398536,0.0011704304147867,False,Humanities & politics,Computing & networks
8,13,1055,927,2151.31587767601,1766.3912202119827,0.0146336155348252,0.0105094476573733,0.0066815745850095,0.0049709809592134,-0.001710593625796,0.0002643116669227,0.0001966435077322,-6.766815919048605e-05,0.0002304775873274,False,Humanities & politics,Marine ecology & paleoscience
8,14,77,111,168.17568159103394,249.17227840423584,0.0011439595143828,0.0014824932255061,0.0005223214180658,0.0007012210190688,0.0001788996010029,2.06621422722958e-05,2.7739104618715936e-05,7.076962346420137e-06,2.4200623445505865e-05,False,Humanities & politics,Immune & inflammatory disease
8,15,121,152,248.84641015529635,340.1915992498398,0.0016926954945211,0.0020240282927613,0.0007728692317655,0.0009573677354172,0.0001844985036517,3.057338541420206e-05,3.787183077681876e-05,7.298445362616696e-06,3.422260809551041e-05,False,Humanities & politics,Cardiovascular medicine
8,16,4814,6031,10533.492804408072,10857.51496219635,0.0716506048870292,0.0645986482941511,0.0327150087737663,0.0305552357393263,-0.00215977303444,0.0012941498133966,0.0012087128847737,-8.543692862283134e-05,0.0012514313490851,False,Humanities & politics,Public health & care delivery
8,17,150,208,324.1668179035187,422.68264842033386,0.002205037684876,0.0025148229443307,0.001006799974975,0.0011895141761603,0.0001827142011853,3.982728565814834e-05,4.705514706586336e-05,7.227861407715012e-06,4.3441216362005846e-05,False,Humanities & politics,Surgical specialties
8,18,2800,4316,7044.453483104706,7716.778661251068,0.0479175675661702,0.0459122987569089,0.0218787216914143,0.021716570685253,-0.0001621510061612,0.000865484823498,0.000859070406928,-6.4144165699859135e-06,0.000862277615213,False,Humanities & politics,Editorial & miscellaneous records
8,19,124,60,504.7147967815399,120.19751417636871,0.0034331556641589,0.000715135735124,0.0015675473759328,0.0003382600340618,-0.0012292873418709,6.200949411575936e-05,1.338098861559073e-05,-4.862850550016863e-05,3.769524136567504e-05,False,Humanities & politics,Synthetic chemistry
8,20,285,168,666.2986841201782,263.7025992870331,0.004532276675849,0.0015689438628367,0.002069395945077,0.0007421122710254,-0.0013272836740516,8.18617654876719e-05,2.9356692633292492e-05,-5.25050728543794e-05,5.56092290604822e-05,False,Humanities & politics,Civil & structural engineering
8,21,114,94,195.7969833612442,142.7344959974289,0.0013318442945171,0.0008492233755591,0.000608107884771,0.0004016836438651,-0.0002064242409059,2.405570822382233e-05,1.5889918182427567e-05,-8.165790041394763e-06,1.9972813203124947e-05,False,Humanities & politics,Metallurgy & alloys
8,22,524,432,883.1909229755402,907.2538936138152,0.0060076144766956,0.0053978627145453,0.0027430216482384,0.0025531953390174,-0.000189826309221,0.0001085092465895,0.0001010000423476,-7.509204241851552e-06,0.0001047546444685,False,Humanities & politics,Mathematics & theoretical physics
8,23,1237,650,2618.8580224514008,1511.163607954979,0.0178139165143177,0.0089909271840834,0.0081336708319478,0.0042527190100611,-0.0038809518218866,0.0003217541117652,0.0001682302930547,-0.0001535238187104,0.0002449922024099,False,Humanities & politics,Ecology & taxonomy
8,24,958,764,2270.875112175941,1387.5852341651917,0.0154468777291247,0.0082556764445721,0.0070529026409809,0.0039049445555402,-0.0031479580854406,0.0002790007699478,0.0001544729302328,-0.0001245278397149,0.0002167368500903,False,Humanities & politics,"Astronomy, optics & imaging"
8,25,267,361,582.5209577083588,652.9061043262482,0.0039624063693012,0.0038845768989798,0.0018091983918531,0.0018374093890539,2.8210997200843035e-05,7.15687951485954e-05,7.26847739647918e-05,1.1159788161964083e-06,7.21267845566936e-05,False,Humanities & politics,Orthopaedics & sports medicine
8,26,4271,3746,10275.991321325302,7827.625880241394,0.0698990361182665,0.0465718033064189,0.0319152585451636,0.0220285171038479,-0.0098867414413156,0.0012625130617066,0.0008714104739048,-0.0003911025878018,0.0010669617678057,False,Humanities & politics,"Climate, land & agriculture"
8,27,241,431,529.043541431427,750.3692456483841,0.0035986439122334,0.0044644505818467,0.001643107791595,0.0021116903151555,0.0004685825235605,6.499853497176576e-05,8.353485845620313e-05,1.853632348443737e-05,7.426669671398443e-05,False,Humanities & politics,Oncology
8,28,12954,16573,29723.46598374844,32564.12533724308,0.2021840577119273,0.1937458513289203,0.0923153856466435,0.0916420129089238,-0.0006733727377196,0.0036518388221873,0.0036252013479658,-2.663747422146671e-05,0.0036385200850766,True,Humanities & politics,Education & language
8,29,81,15,163.54067409038544,25.341310143470764,0.0011124314071116,0.0001507724729803,0.0005079259735664,7.131555499330364e-05,-0.0004366104185731,2.0092683100163843e-05,2.821121425492865e-06,-1.7271561674670978e-05,1.1456902262828354e-05,False,Humanities & politics,Electronic & magnetic materials
8,30,96,109,221.39542889595032,217.4714002609253,0.0015059692633937,0.0012938834114809,0.0006876117479068,0.0006120083577752,-7.560339013155666e-05,2.7200745119667512e-05,2.42100042671276e-05,-2.990740852539916e-06,2.5705374693397557e-05,False,Humanities & politics,Drug discovery & pharmaceutics
8,31,1575,1915,3311.268885731697,3497.5760484933853,0.0225238126623097,0.0208094288449376,0.0102841661982888,0.0098428840347016,-0.0004412821635871,0.0004068240317003,0.0003893676637803,-1.7456367920020734e-05,0.0003980958477403,False,Humanities & politics,Chronic & infectious disease
9,0,221,141,513.5781071186066,253.23051810264587,0.0024008835381622,0.0014692441338315,0.0003534065942763,0.0001839155270049,-0.0001694910672714,1.3805649855116883e-05,7.184567039415277e-06,-6.621082815701607e-06,1.049510844726608e-05,False,Cell & neural biology,"Business, economics & policy"
9,1,1035,1027,2747.0513768196106,2049.3788751363754,0.0128419617925204,0.011890501638005,0.001890318255252,0.0014884169517862,-0.0004019013034657,7.384432653323726e-05,5.814425539188167e-05,-1.5700071141355592e-05,6.599429096255947e-05,False,Cell & neural biology,Earth & environmental science
9,2,16369,19073,44923.72651600838,38445.561869859695,0.210010189239392,0.2230612513545941,0.0309131969804932,0.0279221312868458,-0.0029910656936474,0.0012076084043898,0.0010907639359251,-0.0001168444684647,0.0011491861701574,False,Cell & neural biology,"Reproduction, metabolism & animal science"
9,3,832,672,3067.934458255768,1085.210677266121,0.0143420313967665,0.0062963952113318,0.0021111263376048,0.0007881636665132,-0.0013229626710915,8.24700825873509e-05,3.0789214985325406e-05,-5.168086760202549e-05,5.662964878633815e-05,False,Cell & neural biology,Electrical & control engineering
9,4,41109,48235,111525.65878689288,93322.48670113088,0.5213620178757227,0.5414573139428198,0.0767437371258583,0.0677779852588589,-0.0089657518669994,0.0029979552744398,0.0026477127125627,-0.0003502425618771,0.0028228339935012,True,Cell & neural biology,Plant & microbial biology
9,5,1449,544,3332.3978810310364,983.3159574270248,0.0155783494356126,0.0057052017781165,0.0022931105699119,0.0007141598646072,-0.0015789507053046,8.957920457622477e-05,2.789829389440981e-05,-6.168091068181496e-05,5.873874923531729e-05,False,Cell & neural biology,Energy & thermal engineering
9,6,7472,11052,21518.376903772358,22316.23164629936,0.1005944688064878,0.1294788348624724,0.0148073607315227,0.0162077680634482,0.0014004073319254,0.0005784420575297,0.0006331482616363,5.4706204106595626e-05,0.000605795159583,False,Cell & neural biology,Clinical diagnostics & case reports
9,7,14516,10303,36724.53441178799,19253.91257226467,0.1716804686450005,0.1117112515192116,0.025271117387912,0.013983675838789,-0.011287441549123,0.0009872034188253,0.0005462652238084,-0.0004409381950168,0.0007667343213169,False,Cell & neural biology,Electrochemical materials
9,8,233,127,586.0740543603897,312.5490309000015,0.0027397888067158,0.0018134103015119,0.0004032929610401,0.0002269972046164,-0.0001762957564237,1.5754435540609402e-05,8.86753098493098e-06,-6.886904555678422e-06,1.2310983262770193e-05,False,Cell & neural biology,Humanities & politics
9,9,246423,296079,693863.7609745264,666864.0321414471,3.243685932793006,3.869146873087028,0.4774658912810357,0.4843280771642634,0.0068621858832276,0.0186519635443817,0.01892003136507,0.0002680678206883,0.0187859974547259,False,Cell & neural biology,Cell & neural biology
9,10,363,339,1031.1243979930878,593.7125257253647,0.0048203176082179,0.0034447216399514,0.000709543800094,0.0004311998130256,-0.0002783439870683,2.7717969668970372e-05,1.684460259835436e-05,-1.0873367070616017e-05,2.228128613366237e-05,False,Cell & neural biology,Social behavior & violence
9,11,25171,19160,59781.19904947281,39702.041258215904,0.2794661507180119,0.2303513480793273,0.0411370143411387,0.0288346834966342,-0.0123023308445044,0.0016069966584566,0.0011264123264387,-0.0004805843320178,0.0013667044924476,False,Cell & neural biology,Mental health & cognition
9,12,4117,1726,11408.98956155777,3151.9424002170563,0.0533349355156275,0.0182875781181185,0.0078508255885483,0.002289183594334,-0.0055616419942143,0.0003066885307304,8.942579926150823e-05,-0.0002172627314689,0.0001980571649959,False,Cell & neural biology,Computing & networks
9,13,1648,2131,5391.560820102692,4062.718593120575,0.025204558836453,0.0235719039911734,0.0037100747108491,0.0029506594889319,-0.0007594152219171,0.0001449321920525,0.0001152660205146,-2.9666171537916196e-05,0.0001300991062836,False,Cell & neural biology,Marine ecology & paleoscience
9,14,16847,27554,49506.95224535465,65378.40856528282,0.2314359296530656,0.3793256989066635,0.0340670350693005,0.0474828411524925,0.013415806083192,0.0013308114941424,0.0018548931731725,0.0005240816790301,0.0015928523336575,True,Cell & neural biology,Immune & inflammatory disease
9,15,13264,19400,40412.73007333279,39827.6020359993,0.1889221075049673,0.2310798520431458,0.027809061762302,0.0289258754145366,0.0011168136522346,0.0010863469321384,0.0011299746925874,4.3627760448938704e-05,0.0011081608123629,False,Cell & neural biology,Cardiovascular medicine
9,16,1355,1560,3498.8499702215195,2950.171330332756,0.0163564824504178,0.0171169018385547,0.002407650627472,0.002142641886288,-0.000265008741184,9.405365399134712e-05,8.370122155634122e-05,-1.0352432435005908e-05,8.887743777384418e-05,False,Cell & neural biology,Public health & care delivery
9,17,11160,15021,32130.68201971054,29238.893573522568,0.1502050505303828,0.1696441376201311,0.0221099668131707,0.021235538910983,-0.0008744279021877,0.0008637146705082,0.0008295555867881,-3.415908372017432e-05,0.0008466351286482,False,Cell & neural biology,Surgical specialties
9,18,978,694,2476.093150734901,1371.4220572710035,0.0115752817383681,0.0079569943928947,0.0017038647780798,0.0009960324383454,-0.0007078323397343,6.656061575421609e-05,3.8909503418551016e-05,-2.7651112335665072e-05,5.273505958638355e-05,False,Cell & neural biology,Editorial & miscellaneous records
9,19,1620,2142,4272.414090871811,4425.265999078751,0.0199727529596927,0.0256754049966248,0.0029399604310717,0.0032139693685257,0.0002740089374539,0.0001148480672308,0.0001255520877809,1.0704020550063466e-05,0.0001202000775058,False,Cell & neural biology,Synthetic chemistry
9,20,695,334,1696.0003625154495,665.9884462356567,0.0079284909045785,0.0038640667213526,0.0011670624267277,0.0004836921591694,-0.0006833702675583,4.5590703409077054e-05,1.889518955024441e-05,-2.669551385883264e-05,3.224294647966073e-05,False,Cell & neural biology,Civil & structural engineering
9,21,356,329,1064.1628992557526,572.1025788784027,0.0049747665473522,0.0033193406713572,0.0007322784611891,0.0004155050034399,-0.0003167734577492,2.860608770563904e-05,1.623149280020094e-05,-1.23745949054381e-05,2.2418790252919988e-05,False,Cell & neural biology,Metallurgy & alloys
9,22,1264,347,2827.5338745117188,668.6266071796417,0.0132182027209028,0.0038793733381067,0.0019457003772972,0.0004856081950563,-0.0014600921822409,7.600780111909202e-05,1.897003852304928e-05,-5.703776259604274e-05,4.748891982107065e-05,False,Cell & neural biology,Mathematics & theoretical physics
9,23,10634,10589,32146.37453091145,18964.552113175392,0.1502784101446118,0.1100323813724966,0.0221207652425864,0.0137735199629232,-0.0083472452796632,0.0008641365056916,0.0005380555908129,-0.0003260809148786,0.0007010960482523,False,Cell & neural biology,Ecology & taxonomy
9,24,3059,1622,7774.946109294891,3156.684222340584,0.0363464483107216,0.018315090182584,0.0053501447726894,0.0022926274711674,-0.0030575173015219,0.0002090006994837,8.956033256812043e-05,-0.0001194403669156,0.0001492805160259,False,Cell & neural biology,"Astronomy, optics & imaging"
9,25,7857,6869,22349.264845490456,14199.848902106283,0.1044787176747282,0.0823875607767661,0.0153791165630853,0.0103130251195216,-0.0050660914435637,0.0006007774099001,0.0004028731100466,-0.0001979042998534,0.0005018252599734,False,Cell & neural biology,Orthopaedics & sports medicine
9,26,397,391,1188.5317516326904,673.6938608884811,0.0055561681417605,0.0039087735574884,0.0008178599373918,0.0004892884253986,-0.0003285715119932,3.19492847870563e-05,1.9113804859941283e-05,-1.2835479927115017e-05,2.5531544823498792e-05,False,Cell & neural biology,"Climate, land & agriculture"
9,27,29622,49783,94377.76454269886,133812.54797422886,0.4411987546166743,0.7763807562265986,0.0649438203851458,0.0971849896487781,0.0322411692636323,0.0025369974952695,0.0037964824652221,0.0012594849699526,0.0031667399802458,True,Cell & neural biology,Oncology
9,28,987,439,2240.23950779438,875.8605200052261,0.0104727091775391,0.005081745046822,0.0015415676872499,0.0006361174408462,-0.0009054502464036,6.022056198954378e-05,2.484960608343408e-05,-3.53709559061097e-05,4.253508403648893e-05,False,Cell & neural biology,Education & language
9,29,1251,1504,3734.977761030197,2734.024835944176,0.0174603366022932,0.0158628193081073,0.0025701363666557,0.0019856596365828,-0.0005844767300728,0.0001004010772085,7.756878937200281e-05,-2.283228783653774e-05,8.898493329027169e-05,False,Cell & neural biology,Electronic & magnetic materials
9,30,43149,57261,124479.7445936203,134296.0700532198,0.5819199952003489,0.7791861526040111,0.0856577840516599,0.0975361606634033,0.0118783766117433,0.0033461780089411,0.0038102007832889,0.0004640227743478,0.003578189396115,True,Cell & neural biology,Drug discovery & pharmaceutics
9,31,10219,14525,30628.400743484497,30676.844691634175,0.1431821608554001,0.1779871337994684,0.0210762075813863,0.0222798898828817,0.0012036823014953,0.0008233313889859,0.0008703526292807,4.702124029482555e-05,0.0008468420091333,False,Cell & neural biology,Chronic & infectious disease
10,0,20576,31907,50924.2624502182,60499.7700291872,0.5840017227865083,0.6641988693907008,0.0921896571224119,0.0973368147520071,0.0051471576295951,0.0020151225133729,0.0021276313732931,0.0001125088599201,0.002071376943333,True,Social behavior & violence,"Business, economics & policy"
10,1,729,800,1789.9211057424543,1451.7489626407623,0.0205268954150762,0.0159380774366568,0.0032403456638351,0.0023356885451764,-0.0009046571186586,7.08289161942997e-05,5.105451867949471e-05,-1.9774397514804992e-05,6.09417174368972e-05,False,Social behavior & violence,Earth & environmental science
10,2,762,1548,2419.3090401887894,2648.804191470146,0.0277447444389481,0.029079990690263,0.0043797447455657,0.0042616056685022,-0.0001181390770634,9.573440790540596e-05,9.315207143371672e-05,-2.5823364716892253e-06,9.444323966956134e-05,False,Social behavior & violence,"Reproduction, metabolism & animal science"
10,3,98,139,192.68699073791504,287.3767582178116,0.0022097430406477,0.0031549759247902,0.0003488268018695,0.0004623544563092,0.0001135276544396,7.624811325439123e-06,1.0106349271154588e-05,2.481537945715464e-06,8.865580298296854e-06,False,Social behavior & violence,Electrical & control engineering
10,4,602,778,1426.2465955018995,1318.698094367981,0.0163562598418729,0.0144773737639718,0.0025819752370466,0.0021216257857409,-0.0004603494513056,5.643796269071127e-05,4.637543971035988e-05,-1.0062522980351394e-05,5.140670120053557e-05,False,Social behavior & violence,Plant & microbial biology
10,5,447,640,1601.5797064304352,1374.6983469724655,0.018366987811549,0.0150921745218515,0.0028993858111223,0.0022117234210079,-0.0006876623901144,6.33760641412173e-05,4.83448338798941e-05,-1.5031230261323205e-05,5.58604490105557e-05,False,Social behavior & violence,Energy & thermal engineering
10,6,442,703,1200.6998227834702,1238.292312502861,0.0137696793496122,0.0135946360381668,0.0021736614266639,0.0019922626048458,-0.000181398821818,4.751285788496514e-05,4.354776178682624e-05,-3.9650960981389e-06,4.553030983589569e-05,False,Social behavior & violence,Clinical diagnostics & case reports
10,7,65,56,178.66453194618225,97.04394519329072,0.002048932855128,0.0010654003915634,0.0003234415413705,0.0001561319739153,-0.0001673095674551,7.069929015033778e-06,3.4128021029133865e-06,-3.6571269121203912e-06,5.241365558973582e-06,False,Social behavior & violence,Electrochemical materials
10,8,13367,23927,36455.19042158127,42167.17580533028,0.4180697566611974,0.4629338339928819,0.0659958798339633,0.0678418872997143,0.0018460074657509,0.0014425672835152,0.0014829181354459,4.03508519307089e-05,0.0014627427094805,True,Social behavior & violence,Humanities & politics
10,9,240,279,725.5040009021759,557.99010014534,0.008320112379233,0.0061259140897385,0.0013134007615621,0.0008977386027268,-0.0004156621588353,2.870889779089693e-05,1.962316951756125e-05,-9.08572827333568e-06,2.416603365422909e-05,False,Social behavior & violence,Cell & neural biology
10,10,87146,166999,242405.2814291716,289522.2493636608,2.779914625284436,3.1785302753716858,0.4388332536276399,0.4658062921445733,0.0269730385169333,0.0095922123652934,0.0101818010335468,0.0005895886682534,0.0098870066994201,False,Social behavior & violence,Social behavior & violence
10,11,13231,25128,38427.71389067173,41727.81837952137,0.4406907441583018,0.4581103329227142,0.0695667958086253,0.0671350143257303,-0.002431781482895,0.0015206219525367,0.0014674669917012,-5.315496083555644e-05,0.001494044472119,True,Social behavior & violence,Mental health & cognition
10,12,9658,9813,22673.945820331573,19738.23957788944,0.2600258262824354,0.2166969627334479,0.0410472963222967,0.0317564408657566,-0.00929085545654,0.0008972300528498,0.0006941464035191,-0.0002030836493307,0.0007956882281844,False,Social behavior & violence,Computing & networks
10,13,307,375,761.9895685911179,771.4474420547485,0.008738530503757,0.0084693630828665,0.001379451634237,0.0012411656560341,-0.0001382859782028,3.015266713237837e-05,2.712995073816951e-05,-3.0227163942088604e-06,2.864130893527394e-05,False,Social behavior & violence,Marine ecology & paleoscience
10,14,394,658,982.9943350553511,1092.9918648004532,0.0112730230648484,0.0119994499235858,0.0017795429200494,0.0017584917532447,-2.105116680465712e-05,3.88980403402902e-05,3.843789457681798e-05,-4.601457634722143e-07,3.866796745855409e-05,False,Social behavior & violence,Immune & inflammatory disease
10,15,641,910,1955.269352793693,1531.207979440689,0.022423116518564,0.01681042106864,0.0035396803516245,0.002463528495558,-0.0010761518560665,7.737190688572946e-05,5.384890115322959e-05,-2.3523005732499875e-05,6.561040401947952e-05,False,Social behavior & violence,Cardiovascular medicine
10,16,16553,25099,44205.760363817215,44765.31460618973,0.5069536399234817,0.4914575928967328,0.0800269595413326,0.0720219784808419,-0.0080049810604906,0.0017492648620484,0.0015742884269728,-0.0001749764350755,0.0016617766445106,True,Social behavior & violence,Public health & care delivery
10,17,593,1228,1638.318056225777,2127.585627555847,0.0187883048525918,0.0233577742142284,0.0029658943025155,0.0034230280214045,0.0004571337188889,6.482983631610418e-05,7.482206838755866e-05,9.992232071454485e-06,6.982595235183142e-05,False,Social behavior & violence,Surgical specialties
10,18,1590,2697,4170.938257932663,4770.557555317879,0.0478325067672805,0.0523737351906752,0.0075507695031116,0.0076752502827985,0.0001244807796868,0.0001650480769096,0.0001677690331367,2.720956227183997e-06,0.0001664085550231,False,Social behavior & violence,Editorial & miscellaneous records
10,19,17,13,29.88880956172943,28.929834842681885,0.000342766206838,0.0003176072171001,5.410857168499056e-05,4.654460626097888e-05,-7.563965424011678e-06,1.1827292168371826e-06,1.0173926976215687e-06,-1.653365192156139e-07,1.1000609572293757e-06,False,Social behavior & violence,Synthetic chemistry
10,20,66,49,148.31572997570038,126.02554297447205,0.0017008914347423,0.0013835758899184,0.0002685002321965,0.0002027598604855,-6.574037171094501e-05,5.868997451922777e-06,4.4320151785607255e-06,-1.436982273362052e-06,5.150506315241752e-06,False,Social behavior & violence,Civil & structural engineering
10,21,11,9,28.81096291542053,14.28962755203247,0.0003304054132191,0.0001568791825075,5.2157314897503535e-05,2.299028292564319e-05,-2.9167031971860344e-05,1.1400777784375816e-06,5.025318257856351e-07,-6.375459526519465e-07,8.213048021116084e-07,False,Social behavior & violence,Metallurgy & alloys
10,22,95,58,268.3744339942932,105.36241388320924,0.0030777300301155,0.0011567249948841,0.0004858459575048,0.0001695153842242,-0.0003163305732806,1.061983694872946e-05,3.705342635776388e-06,-6.914494312953072e-06,7.162589792252923e-06,False,Social behavior & violence,Mathematics & theoretical physics
10,23,1086,567,2634.3719638586044,1101.0596653223038,0.0302110956807251,0.0120880225575396,0.0047690793424535,0.0017714718687803,-0.0029976074736732,0.0001042446566243,3.8721619713218985e-05,-6.552303691110574e-05,7.148313816877185e-05,False,Social behavior & violence,Ecology & taxonomy
10,24,624,511,1359.7840476036072,954.9415258169174,0.0155940643655746,0.0104838593845205,0.0024616561748272,0.001536385449938,-0.0009252707248891,5.380797513425126e-05,3.35829962495446e-05,-2.022497888470666e-05,4.3695485691897936e-05,False,Social behavior & violence,"Astronomy, optics & imaging"
10,25,1473,2102,4775.060277581215,3855.284690022469,0.0547606051485366,0.0423253796015562,0.0086444289725235,0.0062026869111721,-0.0024417420613514,0.0001889537718385,0.0001355810882506,-5.337268358798056e-05,0.0001622674300445,False,Social behavior & violence,Orthopaedics & sports medicine
10,26,1653,1944,4681.07481944561,3809.0792994499207,0.0536827757048264,0.0418181120836262,0.0084742843942199,0.0061283480245857,-0.0023459363696342,0.0001852346759988,0.0001339561558161,-5.127852018272779e-05,0.0001595954159075,False,Social behavior & violence,"Climate, land & agriculture"
10,27,1332,2581,4016.616534948349,4349.661357998848,0.046062738335694,0.0477529113717536,0.0072713964490125,0.0069980791932472,-0.0002733172557652,0.0001589414164824,0.0001529671263876,-5.974290094762239e-06,0.000155954271435,False,Social behavior & violence,Oncology
10,28,20950,36109,55597.43213248253,62796.83097267151,0.6375938420240517,0.6894172343670927,0.1006496306194057,0.1010325080649261,0.0003828774455204,0.0022000443754175,0.002208413480851,8.369105433448688e-06,0.0022042289281342,True,Social behavior & violence,Education & language
10,29,10,4,13.75333285331726,4.449378132820129,0.0001577238372032,4.884765551811372e-05,2.4898054071518308e-05,7.158511426853483e-06,-1.7739542644664826e-05,5.442327356969451e-07,1.5647392547881705e-07,-3.877588102181281e-07,3.503533305878811e-07,False,Social behavior & violence,Electronic & magnetic materials
10,30,177,228,415.1245849132538,381.67857217788696,0.0047606673341095,0.0041902717314281,0.0007515119769019,0.0006140746726304,-0.0001374373042715,1.6426882917176445e-05,1.3422717215084206e-05,-3.0041657020922388e-06,1.4924800066130323e-05,False,Social behavior & violence,Drug discovery & pharmaceutics
10,31,8776,14512,24280.970311284065,26334.14430141449,0.2784552551267671,0.2891103365009941,0.0439565389834556,0.0423684540335077,-0.0015880849499479,0.0009608215724015,0.0009261085054949,-3.471306690662143e-05,0.0009434650389482,False,Social behavior & violence,Chronic & infectious disease
11,0,2737,3602,7773.726462841034,6692.980551838875,0.0577198638428541,0.0465543865870085,0.0083416138873927,0.0082012576474292,-0.0001403562399634,0.0002698483022714,0.0002653078268216,-4.540475449789491e-06,0.0002675780645465,False,Mental health & cognition,"Business, economics & policy"
11,1,913,864,2381.1961566209798,1592.6224818229675,0.0176803645716471,0.0110778093753128,0.002555147653268,0.0019515232723827,-0.0006036243808853,8.265813613469983e-05,6.31310977713291e-05,-1.952703836337074e-05,7.289461695301447e-05,False,Mental health & cognition,Earth & environmental science
11,2,4246,3828,10350.649931430817,7636.785960316658,0.0768535023174575,0.0531192169355909,0.0111067871534045,0.0093577515687864,-0.001749035584618,0.0003593006937861,0.0003027200021486,-5.6580691637482126e-05,0.0003310103479674,False,Mental health & cognition,"Reproduction, metabolism & animal science"
11,3,289,174,655.8202077150345,328.26607263088226,0.0048694603901549,0.0022833213887732,0.0007037292833055,0.0004022415152268,-0.0003014877680786,2.276539707090793e-05,1.301237283963825e-05,-9.753024231269677e-06,1.788888495527309e-05,False,Mental health & cognition,Electrical & control engineering
11,4,4448,5444,10688.522655844688,10578.30923974514,0.0793622048994951,0.0735795799748313,0.0114693422064558,0.012962153240606,0.0014928110341502,0.0003710292234048,0.0004193211401268,4.829191672205374e-05,0.0003951751817658,False,Mental health & cognition,Plant & microbial biology
11,5,246,204,577.0968796014786,461.38997423648834,0.0042849402373439,0.0032092917440308,0.0006192550468897,0.0005653651650929,-5.3889881796809615e-05,2.0032684961452463e-05,1.828936606551845e-05,-1.7433188959340126e-06,1.9161025513485457e-05,False,Mental health & cognition,Energy & thermal engineering
11,6,5822,8662,16790.102869987488,16479.0986276865,0.1246663947073089,0.1146237199072661,0.0180166559680894,0.020192697796787,0.0021760418286976,0.0005828325419071,0.0006532267367323,7.039419482519503e-05,0.0006180296393197,False,Mental health & cognition,Clinical diagnostics & case reports
11,7,1066,1201,2739.5650869607925,2547.579312324524,0.0203412513372928,0.0177202057063255,0.0029396962041363,0.003121681611923,0.0001819854077866,9.509814774319752e-05,0.0001009853122646,5.8871645214403145e-06,9.804173000391769e-05,False,Mental health & cognition,Electrochemical materials
11,8,2408,3849,6805.0556210279465,6915.188976764679,0.0505274897137597,0.0481000024507874,0.0073021795588239,0.0084735412033325,0.0011713616445086,0.0002362229639767,0.0002741161049664,3.7893140989689024e-05,0.0002551695344716,False,Mental health & cognition,Humanities & politics
11,9,22165,20789,53189.58006346226,41434.24243342877,0.3949322546653664,0.2882042948198472,0.0570751931963155,0.0507715351913333,-0.0063036580049822,0.0018463626096524,0.0016424414699657,-0.0002039211396867,0.001744402039809,True,Mental health & cognition,Cell & neural biology
11,10,15904,29595,50402.00435876846,46916.5486741066,0.3742345248319744,0.3263375901641409,0.0540839790956416,0.0574892905521426,0.003405311456501,0.0017495978759098,0.0018597585148038,0.000110160638894,0.0018046781953568,True,Mental health & cognition,Social behavior & violence
11,11,177324,253189,496713.070994854,461078.5401983261,3.688091028650749,3.2071255012789357,0.5329990283123346,0.5649835487461742,0.0319845204338395,0.0172423328200057,0.0182770209096909,0.0010346880896851,0.0177596768648483,False,Mental health & cognition,Mental health & cognition
11,12,6829,6867,18272.253371953964,12642.409749031069,0.1356713516706207,0.0879368505988042,0.0196070807495,0.0154914030950962,-0.0041156776544037,0.0006342822293355,0.0005011414914962,-0.0001331407378392,0.0005677118604158,False,Mental health & cognition,Computing & networks
11,13,424,261,973.8788566589355,550.6038891077042,0.0072310436023812,0.0038298372617843,0.0010450228000916,0.0006746836213364,-0.0003703391787551,3.380612340087585e-05,2.182578002838741e-05,-1.198034337248844e-05,2.781595171463163e-05,False,Mental health & cognition,Marine ecology & paleoscience
11,14,1879,2436,5248.385825276375,4520.033470988274,0.0389692275227041,0.0314400115112827,0.0056317916890685,0.0055386324199603,-9.315926910820078e-05,0.000182186498507,0.0001791728286166,-3.013669890390128e-06,0.0001806796635618,False,Mental health & cognition,Immune & inflammatory disease
11,15,4332,6332,12346.356047391891,11194.811237454414,0.0916716060717188,0.0778677849248868,0.0132482838900894,0.0137175852464527,0.0004693013563633,0.0004285773669234,0.000443759102254,1.5181735330583984e-05,0.0004361682345887,False,Mental health & cognition,Cardiovascular medicine
11,16,22689,27380,65125.52838981152,46928.08678627014,0.4835565863196137,0.3264178458484336,0.0698830881993369,0.0575034288018933,-0.0123796593974436,0.0022606935495512,0.0018602158822562,-0.000400477667295,0.0020604547159037,True,Mental health & cognition,Public health & care delivery
11,17,3744,4654,10215.614493131638,8469.463630795479,0.0758508651459741,0.0589110757156363,0.0109618870861342,0.0103780748851274,-0.0005838122010067,0.0003546132271064,0.0003357271058577,-1.888612124868597e-05,0.0003451701664821,False,Mental health & cognition,Surgical specialties
11,18,935,1109,2448.696445584297,2031.2248388528824,0.0181815537383794,0.0141285972162447,0.0026275789834043,0.00248896558331,-0.0001386134000942,8.500126442287034e-05,8.051716923548217e-05,-4.48409518738817e-06,8.275921682917626e-05,False,Mental health & cognition,Editorial & miscellaneous records
11,19,374,486,1061.350664615631,793.2257008552551,0.0078805211559692,0.0055174425866545,0.0011388846116043,0.0009719807632623,-0.0001669038483419,3.684252029322298e-05,3.144323896401623e-05,-5.39928132920675e-06,3.4142879628619604e-05,False,Mental health & cognition,Synthetic chemistry
11,20,201,162,495.48859190940857,291.3057065010071,0.0036789992801272,0.002026236049905,0.0005316850983981,0.0003569520536743,-0.0001747330447238,1.719982764517695e-05,1.1547274541428594e-05,-5.652553103748357e-06,1.4373551093302771e-05,False,Mental health & cognition,Civil & structural engineering
11,21,92,34,208.03536665439609,63.536454916000366,0.0015446611216882,0.0004419407260513,0.0002232327972753,7.78545272520222e-05,-0.0001453782700232,7.2215031970120735e-06,2.518566824922876e-06,-4.702936372089197e-06,4.870035010967475e-06,False,Mental health & cognition,Metallurgy & alloys
11,22,271,75,521.8209198713303,196.9609662294388,0.0038745166284534,0.0013700020332311,0.0005599410595082,0.0002413465298491,-0.0003185945296591,1.8113898140112047e-05,7.807476133285129e-06,-1.0306422006826918e-05,1.2960687136698587e-05,False,Mental health & cognition,Mathematics & theoretical physics
11,23,2991,1522,6560.812887907028,3246.9813019037247,0.0487139891528983,0.0225850383993844,0.0070400943691488,0.0039786952953242,-0.0030613990738245,0.0002277445994253,0.0001287094062602,-9.90351931651345e-05,0.0001782270028428,False,Mental health & cognition,Ecology & taxonomy
11,24,5815,4706,14821.343281149864,9225.705018520355,0.1100483687257913,0.0641712663951934,0.0159040742602448,0.0113047368433304,-0.0045993374169144,0.0005144912598762,0.0003657042972713,-0.0001487869626048,0.0004400977785738,False,Mental health & cognition,"Astronomy, optics & imaging"
11,25,8310,9570,21433.172595500942,17989.973600506783,0.1591411544831464,0.1251329178684026,0.0229989119154283,0.022044051588895,-0.0009548603265333,0.0007440067855272,0.000713117386725,-3.0889398802166944e-05,0.0007285620861261,False,Mental health & cognition,Orthopaedics & sports medicine
11,26,455,296,1408.0076814889908,527.5603613853455,0.0104544470472062,0.0036695533210786,0.0015108656685575,0.0006464471866877,-0.0008644184818698,4.887597785323702e-05,2.0912341207674923e-05,-2.796363664556209e-05,3.489415953045597e-05,False,Mental health & cognition,"Climate, land & agriculture"
11,27,2264,3232,6542.905492067337,5600.918815255165,0.0485810268658165,0.0389583292149562,0.0070208787995584,0.0068630975259029,-0.0001577812736554,0.0002271229824456,0.0002220188132283,-5.104169217242294e-06,0.0002245708978369,False,Mental health & cognition,Oncology
11,28,15610,20853,42429.09995532036,36843.429874777794,0.3150357661930022,0.2562719649783671,0.0455286368910291,0.0451461734690126,-0.0003824634220164,0.0014728355370589,0.0014604629786421,-1.2372558416787714e-05,0.0014666492578505,True,Mental health & cognition,Education & language
11,29,164,215,350.2155418395996,345.6754820346832,0.0026003479138685,0.0024044160743708,0.0003757995398158,0.0004235741712691,4.777463145330815e-05,1.2156984149908925e-05,1.3702476828346497e-05,1.5454926784375736e-06,1.292973048912771e-05,False,Mental health & cognition,Electronic & magnetic materials
11,30,7372,8012,20487.44130992889,14977.77978003025,0.1521191063964175,0.1041809915170053,0.0219840929269832,0.0183530536225353,-0.0036310393044479,0.0007111777449073,0.0005937148887966,-0.0001174628561107,0.0006524463168519,False,Mental health & cognition,Drug discovery & pharmaceutics
11,31,14234,20441,41904.35771167278,36990.7359367609,0.3111395587562329,0.2572965822326765,0.0449655610987645,0.0453266752586107,0.0003611141598461,0.0014546202314066,0.0014663021486322,1.168191722562698e-05,0.0014604611900194,True,Mental health & cognition,Chronic & infectious disease
12,0,34573,53300,95232.20495045184,92833.307828784,0.557929374370554,0.5874928906190713,0.0613234429276448,0.0733726006555177,0.0120491577278728,0.0024184004010121,0.0028935806337223,0.0004751802327101,0.0026559905173672,True,Computing & networks,"Business, economics & policy"
12,1,5972,8008,16328.66457593441,15661.91660451889,0.0956634535123665,0.0991159840560015,0.0105146145752684,0.0123786987601779,0.0018640841849095,0.0004146627601343,0.0004881762767453,7.351351661100846e-05,0.0004514195184398,False,Computing & networks,Earth & environmental science
12,2,771,892,1750.973739027977,2462.139006137848,0.0102582911239262,0.0155815751442327,0.001127514985177,0.0019459991923255,0.0008184842071485,4.446558383091312e-05,7.67439824382062e-05,3.227839860729309e-05,6.060478313455966e-05,False,Computing & networks,"Reproduction, metabolism & animal science"
12,3,31267,34089,88021.76174712181,59857.26455080509,0.5156861220226596,0.3788049591032609,0.056680379139586,0.0473093469460122,-0.0093710321935737,0.0022352928194594,0.0018657292898713,-0.0003695635295881,0.0020505110546653,True,Computing & networks,Electrical & control engineering
12,4,7905,8449,18459.14521598816,39849.26933383942,0.1081451316508934,0.2521849428566451,0.0118865077074999,0.0314956408818107,0.0196091331743107,0.0004687658362621,0.001242087314448,0.0007733214781858,0.000855426575355,False,Computing & networks,Plant & microbial biology
12,5,13520,17456,37727.18989670277,34625.1179292202,0.2210292985107092,0.2191240525198278,0.0242938948820369,0.0273666317606228,0.0030727368785859,0.0009580734922888,0.0010792524043754,0.0001211789120866,0.0010186629483321,False,Computing & networks,Energy & thermal engineering
12,6,709,900,2002.4551538228989,2029.482339143753,0.0117316253651669,0.0128435200012794,0.0012894529156866,0.001604040626044,0.0003145877103573,5.085189773284968e-05,6.32582305895924e-05,1.2406332856742727e-05,5.705506416122104e-05,False,Computing & networks,Clinical diagnostics & case reports
12,7,4893,4593,14500.871480226517,10093.111364245417,0.0849551069094741,0.0638739619367757,0.0093376328426024,0.0079772858128279,-0.0013603470297744,0.0003682463660381,0.0003145986312525,-5.364773478560236e-05,0.0003414224986453,False,Computing & networks,Electrochemical materials
12,8,3386,5205,8303.714243292809,9011.888623833656,0.0486483127753121,0.0570314752472018,0.0053470603431998,0.0071227205042405,0.0017756601610406,0.0002108709534376,0.0002808973094364,7.002635599877971e-05,0.000245884131437,False,Computing & networks,Humanities & politics
12,9,2878,2431,6055.926541566849,14713.861740708351,0.0354793770482197,0.0931162464032963,0.0038996289736124,0.011629385258927,0.0077297562853145,0.000153788890893,0.0004586257494853,0.0003048368585923,0.0003062073201891,False,Computing & networks,Cell & neural biology
12,10,8748,11531,23492.35680794716,20643.716956734657,0.1376328096484507,0.1306431628010302,0.0151275737309407,0.0163161610389411,0.0011885873080004,0.0005965831112974,0.0006434571921558,4.6874080858403766e-05,0.0006200201517266,False,Computing & networks,Social behavior & violence
12,11,6932,8763,19515.20925199985,15382.424185156822,0.1143322103519883,0.0973472244028393,0.0125665453342039,0.0121577965198966,-0.0004087488143072,0.0004955843446597,0.0004794645991066,-1.6119745553105403e-05,0.0004875244718831,False,Computing & networks,Mental health & cognition
12,12,334051,349733,849250.5676963329,649292.9349933863,4.975437019075391,4.10903146897811,0.5468629939471852,0.5131812314130139,-0.0336817625341713,0.0215665269384993,0.0202382259799973,-0.001328300958502,0.0209023764592483,False,Computing & networks,Computing & networks
12,13,2331,2908,5460.955048561096,5263.161776781082,0.0319936646987711,0.0333077663433015,0.0035165054240328,0.0041598417234617,0.0006433362994289,0.0001386797237995,0.0001640508492655,2.5371125466003064e-05,0.0001513652865325,False,Computing & networks,Marine ecology & paleoscience
12,14,1000,1380,2690.398543715477,3901.094471096993,0.0157620248012067,0.0246879629844691,0.0017324444145128,0.0030833054799163,0.0013508610654034,6.832206521301553e-05,0.0001215957039116,5.327363869863e-05,9.495888456233052e-05,False,Computing & networks,Immune & inflammatory disease
12,15,3418,3374,9247.579571604729,6629.874592423439,0.0541780617965505,0.0419569686768943,0.0059548491854536,0.0052400496356677,-0.0007147995497859,0.0002348402009172,0.0002066507934848,-2.8189407432413027e-05,0.000220745497201,False,Computing & networks,Cardiovascular medicine
12,16,11411,16271,31711.70847249031,30531.013066887856,0.1857868740672686,0.1932146288838056,0.020420309974579,0.024130776784306,0.0037104668097269,0.0008053116960439,0.0009516406363673,0.0001463289403234,0.0008784761662056,False,Computing & networks,Public health & care delivery
12,17,1419,1776,3756.675335288048,3051.306888818741,0.0220089361642004,0.0193101069670403,0.0024190584019459,0.0024116594255549,-7.398976391019725e-06,9.539992423844416e-05,9.510813228064046e-05,-2.917919578036995e-07,9.525402825954232e-05,False,Computing & networks,Surgical specialties
12,18,1867,2081,4429.0285568237305,4073.3372900485992,0.0259479987160189,0.0257779966583837,0.0028520108304811,0.0032194409238242,0.0003674300933431,0.0001124741829036,0.0001269644502902,1.4490267386542844e-05,0.0001197193165969,False,Computing & networks,Editorial & miscellaneous records
12,19,345,320,835.3472579717636,604.3115451335907,0.0048939827998819,0.0038243680505256,0.0005379101526174,0.0004776293197952,-6.028083282221615e-05,2.1213455518691457e-05,1.883617232468353e-05,-2.377283194007928e-06,2.002481392168749e-05,False,Computing & networks,Synthetic chemistry
12,20,13612,16350,39541.45877933502,29097.109235167503,0.2316584118779113,0.1841402101577074,0.0254621678873441,0.0229974631527668,-0.0024647047345773,0.0010041464420392,0.0009069463724751,-9.720006956411844e-05,0.0009555464072571,False,Computing & networks,Civil & structural engineering
12,21,2398,2410,7011.14815723896,4360.922830104828,0.0410756582505132,0.027597973390652,0.0045147305378616,0.0034467397186034,-0.0010679908192582,0.000178046528733,0.0001359283875742,-4.211814115881912e-05,0.0001569874581536,False,Computing & networks,Metallurgy & alloys
12,22,9108,8537,22820.4022051096,18576.632218837734,0.1336960824524183,0.1175616771120641,0.0146948779873262,0.0146824006296432,-1.2477357683003327e-05,0.0005795189754643,0.0005790269083953,-4.920670690285482e-07,0.0005792729419298,False,Computing & networks,Mathematics & theoretical physics
12,23,5330,5261,12755.402989149094,10515.710252404211,0.0747290689455624,0.0665483667186749,0.0082136628846425,0.0083112950190443,9.763213440189092e-05,0.0003239205867393,0.000327770885772,3.850299032749909e-06,0.0003258457362556,False,Computing & networks,Ecology & taxonomy
12,24,36339,29897,88094.94001603127,61354.827313661575,0.5161148457491701,0.3882822415249614,0.0567275012596645,0.0484929746452244,-0.00823452661444,0.0022371511651206,0.001912407779626,-0.0003247433854945,0.0020747794723733,True,Computing & networks,"Astronomy, optics & imaging"
12,25,2860,3700,8388.101668953896,6533.059001088142,0.0491427067004379,0.0413442740208397,0.0054014004425814,0.0051635295602075,-0.0002378708823738,0.0002130139531105,0.0002036330865143,-9.380866596169548e-06,0.0002083235198124,False,Computing & networks,Orthopaedics & sports medicine
12,26,16207,20558,44824.00857758522,38619.38868165016,0.2626068678708442,0.2444016788927696,0.0288637917522329,0.0305235809169383,0.0016597891647054,0.0011382956046791,0.0012037523792809,6.545677460176856e-05,0.00117102399198,False,Computing & networks,"Climate, land & agriculture"
12,27,3942,4066,10332.363306879995,9929.349805951118,0.0605333983244023,0.0628376016744436,0.0066533804597594,0.0078478536973461,0.0011944732375866,0.0002623880396107,0.0003094942427016,4.710620309081797e-05,0.0002859411411561,False,Computing & networks,Oncology
12,28,19011,22630,51030.944362044334,40948.12441718578,0.2989709508066878,0.2591390153160394,0.032860661010189,0.0323641422537252,-0.0004965187564638,0.0012959193412922,0.001276338230017,-1.9581111275161463e-05,0.0012861287856546,False,Computing & networks,Education & language
12,29,2021,1824,6217.031700134277,3292.1750658750534,0.0364232310771605,0.0208344342252907,0.0040033703812791,0.0026020342487635,-0.0014013361325156,0.0001578801201183,0.0001026159062543,-5.526421386397414e-05,0.0001302480131863,False,Computing & networks,Electronic & magnetic materials
12,30,2004,2224,5467.198908567429,5348.419949293137,0.0320302451067203,0.0338473202102216,0.0035205260701256,0.0042272271693825,0.0007067010992568,0.0001388382852184,0.0001667083156708,2.7870030452385204e-05,0.0001527733004446,False,Computing & networks,Drug discovery & pharmaceutics
12,31,6842,8675,17693.682364940643,16145.004122972488,0.1036605750892655,0.1021731893767657,0.0113935986387256,0.0127605163254696,0.0013669176867439,0.0004493270795212,0.0005032339399966,5.390686047540826e-05,0.0004762805097589,False,Computing & networks,Chronic & infectious disease
13,0,1363,3195,3087.994992256165,4966.721684813499,0.0620365144657517,0.1005626078941618,0.0068094279069256,0.0150400764397708,0.0082306485328452,8.027226900350306e-05,0.0001772984571256,9.70261881221865e-05,0.0001287853630645,False,Marine ecology & paleoscience,"Business, economics & policy"
13,1,13989,10076,37545.741122365,17122.943805933,0.7542780730234256,0.3466930489008196,0.0827932098419772,0.0518511807300521,-0.0309420291119251,0.000975999585125,0.0006112425279484,-0.0003647570571766,0.0007936210565367,False,Marine ecology & paleoscience,Earth & environmental science
13,2,756,1881,1848.1049921512604,2799.233924269676,0.0371276483178664,0.0566768748873307,0.0040753102709175,0.0084765555361285,0.004401245265211,4.8041393023210056e-05,9.992503856707224e-05,5.1883645543862185e-05,7.398321579514116e-05,False,Marine ecology & paleoscience,"Reproduction, metabolism & animal science"
13,3,108,112,323.02032709121704,186.21497631073,0.0064893418689403,0.00377034688777,0.0007123015533752,0.0005638905611536,-0.0001484109922216,8.396896580107773e-06,6.647368241820257e-06,-1.749528338287516e-06,7.522132410964015e-06,False,Marine ecology & paleoscience,Electrical & control engineering
13,4,7505,10053,20968.519594669346,19376.893643975254,0.421248697754428,0.3923294038568886,0.0462382947034957,0.0586765234826404,0.0124382287791447,0.0005450755748404,0.0006917024075397,0.0001466268326992,0.0006183889911901,False,Marine ecology & paleoscience,Plant & microbial biology
13,5,1662,1467,5252.926571846008,2516.778226852417,0.1055290750402952,0.0509579151087519,0.0115833817350933,0.007621231733107,-0.0039621500019862,0.0001365495526671,8.984213830882651e-05,-4.670741435828893e-05,0.0001131958454879,False,Marine ecology & paleoscience,Energy & thermal engineering
13,6,37,44,70.95189070701599,63.20106554031372,0.0014253935013677,0.001279649711772,0.0001564580855348,0.0001913835558186,3.4925470283851895e-05,1.8443907038137671e-06,2.256106164204764e-06,4.11715460390997e-07,2.0502484340092657e-06,False,Marine ecology & paleoscience,Clinical diagnostics & case reports
13,7,1773,688,4057.023438572884,1110.647622346878,0.0815038864590368,0.0224875941199121,0.0089462608232682,0.0033632295501522,-0.0055830312731159,0.0001054621129993,3.964709970653634e-05,-6.581501329277898e-05,7.255460635292583e-05,False,Marine ecology & paleoscience,Electrochemical materials
13,8,712,1103,2100.4107282161717,1881.2303121089933,0.0421963639357461,0.038089798108414,0.0046316770152115,0.0056966847531332,0.0010650077379216,5.460006749234574e-05,6.715480612792346e-05,1.255473863557772e-05,6.0877436810134606e-05,False,Marine ecology & paleoscience,Humanities & politics
13,9,712,909,1802.364414215088,1634.6760259866714,0.0362087394362377,0.0330977442802811,0.0039744463871811,0.0049500765183349,0.0009756301311538,4.685236908189028e-05,5.835348861885612e-05,1.150111953696584e-05,5.26029288503732e-05,False,Marine ecology & paleoscience,Cell & neural biology
13,10,138,337,268.8488173484802,633.4873589277267,0.0054010591300711,0.0128263963484294,0.0005928463757835,0.0019183072671524,0.0013254608913689,6.988711005552241e-06,2.2613775941973552e-05,1.5625064936421312e-05,1.4801243473762896e-05,False,Marine ecology & paleoscience,Social behavior & violence
13,11,199,162,425.8552408218384,325.8780245780945,0.0085552518296858,0.006598143823354,0.0009390658237577,0.0009868139812791,4.774815752137454e-05,1.1070084806978994e-05,1.1632959250671852e-05,5.628744436928576e-07,1.1351522028825424e-05,False,Marine ecology & paleoscience,Mental health & cognition
13,12,1270,1953,3946.2658762931824,3465.645470738411,0.0792788138369028,0.0701698965012837,0.00870202608928,0.0104945628325475,0.0017925367432674,0.000102582975936,0.0001237141184667,2.1131142530766715e-05,0.0001131485472013,False,Marine ecology & paleoscience,Computing & networks
13,13,79296,103316,250331.7634124756,184784.14232110977,5.029059341455994,3.7413763904096298,0.5520138795708976,0.5595577529267884,0.0075438733558907,0.0065073611528384,0.0065962913595503,8.893020671186212e-05,0.0065518262561944,False,Marine ecology & paleoscience,Marine ecology & paleoscience
13,14,59,93,164.8474920988083,206.0547572374344,0.0033117164548116,0.0041720485003525,0.0003635100173087,0.0006239687859107,0.0002604587686019,4.285201971989036e-06,7.355594466529374e-06,3.070392494540338e-06,5.820398219259205e-06,False,Marine ecology & paleoscience,Immune & inflammatory disease
13,15,89,58,208.841143488884,149.1085228919983,0.0041955303203476,0.0030190421112409,0.0004605217023193,0.0004515259208048,-8.995781514482934e-06,5.428814648721492e-06,5.322768765939933e-06,-1.060458827815587e-07,5.375791707330713e-06,False,Marine ecology & paleoscience,Cardiovascular medicine
13,16,147,296,434.4191746711731,545.7179518938065,0.0087272976417613,0.0110493045311764,0.0009579504043004,0.0016525266024335,0.0006945761981331,1.129270382138994e-05,1.9480646800163176e-05,8.187942978773237e-06,1.5386675310776556e-05,False,Marine ecology & paleoscience,Public health & care delivery
13,17,133,129,277.11228370666504,220.38309252262115,0.0055670686772214,0.0044621583262093,0.0006110683866897,0.0006673574176117,5.6289030921957976e-05,7.203519383178839e-06,7.867077070237737e-06,6.635576870588978e-07,7.535298226708289e-06,False,Marine ecology & paleoscience,Surgical specialties
13,18,484,394,1337.1638182401657,728.3821209669113,0.0268630560481344,0.0147477572282498,0.0029486189721451,0.002205664716467,-0.0007429542556781,3.4759503816780054e-05,2.6001260880036605e-05,-8.758242936743449e-06,3.038038234840833e-05,False,Marine ecology & paleoscience,Editorial & miscellaneous records
13,19,100,61,207.10553181171417,101.32731091976166,0.0041606626151901,0.0020516025023408,0.0004566944543413,0.00030683629935,-0.0001498581549913,5.383697513562668e-06,3.6171094397537938e-06,-1.7665880738088737e-06,4.500403476658231e-06,False,Marine ecology & paleoscience,Synthetic chemistry
13,20,1422,1411,6513.606283903122,2424.520747900009,0.1308555977159587,0.0490899520397596,0.0143633433718525,0.007341860424699,-0.0070214829471535,0.0001693208561268,8.654879720485806e-05,-8.277205892203727e-05,0.0001279348266658,False,Marine ecology & paleoscience,Civil & structural engineering
13,21,206,159,472.4991728067398,263.19470405578613,0.009492308712413,0.0053289770402699,0.001041921719879,0.0007969982452702,-0.0002449234746088,1.2282591389749551e-05,9.395335175599956e-06,-2.8872562141495954e-06,1.0838963282674754e-05,False,Marine ecology & paleoscience,Metallurgy & alloys
13,22,134,90,401.47814881801605,218.62862467765808,0.0080655263526301,0.0044266351233499,0.0008853111865265,0.000662044591129,-0.0002232665953975,1.0436403569878192e-05,7.804447339455819e-06,-2.631956230422373e-06,9.120425454667005e-06,False,Marine ecology & paleoscience,Mathematics & theoretical physics
13,23,10482,14087,27873.41435885429,25886.189977645878,0.5599651156880875,0.5241249535997575,0.0614644797263131,0.0783877778351585,0.0169232981088454,0.0007245679546343,0.0009240665845908,0.0001994986299565,0.0008243172696126,False,Marine ecology & paleoscience,Ecology & taxonomy
13,24,2224,2108,6166.609418153763,3699.9245849847794,0.1238845773174111,0.0749134114793399,0.0135981704531221,0.0112039997630042,-0.0023941706901178,0.000160300690673,0.0001320772457222,-2.822344495078343e-05,0.0001461889681976,False,Marine ecology & paleoscience,"Astronomy, optics & imaging"
13,25,68,49,154.29220354557037,122.6643191576004,0.0030996651682437,0.0024836188964981,0.0003402342423737,0.0003714483825827,3.121414020900592e-05,4.010817795758214e-06,4.378782607753944e-06,3.6796481199572964e-07,4.194800201756079e-06,False,Marine ecology & paleoscience,Orthopaedics & sports medicine
13,26,19546,27690,75131.70263624191,52466.49116063118,1.5093641567159437,1.0623037715807069,0.1656751108434529,0.1588774422362439,-0.006797668607209,0.0019530446972328,0.0018729110515738,-8.013364565906834e-05,0.0019129778744033,True,Marine ecology & paleoscience,"Climate, land & agriculture"
13,27,25,50,57.66688251495361,80.33045935630798,0.0011585033007841,0.0016264733558368,0.000127162926134,0.0002432542682741,0.00011609134214,1.4990476077332188e-06,2.867578939971573e-06,1.368531332238354e-06,2.183313273852396e-06,False,Marine ecology & paleoscience,Oncology
13,28,245,430,610.972249507904,680.646474480629,0.0122741743072184,0.013781240196532,0.0013472727438319,0.002061113075039,0.0007138403312071,1.588219180703432e-05,2.4297228117783487e-05,8.415036310749166e-06,2.0089709962408904e-05,False,Marine ecology & paleoscience,Education & language
13,29,100,33,255.9266276359558,43.9726026058197,0.0051414577994211,0.000890325626148,0.0005643512780039,0.0001331565057227,-0.0004311947722812,6.652799356951999e-06,1.569702329335504e-06,-5.083097027616495e-06,4.111250843143751e-06,False,Marine ecology & paleoscience,Electronic & magnetic materials
13,30,297,552,682.4304449558258,901.7657644748688,0.0137097392568762,0.0182583045195677,0.0015048472967317,0.0027306998235758,0.001225852526844,1.7739743876220005e-05,3.2190585435665645e-05,1.445084155944564e-05,2.4965164655942827e-05,False,Marine ecology & paleoscience,Drug discovery & pharmaceutics
13,31,212,344,508.2895348072052,625.4785515069962,0.0102113219606677,0.0126642397768596,0.0011208440919736,0.001894055238663,0.0007732111466894,1.3212959986019534e-05,2.2327883297041583e-05,9.11492331102205e-06,1.777042164153056e-05,False,Marine ecology & paleoscience,Chronic & infectious disease
14,0,169,219,481.3886159658432,366.6591939926148,0.0052181707095605,0.0021033094676445,0.0008376314114398,0.0005775724697893,-0.0002600589416505,2.3781128409061157e-05,1.6397815175039523e-05,-7.38331323402163e-06,2.0089471792050336e-05,False,Immune & inflammatory disease,"Business, economics & policy"
14,1,534,698,1361.1539561748505,1205.474042892456,0.0147546773433005,0.0069150999319179,0.0023684509182049,0.0018988985729193,-0.0004695523452856,6.724250624695393e-05,5.3911482045248566e-05,-1.333102420170537e-05,6.057699414610125e-05,False,Immune & inflammatory disease,Earth & environmental science
14,2,2268,4406,6758.708663344383,8438.231003761292,0.0732632522078981,0.0484051987545147,0.011760366758631,0.0132921524984137,0.0015317857397827,0.000333887660139,0.0003773764702236,4.348881008452474e-05,0.0003556320651813,False,Immune & inflammatory disease,"Reproduction, metabolism & animal science"
14,3,112,37,348.96031498909,88.52069282531738,0.0037826704539358,0.0005077914705329,0.000607201980866,0.0001394404286603,-0.0004677615522056,1.7239024325018117e-05,3.958842390694936e-06,-1.328018193432318e-05,1.0598933357856527e-05,False,Immune & inflammatory disease,Electrical & control engineering
14,4,11679,15102,31357.1435431242,30988.58866214752,0.3399061019420235,0.1777634189730684,0.0545624211574909,0.0488141467120626,-0.0057482744454283,0.0015490774654989,0.0013858786517363,-0.0001631988137625,0.0014674780586176,True,Immune & inflammatory disease,Plant & microbial biology
14,5,258,168,756.9696782827377,301.34530329704285,0.0082054225468445,0.0017286418555418,0.0013171511726861,0.0004746880862019,-0.0008424630864842,3.739513674391667e-05,1.3476832623568866e-05,-2.3918304120347805e-05,2.5435984683742767e-05,False,Immune & inflammatory disease,Energy & thermal engineering
14,6,7738,12482,23147.976621985435,22840.499794006348,0.250920128952544,0.1310225960498731,0.0402782111723779,0.0359790347368532,-0.0042991764355246,0.0011435355681457,0.0010214779835445,-0.0001220575846011,0.0010825067758451,False,Immune & inflammatory disease,Clinical diagnostics & case reports
14,7,1650,2034,5120.148852229118,3592.664938926697,0.0555015425856843,0.0206090186852679,0.0089092208823219,0.0056592726867315,-0.0032499481955903,0.0002529409987896,0.0001606719717371,-9.226902705245378e-05,0.0002068064852634,False,Immune & inflammatory disease,Electrochemical materials
14,8,101,122,277.5057199001312,229.5935595035553,0.0030081147980888,0.0013170440434224,0.0004828687262913,0.0003616626049007,-0.0001212061213905,1.3709088541599905e-05,1.0267934953772277e-05,-3.441153587827628e-06,1.1988511747686088e-05,False,Immune & inflammatory disease,Humanities & politics
14,9,14971,25548,43934.571742773056,55792.55130887032,0.4762432841193125,0.3200492536793,0.0764475438748572,0.0878860865437923,0.011438542668935,0.0021704162864668,0.0024951670638461,0.0003247507773793,0.0023327916751565,True,Immune & inflammatory disease,Cell & neural biology
14,10,380,650,1205.7865446805954,1135.345470905304,0.0130705210317663,0.0065128133076367,0.002098106710084,0.0017884299601338,-0.0003096767499502,5.956718481062298e-05,5.077517623108715e-05,-8.792008579535831e-06,5.517118052085506e-05,False,Immune & inflammatory disease,Social behavior & violence
14,11,1906,2697,6091.3886778354645,4826.930305480957,0.0660296170806934,0.0276892776112492,0.0105992088857503,0.0076035242091699,-0.0029956846765803,0.0003009213170661,0.0002158710658532,-8.505025121294371e-05,0.0002583961914597,False,Immune & inflammatory disease,Mental health & cognition
14,12,976,802,2808.997652292252,1501.6065101623535,0.0304490567210582,0.0086138387943021,0.0048877447247066,0.0023653752447393,-0.0025223694799672,0.0001387675812314,6.715518504023749e-05,-7.161239619116662e-05,0.0001029613831358,False,Immune & inflammatory disease,Computing & networks
14,13,99,252,286.6253103017807,484.7028247117996,0.0031069696067377,0.0027804567754297,0.0004987371019166,0.0007635183084712,0.0002647812065545,1.4159606362725645e-05,2.1676989053228976e-05,7.5173826905033314e-06,1.791829770797731e-05,False,Immune & inflammatory disease,Marine ecology & paleoscience
14,14,89535,170600,264929.65247929096,319555.78993070126,2.871792366522384,1.833104772535467,0.4609859713721416,0.5033737864745117,0.04238781510237,0.0130878169446055,0.0142912461142401,0.0012034291696346,0.0136895315294228,False,Immune & inflammatory disease,Immune & inflammatory disease
14,15,10460,12605,26961.38490724564,21305.174332618717,0.292256826077829,0.1222153313425892,0.0469136621540556,0.0335605443970693,-0.0133531177569863,0.0013319221421115,0.0009528148119621,-0.0003791073301493,0.0011423684770368,False,Immune & inflammatory disease,Cardiovascular medicine
14,16,5244,5524,13999.556133151054,9323.8620531559,0.1517528070627257,0.0534855463949155,0.0243596702838838,0.0146872248732557,-0.009672445410628,0.0006915935089249,0.0004169838617719,-0.000274609647153,0.0005542886853484,False,Immune & inflammatory disease,Public health & care delivery
14,17,1636,3411,5121.776042103767,6151.149867534637,0.0555191810471293,0.0352855511746599,0.0089120522441493,0.0096894742563249,0.0007774220121755,0.0002530213837636,0.0002750931117898,2.2071728026289616e-05,0.0002640572477767,False,Immune & inflammatory disease,Surgical specialties
14,18,405,533,1071.9829219579697,1006.4077999591829,0.0116201125223681,0.0057731732591112,0.00186528417619,0.0015853235052095,-0.0002799606709804,5.295713831590048e-05,4.500879662867864e-05,-7.948341687221837e-06,4.898296747228956e-05,False,Immune & inflammatory disease,Editorial & miscellaneous records
14,19,504,541,1418.9696999788284,1015.2067750692368,0.0153813901712806,0.0058236478359329,0.0024690521403356,0.0015991839125556,-0.00086986822778,7.009866773866095e-05,4.5402306378191e-05,-2.4696361360469944e-05,5.775048705842597e-05,False,Immune & inflammatory disease,Synthetic chemistry
14,20,69,37,187.71931946277616,86.74495422840118,0.0020348454906312,0.0004976050961991,0.0003266375508291,0.0001366432323976,-0.0001899943184315,9.273541361274332e-06,3.879427408639414e-06,-5.394113952634919e-06,6.576484384956874e-06,False,Immune & inflammatory disease,Civil & structural engineering
14,21,36,52,104.9123148918152,80.71511054039001,0.001137231647122,0.0004630154076676,0.0001825507448362,0.0001271448432439,-5.5405901592333576e-05,5.182784032248787e-06,3.6097593791712174e-06,-1.57302465307757e-06,4.396271705710002e-06,False,Immune & inflammatory disease,Metallurgy & alloys
14,22,103,15,228.2526586055756,32.5862557888031,0.0024742199919398,0.0001869283013725,0.0003971668424461,5.133083949752234e-05,-0.0003458360029486,1.12759330070945e-05,1.4573298813342115e-06,-9.818603125760289e-06,6.366631444214356e-06,False,Immune & inflammatory disease,Mathematics & theoretical physics
14,23,2248,2728,6187.082087755203,6601.861717939377,0.0670669173661172,0.0378710215996971,0.0107657184444687,0.0103994489709009,-0.0003662694735678,0.000305648677028,0.0002952499488233,-1.0398728204644863e-05,0.0003004493129256,False,Immune & inflammatory disease,Ecology & taxonomy
14,24,389,411,1169.358795762062,705.9053869247437,0.0126756504300997,0.0040493665722998,0.0020347212752603,0.0011119631648236,-0.0009227581104366,5.776761384871609e-05,3.156965993355087e-05,-2.6197953915165225e-05,4.466863689113348e-05,False,Immune & inflammatory disease,"Astronomy, optics & imaging"
14,25,1001,2790,3254.845594406128,4542.995772242546,0.0352819725717761,0.0260605111661792,0.0056635342399844,0.0071562620859016,0.0014927278459172,0.0001607929611649,0.0002031728816152,4.237992045035208e-05,0.0001819829213901,False,Immune & inflammatory disease,Orthopaedics & sports medicine
14,26,81,84,213.4303547143936,208.38638150691983,0.002313548739135,0.0011953908597762,0.0003713755650512,0.0003282564272473,-4.31191378038413e-05,1.054369485175903e-05,9.319502756051365e-06,-1.2241920957076646e-06,9.931598803905195e-06,False,Immune & inflammatory disease,"Climate, land & agriculture"
14,27,10463,19606,30787.34534740448,42050.28037548065,0.3337295864270076,0.2412178782911871,0.0535709542821079,0.0662388525631496,0.0126678982810417,0.0015209288063693,0.0018805821235444,0.000359653317175,0.0017007554649569,True,Immune & inflammatory disease,Oncology
14,28,260,391,715.2022668123245,648.974733710289,0.0077526709114287,0.0037227886932583,0.0012444745562024,0.0010222843063018,-0.0002221902499006,3.5331780564421e-05,2.9023594419580157e-05,-6.308186144840845e-06,3.217768749200058e-05,False,Immune & inflammatory disease,Education & language
14,29,70,61,155.06268405914307,103.60931992530824,0.0016808531179737,0.0005943461042449,0.0002698139727494,0.0001632084829261,-0.0001066054898233,7.66026756504315e-06,4.633639375154914e-06,-3.026628189888236e-06,6.146953470099032e-06,False,Immune & inflammatory disease,Electronic & magnetic materials
14,30,16927,23036,50059.11375403404,46773.91311609745,0.5426322776947289,0.2683145981547428,0.087104440608949,0.0736796593752399,-0.0134247812337091,0.0024729754147591,0.0020918334924026,-0.0003811419223565,0.0022824044535809,True,Immune & inflammatory disease,Drug discovery & pharmaceutics
14,31,16864,22848,44199.22796487808,42841.75391447544,0.4791121125470902,0.2457580993335958,0.0769080540687333,0.0674856052266034,-0.0094224488421298,0.0021834905956494,0.001915978581675,-0.0002675120139743,0.0020497345886622,True,Immune & inflammatory disease,Chronic & infectious disease
15,0,376,305,911.4690121412276,598.2180744409561,0.0060070433621865,0.0036318230982555,0.0010158077881701,0.0008529713432573,-0.0001628364449128,3.6291294839819546e-05,3.0473712515860248e-05,-5.817582323959298e-06,3.33825036778399e-05,False,Cardiovascular medicine,"Business, economics & policy"
15,1,489,768,1295.143500328064,1485.7327853441238,0.0085356529548359,0.009019985985363,0.001443402723413,0.0021184373120467,0.0006750345886337,5.156778124564359e-05,7.568442965932792e-05,2.411664841368433e-05,6.362610545248575e-05,False,Cardiovascular medicine,Earth & environmental science
15,2,1973,2960,6558.332812905312,5458.57370865345,0.0432227416028363,0.033139376634757,0.0073090861675164,0.007783126500968,0.0004740403334516,0.0002611283396367,0.0002780641592943,1.6935819657624095e-05,0.0002695962494655,False,Cardiovascular medicine,"Reproduction, metabolism & animal science"
15,3,480,243,2052.4455046653748,453.4191306829453,0.0135266574955587,0.0027527387458898,0.0022873955128064,0.0006465092605546,-0.0016408862522518,8.172072112192896e-05,2.309753721589887e-05,-5.862318390603009e-05,5.240912916891391e-05,False,Cardiovascular medicine,Electrical & control engineering
15,4,3484,3530,10119.044512867928,6470.923395991325,0.066689638773232,0.039285421254725,0.0112774039359435,0.0092265888595096,-0.0020508150764338,0.0004029025924326,0.0003296340710966,-7.326852133598526e-05,0.0003662683317646,False,Cardiovascular medicine,Plant & microbial biology
15,5,1478,776,4394.170130491257,1505.415710687637,0.0289598112092436,0.0091394823796681,0.0048971848539445,0.0021465022803029,-0.0027506825736415,0.0001749594573789,7.668709379472689e-05,-9.827236358425576e-05,0.0001258232755868,False,Cardiovascular medicine,Energy & thermal engineering
15,6,6967,9396,22762.742827653885,17678.449948072433,0.1500180273674845,0.1073270862348389,0.0253684668775806,0.0252068799709993,-0.0001615869065813,0.0009063274782987,0.0009005545376525,-5.772940646143034e-06,0.0009034410079756,False,Cardiovascular medicine,Clinical diagnostics & case reports
15,7,1341,1739,3928.164680480957,2964.976094722748,0.0258885987950651,0.0180005739155452,0.0043778342680829,0.0042276215819876,-0.0001502126860953,0.0001564048592982,0.0001510382801646,-5.366579133625688e-06,0.0001537215697314,False,Cardiovascular medicine,Electrochemical materials
15,8,191,206,559.5925874710083,447.0471175909042,0.0036879991456864,0.0027140538158972,0.0006236509425811,0.0006374237032994,1.3772760718380435e-05,2.228088866606602e-05,2.2772941715678285e-05,4.920530496122644e-07,2.2526915190872156e-05,False,Cardiovascular medicine,Humanities & politics
15,9,13461,18478,41210.753910541534,34655.50920212269,0.2715997828027782,0.2103959812977849,0.0459282808532899,0.0494136795566184,0.0034853987033284,0.0016408584393069,0.0017653796661078,0.0001245212268008,0.0017031190527073,True,Cardiovascular medicine,Cell & neural biology
15,10,684,1022,1838.3865978717804,1706.8695837259293,0.0121159006645057,0.0103625227065877,0.0020488325976094,0.0024337459929749,0.0003849133953654,7.319769423230815e-05,8.69493170114235e-05,1.3751622779115344e-05,8.007350562186583e-05,False,Cardiovascular medicine,Social behavior & violence
15,11,5266,6882,15058.063756346704,12342.732902169228,0.0992402821489758,0.0749335808544198,0.016781808525258,0.0175989290742657,0.0008171205490076,0.0005995559083403,0.0006287487961179,2.919288777764853e-05,0.0006141523522291,False,Cardiovascular medicine,Mental health & cognition
15,12,4347,3372,12451.814051628113,6582.5711352825165,0.082063773918431,0.0399632423633645,0.0138772130725284,0.0093857821808479,-0.0044914308916804,0.0004957847705394,0.0003353214972303,-0.000160463273309,0.0004155531338848,False,Cardiovascular medicine,Computing & networks
15,13,102,119,262.74187207221985,227.39477109909055,0.0017316022789322,0.0013805293042541,0.0002928187753771,0.0003242316333142,3.141285793713738e-05,1.046140090241668e-05,1.1583673543396887e-05,1.122272640980207e-06,1.1022537222906784e-05,False,Cardiovascular medicine,Marine ecology & paleoscience
15,14,9666,11416,30354.95309782028,21270.8077750206,0.2000545461083551,0.1291365378220411,0.0338297817650095,0.0303290560001616,-0.0035007257648479,0.0012086209602825,0.0010835521506464,-0.000125068809636,0.0011460865554645,False,Cardiovascular medicine,Immune & inflammatory disease
15,15,160359,234494,518993.1714935303,438637.84978055954,3.42042839011764,2.663000572309539,0.5784039814713815,0.625433319246485,0.0470293377751035,0.0206643714219944,0.0223445668124946,0.0016801953905001,0.0215044691172445,False,Cardiovascular medicine,Cardiovascular medicine
15,16,12075,13475,37577.41280686855,24061.12888979912,0.2476542210023772,0.1460767693348938,0.0418790195607754,0.0343076451653523,-0.0075713743954231,0.001496192354678,0.001225693364882,-0.000270498989796,0.00136094285978,False,Cardiovascular medicine,Public health & care delivery
15,17,5916,10618,19523.50625097752,17416.875355362892,0.1286698144087531,0.105739048881392,0.0217584245190547,0.0248339129189523,0.0030754883998976,0.0007773531653004,0.0008872297163536,0.0001098765510532,0.000832291440827,False,Cardiovascular medicine,Surgical specialties
15,18,817,916,2634.3872133493423,1578.684457540512,0.0173619486922581,0.0095843019840393,0.0029359539520599,0.00225097278043,-0.0006849811716299,0.000104891468397,8.04194630148953e-05,-2.447200538216525e-05,9.265546570597792e-05,False,Cardiovascular medicine,Editorial & miscellaneous records
15,19,171,220,389.2880321741104,388.4753323793411,0.0025656056964093,0.0023584604770697,0.0004338510795829,0.0005539089175659,0.0001200578379829,1.549999677998353e-05,1.9789247607562437e-05,4.289250827578904e-06,1.764462219377298e-05,False,Cardiovascular medicine,Synthetic chemistry
15,20,589,318,1734.0993247032166,613.9908421039581,0.0114285946083447,0.0037275806561919,0.0019326072263894,0.0008754609994466,-0.0010571462269427,6.904536417150876e-05,3.127719005670681e-05,-3.776817411480195e-05,5.016127711410778e-05,False,Cardiovascular medicine,Civil & structural engineering
15,21,203,162,556.4743356704712,288.1105326414108,0.0036674482838024,0.0017491388709303,0.0006201757345134,0.0004108034152318,-0.0002093723192815,2.215673151538874e-05,1.4676583539724337e-05,-7.480147975664402e-06,1.841665752755654e-05,False,Cardiovascular medicine,Metallurgy & alloys
15,22,204,33,419.4702281951904,59.97175455093384,0.0027645216857074,0.0003640926490302,0.0004674883282155,8.55109369348555e-05,-0.0003819773912807,1.6701739198127884e-05,3.0550096784768263e-06,-1.3646729519651058e-05,9.878374438302354e-06,False,Cardiovascular medicine,Mathematics & theoretical physics
15,23,626,546,1755.114350438118,996.4672560691832,0.0115670942931014,0.0060496212867345,0.001956027909403,0.0014208163381148,-0.0005352115712882,6.988210407692809e-05,5.076084790867935e-05,-1.912125616824874e-05,6.032147599280372e-05,False,Cardiovascular medicine,Ecology & taxonomy
15,24,3760,3792,9565.687076449394,9138.013138890266,0.0630427324373318,0.0554775066283287,0.0106607019021186,0.0130294681401373,0.0023687662380186,0.0003808699642145,0.0004654977795863,8.462781537184127e-05,0.0004231838719004,False,Cardiovascular medicine,"Astronomy, optics & imaging"
15,25,4027,5988,12771.180434703829,10941.884358167648,0.0841685604619182,0.0664289329398327,0.0142331383479757,0.0156015242559747,0.0013683859079989,0.0005085007481708,0.000557388438362,4.888769019117381e-05,0.0005329445932664,False,Cardiovascular medicine,Orthopaedics & sports medicine
15,26,156,235,320.9543538093567,401.1446278095245,0.0021152520765199,0.0024353766415052,0.0003576950262749,0.0005719734769681,0.0002142784506931,1.2779204700394518e-05,2.0434631762962136e-05,7.655427062567619e-06,1.6606918231678325e-05,False,Cardiovascular medicine,"Climate, land & agriculture"
15,27,4195,5994,13547.962421178818,11854.118244767187,0.0892879479710546,0.0719671676437235,0.0150988410554302,0.0169022361482806,0.0018033950928503,0.0005394293082446,0.0006038583703069,6.442906206223194e-05,0.0005716438392757,False,Cardiovascular medicine,Oncology
15,28,1197,1735,3350.2970249652863,2885.896151661873,0.0220801576763342,0.0175204741390788,0.0037338162519076,0.0041148651673299,0.0003810489154223,0.0001333963256176,0.0001470098839099,1.3613558292258012e-05,0.0001402031047637,False,Cardiovascular medicine,Education & language
15,29,131,123,350.9878591299057,253.32761669158936,0.0023131881186407,0.0015379693944993,0.0003911665631064,0.0003612080723163,-2.9958490790131368e-05,1.397502680969564e-05,1.2904713670849607e-05,-1.0703131388460298e-06,1.3439870240272625e-05,False,Cardiovascular medicine,Electronic & magnetic materials
15,30,6114,6625,19918.586628317837,12531.285856366158,0.1312735945994334,0.0760782988152348,0.0221987310121001,0.0178677779664808,-0.0043309530456193,0.0007930837916503,0.0006383538360953,-0.0001547299555549,0.0007157188138728,False,Cardiovascular medicine,Drug discovery & pharmaceutics
15,31,27118,30289,100118.5234736204,55438.45146548748,0.6598318800232993,0.3365706540245101,0.1115794114005985,0.0790471108028893,-0.0325323005977092,0.0039863460039885,0.0028240795530334,-0.001162266450955,0.0034052127785109,True,Cardiovascular medicine,Chronic & infectious disease
16,0,11081,14033,30595.86555504799,25359.84222722053,0.1950045849852818,0.1456309392266629,0.0291896479895542,0.0289995809760811,-0.000190067013473,0.0011150204830288,0.001107760079846,-7.26040318288425e-06,0.0011113902814374,False,Public health & care delivery,"Business, economics & policy"
16,1,2381,2423,6395.755257368088,4471.509466409683,0.0407637299028699,0.0256780037320258,0.0061017997433026,0.0051132771132651,-0.0009885226300375,0.0002330837185689,0.0001953229692503,-3.7760749318523074e-05,0.0002142033439096,False,Public health & care delivery,Earth & environmental science
16,2,1660,2663,4655.0448207855225,5059.971376419067,0.029669207485957,0.0290572937089089,0.0044410941553476,0.0057861972622847,0.0013451031069371,0.0001696461345489,0.000221027964044,5.138182949507991e-05,0.0001953370492964,False,Public health & care delivery,"Reproduction, metabolism & animal science"
16,3,339,252,1076.900223493576,429.8475828170776,0.0068636881926118,0.002468434410951,0.0010274047775211,0.0004915409044578,-0.0005358638730632,3.924601528965797e-05,1.8776457219120852e-05,-2.046955807053711e-05,2.9011236254389408e-05,False,Public health & care delivery,Electrical & control engineering
16,4,5356,6494,15617.711488842964,12438.606573343275,0.0995404212971909,0.0714297014041581,0.0148999053464113,0.0142238415886555,-0.0006760637577557,0.0005691640975727,0.0005433390195176,-2.5825078055102032e-05,0.0005562515585451,False,Public health & care delivery,Plant & microbial biology
16,5,861,875,2665.145674228668,1427.5957144498825,0.0169864658737374,0.0081980835238848,0.0025426528277701,0.0016324895538134,-0.0009101632739566,9.712724131546996e-05,6.235975478307036e-05,-3.4767486532399615e-05,7.974349804927016e-05,False,Public health & care delivery,Energy & thermal engineering
16,6,3800,5446,10782.548443198204,10504.146740317345,0.0687232194973039,0.0603209098014473,0.0102869713857577,0.0120117408953556,0.0017247695095978,0.0003929538241624,0.0004588385971612,6.588477299875262e-05,0.0004258962106618,False,Public health & care delivery,Clinical diagnostics & case reports
16,7,1034,984,3142.370712041855,1554.9210880994797,0.0200280882875864,0.0089292597506861,0.0029979441101986,0.0017780891380056,-0.001219854972193,0.0001145189928649,6.792153883585544e-05,-4.659745402913554e-05,9.12202658504232e-05,False,Public health & care delivery,Electrochemical materials
16,8,3767,4596,9832.76962530613,8654.389740943909,0.0626697472110688,0.0496985310521544,0.0093808453828073,0.0098964999010001,0.0005156545181928,0.0003583405580533,0.0003780381354327,1.969757737939001e-05,0.000368189346743,False,Public health & care delivery,Humanities & politics
16,9,1070,2405,3042.8551119565964,3376.6357588768005,0.0193938196391224,0.0193906031664401,0.0029030023498248,0.003861263064609,0.0009582607147842,0.0001108922959089,0.0001474970650191,3.660476911022226e-05,0.000129194680464,False,Public health & care delivery,Cell & neural biology
16,10,20359,26647,58112.49659192562,49290.57854127884,0.3703834840030328,0.2830551224915399,0.0554415862581344,0.0563649454503079,0.0009233591921735,0.0021178228771911,0.0021530944369178,3.527155972675401e-05,0.0021354586570544,True,Public health & care delivery,Social behavior & violence
16,11,22968,26676,66316.39855253696,48317.914180636406,0.4226715454148141,0.2774695189564904,0.0632684284156215,0.0552526806879222,-0.0080157477276993,0.0024168017934889,0.002110606840183,-0.0003061949533058,0.0022637043168359,True,Public health & care delivery,Mental health & cognition
16,12,13377,14425,40909.376388549805,26660.302244901657,0.2607383651331164,0.1530989357585317,0.039029139218352,0.0304866878457137,-0.0085424513726382,0.0014908809341935,0.0011645663359778,-0.0003263145982157,0.0013277236350857,False,Public health & care delivery,Computing & networks
16,13,417,316,1086.2475439310074,614.4677282571793,0.0069232639002951,0.0035286304855049,0.0010363224854618,0.0007026584188941,-0.0003336640665677,3.958666437933378e-05,2.684097218027423e-05,-1.2745692199059546e-05,3.3213818279804005e-05,False,Public health & care delivery,Marine ecology & paleoscience
16,14,4270,5230,11344.17226099968,8994.495437860489,0.0723027625996612,0.0516516154457606,0.0108227823931201,0.0102854188307706,-0.0005373635623495,0.0004134213628068,0.0003928945178422,-2.05268449646089e-05,0.0004031579403245,False,Public health & care delivery,Immune & inflammatory disease
16,15,11043,13001,32519.634688973427,25185.327340602875,0.2072658429939388,0.1446287734158723,0.0310249987081478,0.0288000190647468,-0.002224979643401,0.0011851293670245,0.0011001369793944,-8.499238763010606e-05,0.0011426331732095,False,Public health & care delivery,Cardiovascular medicine
16,16,168868,237936,504960.1053929329,440869.29115879536,3.218393531279805,2.531727459989223,0.4817516176709707,0.5041444893179927,0.0223928716470219,0.0184025145362378,0.0192579037676942,0.0008553892314563,0.018830209151966,False,Public health & care delivery,Public health & care delivery
16,17,5873,9759,17641.54442036152,17181.238097190857,0.1124394419240222,0.098664645416647,0.0168307208271633,0.019647153204053,0.0028164323768896,0.0006429196567613,0.0007505050510909,0.0001075853943295,0.0006967123539261,False,Public health & care delivery,Surgical specialties
16,18,1771,2246,5643.637419819832,3981.797665834427,0.035970061735279,0.0228657942226305,0.0053842500179909,0.0045532800561666,-0.0008309699618243,0.000205673910763,0.0001739315434502,-3.1742367312803487e-05,0.0001898027271066,False,Public health & care delivery,Editorial & miscellaneous records
16,19,242,166,629.606351852417,305.7321755886078,0.0040128338623458,0.0017556916752025,0.0006006689939689,0.0003496119929901,-0.0002510570009787,2.2945060249969508e-05,1.3354889837524448e-05,-9.59017041244506e-06,1.8149975043746977e-05,False,Public health & care delivery,Synthetic chemistry
16,20,302,293,908.6878502368928,560.8202636241913,0.0057915765382678,0.0032205555932548,0.0008669236185875,0.0006413112708777,-0.0002256123477098,3.311576735329394e-05,2.449756171372228e-05,-8.618205639571663e-06,2.880666453350811e-05,False,Public health & care delivery,Civil & structural engineering
16,21,164,208,497.4325338602066,306.0966589450836,0.0031704161024325,0.0017577847502721,0.0004745700210967,0.0003500287883517,-0.0001245412327449,1.8128183469141446e-05,1.3370811076641578e-05,-4.757372392499868e-06,1.5749497272891512e-05,False,Public health & care delivery,Metallurgy & alloys
16,22,87,74,192.13465917110443,129.86075687408447,0.0012245817790491,0.0007457358694431,0.000183303951892,0.000148498855034,-3.4805096858026865e-05,7.002059807398088e-06,5.6725338081673815e-06,-1.329525999230706e-06,6.337296807782735e-06,False,Public health & care delivery,Mathematics & theoretical physics
16,23,2014,1674,4768.568335652351,3481.2285351753235,0.0303927564198104,0.0199912356195998,0.0045494000122791,0.003980867384644,-0.0005685326276351,0.0001737833289732,0.0001520658514171,-2.171747755609239e-05,0.0001629245901952,False,Public health & care delivery,Ecology & taxonomy
16,24,1986,1299,7070.049458384514,2353.1602268218994,0.0450613844533062,0.0135132123817025,0.006745102686756,0.0026908945227651,-0.0040542081639909,0.0002576573605326,0.0001027899518222,-0.0001548674087104,0.0001802236561774,False,Public health & care delivery,"Astronomy, optics & imaging"
16,25,6417,9895,18108.264721512794,16402.6135866642,0.1154141117684318,0.0941933313699379,0.0172759901814711,0.0187567776117813,0.0014807874303101,0.0006599285789208,0.0007164934376816,5.65648587608317e-05,0.0006882110083012,False,Public health & care delivery,Orthopaedics & sports medicine
16,26,1728,1477,4251.822068810463,2866.876245498657,0.0270992430813205,0.0164632680494533,0.0040564039373064,0.0032783409725042,-0.0007780629648021,0.0001549512854404,0.000125229921786,-2.972136365437015e-05,0.0001400906036132,False,Public health & care delivery,"Climate, land & agriculture"
16,27,9216,12901,28854.23500931263,21966.48543071747,0.1839041981974735,0.126144314153125,0.0275280645816129,0.0251191970084198,-0.002408867573193,0.0010515493670093,0.0009595326120975,-9.201675491172656e-05,0.0010055409895534,False,Public health & care delivery,Oncology
16,28,16106,27533,47247.28405511379,49427.72743475437,0.3011333999449174,0.2838427110731952,0.0450757501058409,0.0565217784623782,0.0114460283565373,0.0017218564839798,0.0021590853286523,0.0004372288446724,0.0019404709063161,True,Public health & care delivery,Education & language
16,29,56,69,154.30594611167908,93.9900051355362,0.0009834782064959,0.0005397451846571,0.0001472138855359,0.0001074797997735,-3.973408576243755e-05,5.623449032945828e-06,4.10563972207646e-06,-1.5178093108693675e-06,4.864544377511144e-06,False,Public health & care delivery,Electronic & magnetic materials
16,30,3426,3486,9174.06120789051,5945.577127456665,0.0584714295876195,0.0341429561571439,0.008752411884251,0.006798908440059,-0.0019535034441919,0.0003343349166231,0.0002597126959399,-7.462222068320402e-05,0.0002970238062815,False,Public health & care delivery,Drug discovery & pharmaceutics
16,31,35601,39120,99978.18255519868,76276.9066618681,0.6372169455929184,0.438026288134752,0.0953830820759422,0.0872244516163246,-0.0081586304596176,0.0036435550811425,0.0033319021253003,-0.0003116529558421,0.0034877286032214,True,Public health & care delivery,Chronic & infectious disease
17,0,135,223,447.8999571800232,372.2870255708695,0.0041839449042971,0.0028592552549682,0.0011544897981166,0.0008487830466304,-0.0003057067514862,3.195870547569061e-05,2.349609970072613e-05,-8.46260577496448e-06,2.772740258820837e-05,False,Surgical specialties,"Business, economics & policy"
17,1,280,397,725.9464026689529,677.0142922401428,0.0067812459089359,0.0051996350660029,0.0018711716811438,0.0015435355360524,-0.0003276361450913,5.179796716236196e-05,4.272830965542956e-05,-9.069657506932402e-06,4.7263138408895766e-05,False,Surgical specialties,Earth & environmental science
17,2,958,1633,2574.2586394548416,2837.485709309578,0.0240467902357065,0.0217925830555068,0.0066353106074752,0.0064692283095951,-0.0001660822978801,0.0001836793515109,0.0001790818442385,-4.5975072723349335e-06,0.0001813805978747,False,Surgical specialties,"Reproduction, metabolism & animal science"
17,3,808,874,2402.6742022037506,1514.6998779773712,0.0224439773298664,0.0116332648959912,0.0061930411248676,0.0034533880819212,-0.0027396530429464,0.0001714364021504,9.559704449828888e-05,-7.583935765212938e-05,0.0001335167233243,False,Surgical specialties,Electrical & control engineering
17,4,2123,3695,6316.290858268738,6551.919704675674,0.0590020439316325,0.0503203430659386,0.0162806297274951,0.0149378248132201,-0.001342804914275,0.0004506820686233,0.0004135104047103,-3.717166391304023e-05,0.0004320962366668,False,Surgical specialties,Plant & microbial biology
17,5,603,680,1917.421394944191,1236.249252796173,0.0179111101623585,0.0094946961073591,0.0049422720490772,0.0028185441208268,-0.0021237279282503,0.0001368124837957,7.802322859386782e-05,-5.878925520188265e-05,0.0001074178561948,False,Surgical specialties,Energy & thermal engineering
17,6,4984,10189,15667.265411973,18069.311638474464,0.1463518230664811,0.1387767252343643,0.0403833440761844,0.0411965078812533,0.0008131638050689,0.0011178958892141,0.001140405973402,2.251008418791109e-05,0.001129150931308,False,Surgical specialties,Clinical diagnostics & case reports
17,7,7368,9669,20093.80123233795,15939.535172462463,0.1877011951582066,0.1224195219635419,0.0517930134983124,0.036340797009537,-0.0154522164887754,0.0014337395330744,0.0010059896850316,-0.0004277498480428,0.001219864609053,False,Surgical specialties,Electrochemical materials
17,8,119,200,465.0435364246368,328.9373730421066,0.0043440873420716,0.0025263193391816,0.001198678432261,0.0007499494918286,-0.0004487289404323,3.3181939796424336e-05,2.0760179059264636e-05,-1.2421760737159703e-05,2.6971059427844485e-05,False,Surgical specialties,Humanities & politics
17,9,6291,8373,19145.656324863437,15185.0479003191,0.1788443377493793,0.1166248754958746,0.0493491114499457,0.0346206296077541,-0.0147284818421916,0.0013660871849094,0.0009583718338803,-0.0004077153510291,0.0011622295093948,False,Surgical specialties,Cell & neural biology
17,10,344,893,982.5834083557128,1320.2101374864578,0.0091785560113024,0.010139536201892,0.0025326694110163,0.0030099678627526,0.0004772984517363,7.010961543878673e-05,8.332224032982359e-05,1.321262489103686e-05,7.671592788430516e-05,False,Surgical specialties,Social behavior & violence
17,11,2077,2841,6298.35346698761,5238.737796664238,0.0588344862981834,0.0402347853824458,0.0162343949938076,0.0119438807214196,-0.004290514272388,0.0004494021939643,0.000330631736058,-0.0001187704579063,0.0003900169650112,False,Surgical specialties,Mental health & cognition
17,12,1352,1786,4218.653679847717,3114.910176157952,0.0394074933115007,0.0239232706975932,0.010873840367915,0.0071017327161623,-0.0037721076517527,0.0003010107688043,0.0001965908963536,-0.0001044198724506,0.0002488008325789,False,Surgical specialties,Computing & networks
17,13,125,169,353.37326967716217,294.70588302612305,0.0033009476051062,0.0022634131378078,0.0009108414239152,0.0006719045791919,-0.0002389368447232,2.5214006091219857e-05,1.85997317509368e-05,-6.61427434028306e-06,2.190686892107833e-05,False,Surgical specialties,Marine ecology & paleoscience
17,14,1137,1897,4743.201244354248,3163.773560404777,0.0443074225800728,0.0242985534192219,0.012225894107019,0.0072131371146532,-0.0050127569923657,0.0003384384596386,0.0001996748043846,-0.000138763655254,0.0002690566320116,False,Surgical specialties,Immune & inflammatory disease
17,15,3942,7323,13174.094981193542,11876.898369073868,0.1230624979567415,0.0912174793693795,0.0339570433338868,0.0270783274457767,-0.00687871588811,0.0009400023703139,0.0007495850487597,-0.0001904173215542,0.0008447937095368,False,Surgical specialties,Cardiovascular medicine
17,16,3751,7605,12766.416379332542,12176.211772680284,0.1192542707365684,0.0935162793902283,0.0329062265628331,0.0277607367836278,-0.0051454897792052,0.0009109135522492,0.0007684755743215,-0.0001424379779276,0.0008396945632853,False,Surgical specialties,Public health & care delivery
17,17,60249,147193,192231.2701848745,251475.7169636488,1.795680107674822,1.9313949072564367,0.4954879694669167,0.5733434434645379,0.0778554739976211,0.0137161489939305,0.0158713522423431,0.0021552032484125,0.0147937506181368,False,Surgical specialties,Surgical specialties
17,18,320,669,1056.6744191646576,1116.005354762077,0.0098706585716152,0.0085711936113893,0.0027236435666059,0.0025443981659535,-0.0001792454006524,7.539618167948758e-05,7.043429204073179e-05,-4.961889638755793e-06,7.291523686010968e-05,False,Surgical specialties,Editorial & miscellaneous records
17,19,96,157,263.0811517238617,270.5600723028183,0.0024575064733244,0.0020779674159478,0.0006781079142186,0.0006168541654482,-6.125374877043546e-05,1.8771453109938733e-05,1.7075820528836924e-05,-1.695632581101809e-06,1.792363681938783e-05,False,Surgical specialties,Synthetic chemistry
17,20,1714,1799,5499.3109011650085,3336.489084482193,0.051370430948327,0.0256250508148152,0.0141748134383389,0.0076069139552563,-0.0065678994830826,0.0003923886452593,0.0002105753754355,-0.0001818132698237,0.0003014820103474,False,Surgical specialties,Civil & structural engineering
17,21,2754,4378,8892.556644797325,7855.688922047615,0.0830675834273842,0.0603336089870926,0.0229211138804973,0.0179103087635458,-0.0050108051169515,0.0006345046347542,0.0004957950115164,-0.0001387096232378,0.0005651498231353,False,Surgical specialties,Metallurgy & alloys
17,22,82,29,157.33961057662964,50.59971356391907,0.0014697484368179,0.0003886181547306,0.000405552562215,0.0001153630830178,-0.0002901894791971,1.1226547789236164e-05,3.1934927436779703e-06,-8.033055045558194e-06,7.2100202664570675e-06,False,Surgical specialties,Mathematics & theoretical physics
17,23,562,714,1722.18382024765,1238.2578375339508,0.0160873474164947,0.0095101225285666,0.0044390351440877,0.0028231235247707,-0.001615911619317,0.0001228818279707,7.814999612540834e-05,-4.4731831845324816e-05,0.000100515912048,False,Surgical specialties,Ecology & taxonomy
17,24,3740,4912,11570.839879989624,8991.518341422081,0.108086093285476,0.0690570562550012,0.0298245543071586,0.0204999041262925,-0.009324650180866,0.0008256063835307,0.0005674804570129,-0.0002581259265177,0.0006965434202718,False,Surgical specialties,"Astronomy, optics & imaging"
17,25,4020,9056,12159.996509313583,15432.869987607002,0.1135895518984494,0.1185282096351415,0.0313431419005348,0.0351856430834399,0.003842501182905,0.0008676440816679,0.0009740125950968,0.0001063685134288,0.0009208283383823,False,Surgical specialties,Orthopaedics & sports medicine
17,26,81,98,264.48579120635986,187.907727599144,0.0024706275601006,0.0014431772280087,0.0006817284592233,0.0004284137844246,-0.0002533146747987,1.887167740958661e-05,1.185939449658824e-05,-7.012282912998375e-06,1.5365535953087428e-05,False,Surgical specialties,"Climate, land & agriculture"
17,27,3916,10880,13828.957926630974,17647.48308455944,0.1291797356113875,0.1355369789455224,0.0356449930145077,0.0402347743247356,0.0045897813102278,0.0009867283671904,0.0011137831660554,0.0001270547988649,0.0010502557666229,False,Surgical specialties,Oncology
17,28,855,2097,2661.9825699329376,3485.7378013134003,0.0248662412895079,0.02677131740104,0.0068614244553651,0.0079471884528255,0.0010857639974604,0.0001899386583323,0.0002199948891172,3.0056230784846893e-05,0.0002049667737248,False,Surgical specialties,Education & language
17,29,1072,983,2502.7707920074463,1641.9327949285507,0.0233790044718278,0.0126104447637015,0.0064510462661992,0.0037434684109788,-0.0027075778552203,0.0001785785270409,0.0001036270780384,-7.495144900253556e-05,0.0001411028025397,False,Surgical specialties,Electronic & magnetic materials
17,30,3266,5877,10526.969460368156,10423.406684160233,0.0983350400582788,0.0800543083408719,0.0271339138400411,0.0237644888861837,-0.0033694249538574,0.0007511237970497,0.0006578510285087,-9.327276854107858e-05,0.0007044874127792,False,Surgical specialties,Drug discovery & pharmaceutics
17,31,4034,8867,12332.193058252336,15560.592077851295,0.115198082691812,0.1195091464731807,0.0317869891388162,0.0354768386863845,0.0036898495475683,0.0008799307066234,0.0009820735017635,0.00010214279514,0.0009310021041935,False,Surgical specialties,Chronic & infectious disease
18,0,5822,4435,12059.961984992027,9390.062459349632,0.0739799767919524,0.0517107886682705,0.0898046854789948,0.0771920495547255,-0.0126126359242692,0.0035684981661616,0.0030673197707788,-0.0005011783953828,0.0033179089684702,True,Editorial & miscellaneous records,"Business, economics & policy"
18,1,1962,824,4477.8157514333725,1679.1966722011566,0.0274684701147421,0.0092472850552978,0.0333441212908291,0.0138040224219828,-0.0195400988688462,0.0013249691265432,0.0005485195837584,-0.0007764495427847,0.0009367443551508,False,Editorial & miscellaneous records,Earth & environmental science
18,2,264,191,687.4605162143707,497.7946258783341,0.0042171205098501,0.0027413398803715,0.0051191849124141,0.0040921759141885,-0.0010270089982255,0.0002034170252337,0.0001626075762918,-4.080944894191272e-05,0.0001830123007628,False,Editorial & miscellaneous records,"Reproduction, metabolism & animal science"
18,3,735,515,1418.7876497507095,991.060227394104,0.0087033340181242,0.0054577385611824,0.0105650232401979,0.0081471204814565,-0.0024179027587414,0.0004198140203599,0.0003237357198291,-9.607830053081468e-05,0.0003717748700945,False,Editorial & miscellaneous records,Electrical & control engineering
18,4,1279,1019,2721.1173145771027,2259.010005950928,0.0166922744890167,0.0124402994679683,0.0202628403713998,0.018570442217917,-0.0016923981534827,0.0008051685535214,0.0007379190589665,-6.724949455483753e-05,0.0007715438062439,False,Editorial & miscellaneous records,Plant & microbial biology
18,5,1459,953,3442.17262339592,1756.3347265720367,0.0211154770727822,0.0096720819770565,0.0256321894043417,0.0144381443504928,-0.0111940450538489,0.0010185261536882,0.0005737171881701,-0.0004448089655181,0.0007961216709291,False,Editorial & miscellaneous records,Energy & thermal engineering
18,6,353,370,853.1210505962372,1461.0725699663162,0.005233339508232,0.0080460822514878,0.0063527785344304,0.0120109090554123,0.0056581305209818,0.0002524353649169,0.0004772680479817,0.0002248326830647,0.0003648517064493,False,Editorial & miscellaneous records,Clinical diagnostics & case reports
18,7,1556,578,3229.7694185972214,2096.221265077591,0.0198125223718388,0.0115438268179389,0.0240505257950024,0.0172322193246354,-0.0068183064703669,0.0009556768306344,0.0006847431482095,-0.0002709336824248,0.000820209989422,False,Editorial & miscellaneous records,Electrochemical materials
18,8,4211,4305,8951.18121266365,8393.73375093937,0.0549096406106006,0.0462240367422026,0.0666551034297707,0.0690016189409415,0.0023465155111708,0.0026486214286679,0.0027418630702796,9.324164161169172e-05,0.0026952422494738,True,Editorial & miscellaneous records,Humanities & politics
18,9,477,264,1251.5876228809357,825.0744323730469,0.0076776712405107,0.0045436598310966,0.0093199657645769,0.0067826158500854,-0.0025373499144914,0.000370340150541,0.0002695154723131,-0.0001008246782278,0.0003199278114271,False,Editorial & miscellaneous records,Cell & neural biology
18,10,4933,2682,9771.4938839674,5535.161275267601,0.0599417221760912,0.030481964969803,0.0727635738820443,0.0455024069651872,-0.027261166916857,0.0028913489154435,0.0018080933633378,-0.0010832555521057,0.0023497211393907,True,Editorial & miscellaneous records,Social behavior & violence
18,11,1901,741,4018.767699122429,1676.5905485153198,0.0246525106367092,0.0092329332113409,0.0299258131727081,0.0137825984932737,-0.0161432146794343,0.0011891385049467,0.0005476682779507,-0.000641470226996,0.0008684033914487,False,Editorial & miscellaneous records,Mental health & cognition
18,12,5269,2944,10512.448375344276,5711.157263875008,0.064486993226213,0.0314511695318322,0.0782811024725288,0.0469492015027985,-0.0313319009697302,0.0031105946101628,0.0018655835001468,-0.001245011110016,0.0024880890551548,True,Editorial & miscellaneous records,Computing & networks
18,13,614,241,1225.144336104393,581.2841347455978,0.0075154589761217,0.0032011140690676,0.0091230554380806,0.004778510678593,-0.0043445447594875,0.0003625156797436,0.0001898799211042,-0.0001726357586393,0.0002761978004239,False,Editorial & miscellaneous records,Marine ecology & paleoscience
18,14,487,318,1278.3893166780472,1169.3464407920835,0.0078420820974904,0.0064395553215502,0.0095195449742584,0.0096127420658835,9.31970916251048e-05,0.0003782706726508,0.0003819739721922,3.703299541465174e-06,0.0003801223224215,False,Editorial & miscellaneous records,Immune & inflammatory disease
18,15,442,944,1011.5141072273254,2677.528166770935,0.0062049772852131,0.0147450662638961,0.0075322547757745,0.0220109171614467,0.0144786623856721,0.0002993032848013,0.0008746305062727,0.0005753272214714,0.000586966895537,False,Editorial & miscellaneous records,Cardiovascular medicine
18,16,3070,1915,6656.657454133034,4222.049777626991,0.0408342384977314,0.0232506998481572,0.0495688982895428,0.0347078283097675,-0.0148610699797753,0.0019696803312813,0.0013791576799612,-0.0005905226513201,0.0016744190056213,True,Editorial & miscellaneous records,Public health & care delivery
18,17,428,464,1098.2325038909912,1167.6931643486023,0.0067369379149893,0.0064304507784069,0.0081780046004684,0.0095991511235756,0.0014211465231072,0.0003249629377796,0.0003814339196054,5.6470981825789866e-05,0.0003531984286925,False,Editorial & miscellaneous records,Surgical specialties
18,18,4088,3623,11062.222413539886,6898.460438609123,0.0678594972720088,0.0379896120416273,0.0823750029878135,0.0567095588909757,-0.0256654440968377,0.0032732707155723,0.0022534231463192,-0.001019847569253,0.0027633469309457,False,Editorial & miscellaneous records,Editorial & miscellaneous records
18,19,388,633,837.7762475013733,6002.425804018974,0.0051392091802718,0.0330551765328829,0.006238513230992,0.0493436068309696,0.0431050935999776,0.0002478948944103,0.001960728101757,0.0017128332073466,0.0011043114980836,False,Editorial & miscellaneous records,Synthetic chemistry
18,20,1211,481,2573.2132477760315,1029.2646217346191,0.0157849798024335,0.0056681290000634,0.0191614705481231,0.0084611839409817,-0.0107002866071413,0.0007614042869503,0.0003362154125467,-0.0004251888744036,0.0005488098497485,False,Editorial & miscellaneous records,Civil & structural engineering
18,21,513,304,1150.785927772522,800.9876729249954,0.0070593187884889,0.0044110147786368,0.0085693444494993,0.0065846079734631,-0.0019847364760362,0.0003405133016183,0.0002616473890295,-7.886591258878114e-05,0.0003010803453239,False,Editorial & miscellaneous records,Metallurgy & alloys
18,22,1311,6141,3410.72444832325,9435.689527869225,0.0209225630930432,0.0519620555483347,0.0253980101030467,0.0775671319303165,0.0521691218272697,0.0010092207549468,0.00308222412418,0.0020730033692331,0.0020457224395634,True,Editorial & miscellaneous records,Mathematics & theoretical physics
18,23,1184,873,2058.309004664421,1848.3884966373444,0.0126263791366205,0.0101790192919649,0.0153272284782076,0.0151948825736241,-0.0001323459045834,0.000609046024994,0.0006037870998579,-5.258925136099411e-06,0.000606416562426,False,Editorial & miscellaneous records,Ecology & taxonomy
18,24,3880,10123,9438.409566521645,22754.502464175224,0.0578984678022328,0.1253083537271915,0.0702832565805946,0.187055910374572,0.1167726537939773,0.0027927904973108,0.0074328936133014,0.0046401031159906,0.0051128420553061,True,Editorial & miscellaneous records,"Astronomy, optics & imaging"
18,25,486,325,1229.8779954910278,615.3968633413315,0.0075444968795579,0.0033889718290078,0.0091583047027889,0.0050589381462066,-0.0040993665565823,0.0003639163520559,0.0002010230468619,-0.000162893305194,0.0002824696994589,False,Editorial & miscellaneous records,Orthopaedics & sports medicine
18,26,2480,887,5443.673330307007,1878.8854032754896,0.0333933744683648,0.0103469648302431,0.0405363940522351,0.0154455857759371,-0.025090808276298,0.0016107628133951,0.0006137490958599,-0.0009970137175351,0.0011122559546275,False,Editorial & miscellaneous records,"Climate, land & agriculture"
18,27,531,323,1308.6283304691317,915.8008624315262,0.0080275786638362,0.0050432875249156,0.0097447202381674,0.007528442527524,-0.0022162777106434,0.0003872182850391,0.0002991518004904,-8.806648454869336e-05,0.0003431850427648,False,Editorial & miscellaneous records,Oncology
18,28,5899,5338,13786.353259205818,10911.281217336656,0.0845702578027138,0.0600880941497853,0.1026602836630841,0.0896973970173711,-0.012962886645713,0.0040793309618019,0.0035642349289317,-0.0005150960328702,0.0038217829453668,True,Editorial & miscellaneous records,Education & language
18,29,766,321,1113.249855875969,1346.202754020691,0.0068290595446187,0.0074134976651293,0.0082898315343689,0.0110666089974305,0.0027767774630615,0.0003294065167134,0.0004397451391575,0.000110338622444,0.0003845758279355,False,Editorial & miscellaneous records,Electronic & magnetic materials
18,30,1220,935,3587.4033821821213,2979.156355857849,0.0220063727636518,0.0164061235369216,0.0267136523999051,0.0244904851323621,-0.0022231672675429,0.0010614993983007,0.0009731591488473,-8.83402494533922e-05,0.001017329273574,False,Editorial & miscellaneous records,Drug discovery & pharmaceutics
18,31,1250,795,2624.7609403133392,2138.6470843553543,0.0161011911721156,0.011777464515691,0.0195453212038085,0.0175809854759008,-0.0019643357279077,0.0007766570586024,0.0006986017944992,-7.805526410316474e-05,0.0007376294265508,False,Editorial & miscellaneous records,Chronic & infectious disease
19,0,55,56,220.1513296365738,92.45280361175536,0.0035352825247828,0.0008899907340688,0.0004183537910079,0.0002142875949718,-0.000204066196036,7.683627850851444e-06,3.935678768085181e-06,-3.7479490827662634e-06,5.809653309468313e-06,False,Synthetic chemistry,"Business, economics & policy"
19,1,1267,2104,5338.266087889671,3712.853569507599,0.0857241191516394,0.0357415367055043,0.0101443123644282,0.0086056715514392,-0.001538640812989,0.0001863138871606,0.0001580546872746,-2.8259199885954022e-05,0.0001721842872176,False,Synthetic chemistry,Earth & environmental science
19,2,55,118,121.78073000907898,165.2039054632187,0.00195560611588,0.0015903243530795,0.0002314200425457,0.000382910481875,0.0001514904393292,4.250339120547053e-06,7.032663994341754e-06,2.782324873794701e-06,5.641501557444403e-06,False,Synthetic chemistry,"Reproduction, metabolism & animal science"
19,3,357,123,911.6793959140778,266.11588859558105,0.0146401306860161,0.0025617468133595,0.0017324652642074,0.0006168048076769,-0.0011156604565305,3.181904560402476e-05,1.13284466417477e-05,-2.0490598962277056e-05,2.1573746122886228e-05,False,Synthetic chemistry,Electrical & control engineering
19,4,5581,9003,16264.864089012146,14377.278447151184,0.2611880195171934,0.1384019099391144,0.0309081374302827,0.0333237316806378,0.0024155942503551,0.0005676693523084,0.000612034976948,4.436562463953962e-05,0.0005898521646282,False,Synthetic chemistry,Plant & microbial biology
19,5,2762,4447,13016.146976351738,7742.468713283539,0.2090187555145132,0.0745323575321453,0.0247345970649467,0.0179455347474554,-0.0067890623174913,0.0004542840126533,0.0003295937877167,-0.0001246902249365,0.000391938900185,False,Synthetic chemistry,Energy & thermal engineering
19,6,28,18,108.34647572040558,27.105639100074768,0.0017398732175203,0.000260930622952,0.0002058909157387,6.282559301632474e-05,-0.0001430653227224,3.781462504728864e-06,1.1538761847561703e-06,-2.627586319972693e-06,2.467669344742517e-06,False,Synthetic chemistry,Clinical diagnostics & case reports
19,7,28736,52199,113372.68130075932,82570.14401912689,1.820586137962481,0.7948559720952826,0.2154422192098585,0.1913815145362382,-0.0240607046736203,0.0039568849890947,0.0035149779130385,-0.0004419070760562,0.0037359314510666,True,Synthetic chemistry,Electrochemical materials
19,8,49,67,140.95488691329956,113.7351461648941,0.0022635127814579,0.0010948637820633,0.0002678567120108,0.0002636159205922,-4.24079141859193e-06,4.919547370386255e-06,4.841659554489952e-06,-7.788781589630326e-08,4.880603462438104e-06,False,Synthetic chemistry,Humanities & politics
19,9,464,874,1155.2830986976624,1294.6208003759384,0.0185520212698472,0.0124625805974035,0.0021953856232683,0.0030006789072412,0.0008052932839729,4.032119818410861e-05,5.511148821573615e-05,1.4790290031627538e-05,4.771634319992238e-05,False,Synthetic chemistry,Cell & neural biology
19,10,8,14,25.905044198036197,22.09721553325653,0.0004159940810179,0.0002127173682683,4.922738129434193e-05,5.1217042503991525e-05,1.989661209649598e-06,9.04126808619107e-07,9.406696023329883e-07,3.6542793713881494e-08,9.223982054760478e-07,False,Synthetic chemistry,Social behavior & violence
19,11,111,138,267.2245570421219,188.99809432029724,0.0042912041833378,0.0018193775216174,0.0005078070919377,0.0004380607780834,-6.974631385431947e-05,9.326557565242976e-06,8.045573070434997e-06,-1.2809844948079805e-06,8.686065317838987e-06,False,Synthetic chemistry,Mental health & cognition
19,12,428,287,1139.2083917856216,503.9893040657044,0.0182938868741524,0.004851619347012,0.0021648388417108,0.0011681490624482,-0.0009966897792626,3.976016561652192e-05,2.1454622530248635e-05,-1.8305543086273284e-05,3.060739407338528e-05,False,Synthetic chemistry,Computing & networks
19,13,105,61,246.05347526073456,105.88002181053162,0.003951230059284,0.0010192469525326,0.0004675756641394,0.0002454092720067,-0.0002221663921326,8.587653494680886e-06,4.507270061317217e-06,-4.080383433363669e-06,6.547461777999052e-06,False,Synthetic chemistry,Marine ecology & paleoscience
19,14,89,181,213.34236586093903,313.4340378046036,0.0034259413244021,0.0030172518137938,0.0004054147103624,0.0007264790630419,0.0003210643526794,7.445984299989081e-06,1.3342761274855892e-05,5.896776974866811e-06,1.0394372787422484e-05,False,Synthetic chemistry,Immune & inflammatory disease
19,15,21,58,74.40795850753784,112.78178000450134,0.0011948742524095,0.0010856862664469,0.0001413975176719,0.0002614062034862,0.0001200086858143,2.5969548458204538e-06,4.801075139425316e-06,2.204120293604862e-06,3.699014992622885e-06,False,Synthetic chemistry,Cardiovascular medicine
19,16,45,119,139.75708901882172,212.93760788440704,0.0022442780397392,0.0020498296487335,0.0002655805354788,0.0004935479086629,0.0002279673731841,4.877742338924968e-06,9.064668561018633e-06,4.186926222093663e-06,6.971205449971799e-06,False,Synthetic chemistry,Public health & care delivery
19,17,114,155,300.39853274822235,278.0341337919235,0.0048239258197911,0.0026764770040809,0.0005708476310176,0.0006444289791421,7.358134812449513e-05,1.0484381522425733e-05,1.1835801559496396e-05,1.3514200370706646e-06,1.1160091540961063e-05,False,Synthetic chemistry,Surgical specialties
19,18,256,250,735.724888920784,436.1450086832047,0.0118145793038961,0.0041985207724851,0.0013980987392944,0.001010899197413,-0.0003871995418814,2.567795641483684e-05,1.8566518087316925e-05,-7.111438327519917e-06,2.2122237251076884e-05,False,Synthetic chemistry,Editorial & miscellaneous records
19,19,113877,180294,338957.70886051655,282561.00541603565,5.443125266393835,2.720054631177066,0.6441216717938709,0.6549213860263645,0.0107997142324935,0.0118301574483372,0.012028508668863,0.0001983512205258,0.0119293330586001,False,Synthetic chemistry,Synthetic chemistry
19,20,225,207,628.43610227108,341.71085345745087,0.0100916909017502,0.0032894566895452,0.0011942177511503,0.0007920192152384,-0.0004021985359118,2.1933408923133797e-05,1.454649397571927e-05,-7.386914947414524e-06,1.823995144942653e-05,False,Synthetic chemistry,Civil & structural engineering
19,21,1251,2074,4466.981814622879,3821.3959587812415,0.0717326703128651,0.0367864127604578,0.0084886099920262,0.0088572516727693,0.000368641680743,0.0001559046949057,0.000162675293251,6.770598345285256e-06,0.0001592899940783,False,Synthetic chemistry,Metallurgy & alloys
19,22,399,158,1007.069983959198,437.8053529262543,0.0161719528171901,0.004214503965357,0.0019137360936911,0.0010147475520412,-0.0008989885416499,3.514832724053601e-05,1.8637198275800168e-05,-1.651112896473584e-05,2.689276275816809e-05,False,Synthetic chemistry,Mathematics & theoretical physics
19,23,180,223,485.4331277608872,360.73926067352295,0.0077952890693723,0.0034726323796791,0.0009224690562389,0.0008361233576677,-8.63456985711838e-05,1.6942380072592723e-05,1.5356525638850487e-05,-1.5858544337422369e-06,1.6149452855721605e-05,False,Synthetic chemistry,Ecology & taxonomy
19,24,593,1266,1856.1434210538864,3014.7415286302567,0.0298067307191607,0.0290212078084826,0.0035272311919904,0.00698758378756,0.0034603525955696,6.478232636036273e-05,0.0001283363376985,6.355401133817435e-05,9.655933202944992e-05,False,Synthetic chemistry,"Astronomy, optics & imaging"
19,25,20,16,72.4394919872284,29.00092101097107,0.0011632637901817,0.0002791754275794,0.0001376568387825,6.721848740798823e-05,-7.043835137455476e-05,2.528252266536074e-06,1.2345575755290737e-06,-1.2936946910070004e-06,1.8814049210325736e-06,False,Synthetic chemistry,Orthopaedics & sports medicine
19,26,161,126,416.8193234205246,263.02216815948486,0.0066934597783851,0.0025319653203776,0.0007920821755026,0.0006096341661618,-0.0001824480093407,1.4547650325319386e-05,1.1196748203635796e-05,-3.3509021216835903e-06,1.287219926447759e-05,False,Synthetic chemistry,"Climate, land & agriculture"
19,27,102,246,255.2330061197281,359.0316345691681,0.0040986388216343,0.0034561940311298,0.0004850195357747,0.0008321654128924,0.0003471458771176,8.908033567253454e-06,1.5283832680495646e-05,6.375799113242193e-06,1.2095933123874553e-05,False,Synthetic chemistry,Oncology
19,28,90,181,203.08832812309265,292.3096544742584,0.0032612776792498,0.0028138993496989,0.0003859289522348,0.0006775168561397,0.0002915879039049,7.088102246420466e-06,1.2443504749209967e-05,5.355402502789503e-06,9.765803497815218e-06,False,Synthetic chemistry,Education & language
19,29,4285,6432,13523.655213952065,11138.208178162577,0.2171685359702281,0.1072212165065647,0.0256990154744033,0.0258161975575927,0.0001171820831894,0.0004719968487983,0.0004741490547479,2.1522059495296224e-06,0.0004730729517731,False,Synthetic chemistry,Electronic & magnetic materials
19,30,3521,10494,10408.099254012108,16161.067114830015,0.1671376296916175,0.1555734323132545,0.0197785213802279,0.0374582064461641,0.0176796850659361,0.0003632590429254,0.0006879701450757,0.0003247111021502,0.0005256145940005,False,Synthetic chemistry,Drug discovery & pharmaceutics
19,31,60,82,159.13964867591858,126.31610536575316,0.0025555313242614,0.0012159735448508,0.0003024132329027,0.0002927761340662,-9.637098836470424e-06,5.55422417279765e-06,5.377225941604589e-06,-1.7699823119306104e-07,5.46572505720112e-06,False,Synthetic chemistry,Chronic & infectious disease
20,0,740,1047,2154.4165048599243,2261.5089815855026,0.0185103535209728,0.0167050896080747,0.0029537412071426,0.0019469601211139,-0.0010067810860287,8.449456080467453e-05,5.569463565051992e-05,-2.8799925154154613e-05,7.009459822759722e-05,False,Civil & structural engineering,"Business, economics & policy"
20,1,7144,7430,23333.106768012047,19512.157935738564,0.2004737960576427,0.144130467496486,0.0319900812103265,0.0167982500565291,-0.0151918311537973,0.0009151065284379,0.0004805298302306,-0.0004345766982072,0.0006978181793342,False,Civil & structural engineering,Earth & environmental science
20,2,24,22,68.65569293498993,61.55672931671143,0.0005898771869725,0.0004547011254824,9.412810794456812e-05,5.299492424824193e-05,-4.113318369632618e-05,2.6926235517582718e-06,1.5159699293912804e-06,-1.176653622366991e-06,2.104296740574776e-06,False,Civil & structural engineering,"Reproduction, metabolism & animal science"
20,3,7330,10594,27451.11507022381,19009.786397218704,0.2358549720300191,0.1404195993832685,0.0376359397461111,0.0163657523926042,-0.0212701873535068,0.0010766116515654,0.0004681578255086,-0.0006084538260568,0.000772384738537,False,Civil & structural engineering,Electrical & control engineering
20,4,559,1102,1495.4271321296692,2717.340670824051,0.0128484370678243,0.0200721817916271,0.0020502557107627,0.0023393910723566,0.0002891353615938,5.864950368680255e-05,6.692049416216878e-05,8.270990475366229e-06,6.278499892448566e-05,False,Civil & structural engineering,Plant & microbial biology
20,5,12438,23702,41502.1177277565,44490.29024100304,0.3565786231570653,0.3286364508020469,0.0569001003471848,0.0383022227996146,-0.0185978775475701,0.0016276811851191,0.0010956713084647,-0.0005320098766544,0.0013616762467919,False,Civil & structural engineering,Energy & thermal engineering
20,6,19,58,74.86172449588776,105.40867352485655,0.0006431982778087,0.000778622305301,0.000102636681432,9.07475873160291e-05,-1.1889094116024308e-05,2.9360193435632103e-06,2.595920561967281e-06,-3.4009878159592924e-07,2.7659699527652457e-06,False,Civil & structural engineering,Clinical diagnostics & case reports
20,7,7843,19619,25666.1503739357,44308.68988323212,0.2205188810391561,0.3272950233418319,0.0351887231727011,0.0381458808803744,0.0029571577076733,0.001006606706967,0.0010911990000006,8.459229303359357e-05,0.0010489028534838,False,Civil & structural engineering,Electrochemical materials
20,8,205,324,628.744255065918,760.1054792404175,0.0054020559206157,0.005614671551469,0.0008620189321577,0.0006543838949884,-0.0002076350371693,2.465886683026089e-05,1.8719270216021615e-05,-5.939596614239276e-06,2.1689068523141254e-05,False,Civil & structural engineering,Humanities & politics
20,9,342,207,958.2951480150224,348.18338441848755,0.0082334970639042,0.002571926392561,0.0013138387405182,0.0002997552385673,-0.0010140835019509,3.758359976825578e-05,8.574782100205164e-06,-2.9008817668050612e-05,2.3079190934230476e-05,False,Civil & structural engineering,Cell & neural biology
20,10,51,52,175.27502489089966,107.31472742557526,0.0015059310336739,0.0007927017546724,0.0002403050025077,9.238853190816213e-05,-0.0001479164705996,6.874151871180483e-06,2.6428613339894886e-06,-4.231290537190994e-06,4.758506602584986e-06,False,Civil & structural engineering,Social behavior & violence
20,11,117,76,342.2488864660263,126.2212371826172,0.0029405399867456,0.0009323584804423,0.0004692289707087,0.0001086653722064,-0.0003605635985023,1.3422738492117154e-05,3.108475744949385e-06,-1.0314262747167768e-05,8.265607118533269e-06,False,Civil & structural engineering,Mental health & cognition
20,12,9129,16801,34141.443120479584,33971.477007865906,0.2933370499393543,0.2509371274471751,0.0468084918532663,0.0292464507230405,-0.0175620411302258,0.0013390011797603,0.0008366223834922,-0.0005023787962681,0.0010878117816263,False,Civil & structural engineering,Computing & networks
20,13,1125,992,4792.769611477852,1918.6209869384768,0.0411786020265375,0.0141722786739807,0.0065709676220122,0.0016517637469131,-0.004919203875099,0.000187968743484,4.72502641771796e-05,-0.0001407184793068,0.0001176095038306,False,Civil & structural engineering,Marine ecology & paleoscience
20,14,14,21,42.39948296546936,38.5948474407196,0.0003642886215487,0.0002850885803049,5.813040315748671e-05,3.322676560624417e-05,-2.490363755124254e-05,1.6628751605973894e-06,9.504830552082469e-07,-7.123921053891425e-07,1.3066791079028182e-06,False,Civil & structural engineering,Immune & inflammatory disease
20,15,317,336,999.5939211845398,574.3835002183914,0.0085883285877186,0.0042427989093463,0.0013704600520613,0.0004944936227345,-0.0008759664293267,3.920330593596226e-05,1.4145457757990409e-05,-2.505784817797185e-05,2.6674381846976336e-05,False,Civil & structural engineering,Cardiovascular medicine
20,16,194,238,894.2067416906357,419.6636120080948,0.0076828611701557,0.003099929428062,0.0012259724592149,0.0003612934211252,-0.0008646790380897,3.5070101689850254e-05,1.0335140013543348e-05,-2.4734961676306904e-05,2.27026208516968e-05,False,Civil & structural engineering,Public health & care delivery
20,17,1135,1942,3519.9564814567566,3799.4461065530777,0.0302428238473046,0.0280653705945144,0.0048259194464831,0.0032709885797554,-0.0015549308667277,0.0001380499900002,9.356972194287068e-05,-4.4480268057365416e-05,0.0001158098559715,False,Civil & structural engineering,Surgical specialties
20,18,540,511,1406.1231762170792,967.2542610168456,0.0120811537727722,0.0071448175689978,0.0019278184875309,0.0008327207579149,-0.0010950977296159,5.514707111820091e-05,2.3820764846566397e-05,-3.132630627163451e-05,3.948391798238365e-05,False,Civil & structural engineering,Editorial & miscellaneous records
20,19,170,235,403.1138468980789,481.5700882673264,0.0034634806215281,0.0035572140294725,0.0005526758535625,0.0004145894466978,-0.0001380864068646,1.580981549811816e-05,1.1859723231094062e-05,-3.950092267024097e-06,1.383476936460611e-05,False,Civil & structural engineering,Synthetic chemistry
20,20,119912,379568,423234.9087082148,767404.427945137,3.636357113368432,5.66858669978367,0.5802621671959404,0.6606676471954346,0.0804054799994942,0.0165989480900454,0.0188990228909175,0.002300074800872,0.0177489854904815,False,Civil & structural engineering,Civil & structural engineering
20,21,15802,59465,46613.78468120098,150342.9713933468,0.4004971329606669,1.1105385074833185,0.0639082815802561,0.1294320615907548,0.0655237800104986,0.0018281568374532,0.0037025265354014,0.0018743696979482,0.0027653416864273,True,Civil & structural engineering,Metallurgy & alloys
20,22,3667,5007,12214.423046588898,8587.45381963253,0.1049440942069738,0.063432949738538,0.0167461791129048,0.007393041665928,-0.0093531374469768,0.0004790402916408,0.0002114849490072,-0.0002675553426336,0.000345262620324,False,Civil & structural engineering,Mathematics & theoretical physics
20,23,292,272,725.1254224777222,444.7545057535172,0.0062301453255809,0.0032852683463581,0.0009941591312021,0.0003828944715403,-0.0006112646596618,2.843886219881276e-05,1.0953058490399227e-05,-1.7485803708413528e-05,1.9695960344605996e-05,False,Civil & structural engineering,Ecology & taxonomy
20,24,9760,12218,35834.194925904274,25073.29911994934,0.3078808645968238,0.1852089520666716,0.0491292830047773,0.0215859029916733,-0.027543380013104,0.0014053896055954,0.0006174851704825,-0.0007879044351129,0.0010114373880389,False,Civil & structural engineering,"Astronomy, optics & imaging"
20,25,953,1427,3487.138301253319,2498.477089524269,0.0299608560309096,0.0184555020581716,0.0047809251703106,0.0021509687984569,-0.0026299563718536,0.0001367628861758,6.153049681220759e-05,-7.523238936365521e-05,9.91466914940352e-05,False,Civil & structural engineering,Orthopaedics & sports medicine
20,26,5826,8267,20566.387889146805,16784.641091942787,0.1767026522581873,0.1239831173625068,0.0281968631660676,0.0144500981951936,-0.0137467649708739,0.0008065979387514,0.000413358725414,-0.0003932392133374,0.0006099783320827,False,Civil & structural engineering,"Climate, land & agriculture"
20,27,116,197,365.19678342342377,409.5598797798157,0.0031377041303948,0.0030252961837885,0.0005006909227999,0.0003525949972484,-0.0001480959255514,1.4322737387610344e-05,1.0086313371798196e-05,-4.236424015812148e-06,1.2204525379704269e-05,False,Civil & structural engineering,Oncology
20,28,352,379,972.0534036159517,760.6050279140472,0.0083517054857347,0.0056183615679246,0.0013327015399886,0.0006548139624142,-0.0006778875775743,3.8123187987068905e-05,1.8731572701483338e-05,-1.9391615285585568e-05,2.842738034427612e-05,False,Civil & structural engineering,Education & language
20,29,4480,6454,14307.517979502678,12138.008852481842,0.1229275839703471,0.08965983650534,0.0196158474151401,0.0104497569445609,-0.0091660904705791,0.0005611298674866,0.0002989251805172,-0.0002622046869694,0.0004300275240019,False,Civil & structural engineering,Electronic & magnetic materials
20,30,222,352,672.8482041358948,919.2828979492188,0.0057809890039423,0.006790467475679,0.0009224861869675,0.0007914216378987,-0.0001310645490687,2.6388589842507182e-05,2.263936445883184e-05,-3.74922538367534e-06,2.4513977150669512e-05,False,Civil & structural engineering,Drug discovery & pharmaceutics
20,31,104,126,342.0684336423874,215.90780794620517,0.0029389895690098,0.0015948463208382,0.0004689815668572,0.0001858776132799,-0.0002831039535772,1.3415661270955444e-05,5.317204926259405e-06,-8.09845634469604e-06,9.366433098607424e-06,False,Civil & structural engineering,Chronic & infectious disease
21,0,216,304,574.0202063322067,702.8044837713242,0.0069651228322893,0.0061804856819129,0.0010312677604167,0.0008171598556662,-0.0002141079047504,2.3722312788751396e-05,1.879717609585017e-05,-4.925136692901218e-06,2.1259744442300784e-05,False,Metallurgy & alloys,"Business, economics & policy"
21,1,2805,7725,10933.967683315275,19086.827463388443,0.1326720333508574,0.1678501867512254,0.0196436436223914,0.0221925009519212,0.0025488573295297,0.0004518638865747,0.0005104954012461,5.863151467139178e-05,0.0004811796439104,False,Metallurgy & alloys,Earth & environmental science
21,2,20,30,52.95378863811493,91.640939950943,0.0006425377333948,0.0008058934317045,9.513521372940184e-05,0.0001065521051624,1.1416891433035351e-05,2.1884009022075965e-06,2.4510243255755847e-06,2.6262342336798815e-07,2.3197126138915906e-06,False,Metallurgy & alloys,"Reproduction, metabolism & animal science"
21,3,1521,2552,5225.070317864418,4569.759754419327,0.0634006541404092,0.0401866171661483,0.0093872071144573,0.0053133187217483,-0.004073888392709,0.000215934475923,0.0001222225822445,-9.371189367856766e-05,0.0001690785290837,False,Metallurgy & alloys,Electrical & control engineering
21,4,881,1540,2927.772113800049,3178.1507165431976,0.0355253912190102,0.0279487616430003,0.0052599489660852,0.003695276909561,-0.0015646720565242,0.0001209949146242,8.500267152173286e-05,-3.599224310249776e-05,0.0001029987930729,False,Metallurgy & alloys,Plant & microbial biology
21,5,7455,14888,27403.32408547401,30036.19032466412,0.3325101035866607,0.2641392428867905,0.049232003239352,0.0349234666500128,-0.0143085365893391,0.0011324866585461,0.0008033465520189,-0.0003291401065271,0.0009679166052825,False,Metallurgy & alloys,Energy & thermal engineering
21,6,13,25,56.86050844192505,39.86781454086304,0.0006899416104791,0.0003505988687162,0.0001021539112215,4.635482318086884e-05,-5.579908804072425e-05,2.3498524123489622e-06,1.066302716880697e-06,-1.2835496954682653e-06,1.7080775646148296e-06,False,Metallurgy & alloys,Clinical diagnostics & case reports
21,7,22136,45759,74130.75507426262,88306.43815815449,0.8994976292590185,0.776569713568858,0.1331811265877155,0.1026750368359912,-0.0305060897517242,0.003063573267524,0.002361839895427,-0.0007017333720969,0.0027127065814755,True,Metallurgy & alloys,Electrochemical materials
21,8,79,138,276.32266306877136,313.35989463329315,0.0033528807320511,0.0027556971914495,0.0004964331407706,0.0003643475990592,-0.0001320855417114,1.141948065874275e-05,8.381109194396694e-06,-3.038371464346056e-06,9.90029492656972e-06,False,Metallurgy & alloys,Humanities & politics
21,9,151,141,402.68411695957184,209.02842223644257,0.0048861421711209,0.0018382028011727,0.0007234503992564,0.0002430400478214,-0.000480410351435,1.6641571972901366e-05,5.590664477169991e-06,-1.1050907495731376e-05,1.1116118225035678e-05,False,Metallurgy & alloys,Cell & neural biology
21,10,20,7,41.930788397789,13.831929087638857,0.0005087853849456,0.0001216384380769,7.533161684289234e-05,1.6082562701063865e-05,-5.924905414182848e-05,1.7328576013152254e-06,3.699481332424993e-07,-1.3629094680727262e-06,1.0514028672788624e-06,False,Metallurgy & alloys,Social behavior & violence
21,11,25,28,34.85251247882843,41.89903223514557,0.0004228980578576,0.0003684614637427,6.261499524310564e-05,4.871654624356172e-05,-1.389844899954392e-05,1.4403364086771185e-06,1.1206295710344318e-06,-3.197068376426867e-07,1.280482989855775e-06,False,Metallurgy & alloys,Mental health & cognition
21,12,1591,2851,4921.438762426376,5781.757981538773,0.0597164091329066,0.0508449693283593,0.0088417116236815,0.0067225247231473,-0.0021191869005341,0.000203386411149,0.000154638630561,-4.8747780588021846e-05,0.000179012520855,False,Metallurgy & alloys,Computing & networks
21,13,92,180,317.4303821325302,423.2893204689026,0.0038516790486884,0.0037224201678769,0.000570286055541,0.0004921639631029,-7.812209243804129e-05,1.3118323589540622e-05,1.1321276514416238e-05,-1.797047075124384e-06,1.221980005197843e-05,False,Metallurgy & alloys,Marine ecology & paleoscience
21,14,9,28,33.32641673088074,34.56006181240082,0.0004043805140133,0.0003039223171306,5.987325666525374e-05,4.018343049107245e-05,-1.968982617418129e-05,1.3772680353358377e-06,9.243418088131316e-07,-4.529262265227059e-07,1.1508049220744846e-06,False,Metallurgy & alloys,Immune & inflammatory disease
21,15,69,111,252.09743642807007,143.37854254245758,0.0030589334505248,0.0012608756058613,0.0004529108135986,0.0001667080843037,-0.0002862027292948,1.0418334013712414e-05,3.83479584261424e-06,-6.583538171098175e-06,7.126564928163327e-06,False,Metallurgy & alloys,Cardiovascular medicine
21,16,77,114,167.39145243167877,230.73088014125824,0.0020311167000751,0.0020290549278171,0.0003007305428586,0.0002682737760895,-3.245676676912794e-05,6.9177223187324e-06,6.171117408774126e-06,-7.466049099582735e-07,6.544419863753262e-06,False,Metallurgy & alloys,Public health & care delivery
21,17,2096,4037,7847.74427652359,7124.828049778938,0.0952240047291089,0.0626559715604752,0.0140990257400275,0.0082841296480669,-0.0058148960919606,0.0003243207161701,0.0001905603202553,-0.0001337603959148,0.0002574405182127,False,Metallurgy & alloys,Surgical specialties
21,18,293,331,811.636437535286,598.1726831197739,0.00984834230613,0.0052603501951136,0.0014581620681227,0.0006955031088855,-0.0007626589592372,3.3542187591244816e-05,1.5998698813065755e-05,-1.754348877817906e-05,2.477044320215529e-05,False,Metallurgy & alloys,Editorial & miscellaneous records
21,19,1124,1606,3783.1135988235474,2806.673004984856,0.0459040476513476,0.0246819744632771,0.0067966302325652,0.0032633549737029,-0.0035332752588623,0.0001563432839413,7.506714589392879e-05,-8.12761380474258e-05,0.0001157052149176,False,Metallurgy & alloys,Synthetic chemistry
21,20,15900,51574,50526.47803795338,123894.89240849018,0.6130849087456028,1.0895357475294238,0.090774379147534,0.144054192504629,0.053279813357095,0.002088088368507,0.0033136870406429,0.0012255986721358,0.002700887704575,True,Metallurgy & alloys,Civil & structural engineering
21,21,91270,294923,304144.2171435356,519679.8275387287,3.690465610385147,4.570081448608369,0.5464165236646588,0.6042384513334976,0.0578219276688388,0.0125692513475619,0.0138993325416588,0.0013300811940969,0.0132342919446104,False,Metallurgy & alloys,Metallurgy & alloys
21,22,777,253,1969.6786370277405,476.951203584671,0.0238999489838423,0.0041943245280793,0.0035386665039674,0.0005545573280774,-0.0029841091758899,8.140015317483772e-05,1.2756514749023506e-05,-6.864363842581422e-05,4.707833396193061e-05,False,Metallurgy & alloys,Mathematics & theoretical physics
21,23,90,90,300.23878729343414,149.8166764974594,0.0036430773855129,0.001317492767029,0.0005394001436652,0.0001741937858536,-0.0003652063578115,1.2407853146842482e-05,4.00698987448985e-06,-8.400863272352631e-06,8.207421510666167e-06,False,Metallurgy & alloys,Ecology & taxonomy
21,24,2834,4035,10226.84917807579,6989.148183107376,0.1240919046521693,0.0614627983627352,0.0183732553865712,0.0081263729136886,-0.0102468824728825,0.000422641071463,0.0001869314328401,-0.0002357096386229,0.0003047862521516,False,Metallurgy & alloys,"Astronomy, optics & imaging"
21,25,131,213,386.81608295440674,338.573423743248,0.0046936005066748,0.0029774257934334,0.0006949423577097,0.0003936636951913,-0.0003012786625184,1.5985799820875038e-05,9.055469073455e-06,-6.930330747420037e-06,1.252063444716502e-05,False,Metallurgy & alloys,Orthopaedics & sports medicine
21,26,539,767,2018.6304141283035,1826.4681448936465,0.0244939265766223,0.0160620207734165,0.0036266118218883,0.0021236581156274,-0.0015029537062609,8.34231644819915e-05,4.885063221110242e-05,-3.4572532270889074e-05,6.613689834654695e-05,False,Metallurgy & alloys,"Climate, land & agriculture"
21,27,142,256,452.0028542280197,548.0015835762024,0.0054845724340607,0.004819143900141,0.000812054986984,0.000637168523082,-0.000174886463902,1.8679748502093577e-05,1.4656824913823822e-05,-4.022923588269755e-06,1.66682867079587e-05,False,Metallurgy & alloys,Oncology
21,28,95,102,256.05932462215424,255.794451713562,0.0031070067371708,0.0022494647982963,0.0004600286249924,0.0002974155146547,-0.0001626131103377,1.058206544674795e-05,6.841466530492067e-06,-3.740598916255884e-06,8.711765988620008e-06,False,Metallurgy & alloys,Education & language
21,29,13948,22086,43772.24465894699,39551.85542178154,0.5311294921874934,0.3478203138597938,0.078639922810872,0.0459874534299537,-0.0326524693809182,0.0018089587575674,0.0010578520889498,-0.0007511066686175,0.0014334054232586,True,Metallurgy & alloys,Electronic & magnetic materials
21,30,759,1299,2244.264573454857,2490.345311999321,0.0272317563908575,0.0219001783557757,0.0040319794929134,0.0028955566771464,-0.0011364228157669,9.274786079812385e-05,6.660666010258055e-05,-2.6141200695543293e-05,7.96772604503522e-05,False,Metallurgy & alloys,Drug discovery & pharmaceutics
21,31,45,61,123.89614522457124,122.66214549541472,0.0015033475484256,0.0010786949307423,0.0002225881576999,0.0001426208617379,-7.996729596198077e-05,5.120208448963342e-06,3.280716048935064e-06,-1.8394924000282785e-06,4.200462248949203e-06,False,Metallurgy & alloys,Chronic & infectious disease
22,0,1128,1108,2891.948650240898,2004.8623360395432,0.0331661081283736,0.0192379508844557,0.0048732974520347,0.0049369244016007,6.362694956605231e-05,0.0001084109106594,0.0001098263497154,1.415439055964097e-06,0.0001091186301874,False,Mathematics & theoretical physics,"Business, economics & policy"
22,1,954,668,2392.943176150322,1317.0208991765976,0.027443299215788,0.0126376673932695,0.0040324104241013,0.0032431317091862,-0.000789278714915,8.970461797833942e-05,7.214639890998424e-05,-1.7558219068355182e-05,8.092550844416183e-05,False,Mathematics & theoretical physics,Earth & environmental science
22,2,11,16,16.739426851272583,18.822194814682007,0.0001919749304366,0.000180611133679,2.8208041043893587e-05,4.634919375853544e-05,1.8141152714641847e-05,6.275133926437354e-07,1.0310797469580616e-06,4.035663543143262e-07,8.292965698008984e-07,False,Mathematics & theoretical physics,"Reproduction, metabolism & animal science"
22,3,8559,6807,23835.206174135208,14894.18543112278,0.2733523726873907,0.1429193429579522,0.0401653222672052,0.0366765668520325,-0.0034887554151726,0.000893513931127,0.0008159034106633,-7.761052046374294e-05,0.0008547086708951,False,Mathematics & theoretical physics,Electrical & control engineering
22,4,368,391,835.7369054555893,1213.8070026636124,0.0095845894673487,0.0116472632961819,0.0014083218703032,0.0029889700168249,0.0015806481465217,3.132939410408453e-05,6.649234212505756e-05,3.516294802097303e-05,4.891086811457104e-05,False,Mathematics & theoretical physics,Plant & microbial biology
22,5,7722,5849,18832.569165110588,12436.477187037468,0.2159799847113825,0.1193360426793725,0.0317352492825056,0.030624520492476,-0.0011107287900296,0.0007059793309528,0.0006812701641499,-2.4709166802969044e-05,0.0006936247475514,False,Mathematics & theoretical physics,Energy & thermal engineering
22,6,34,15,90.52436995506288,33.455068707466125,0.0010381723209132,0.000321023023407,0.0001525449566375,8.238228734716558e-05,-7.016266929039665e-05,3.3935005667843173e-06,1.8326685127311236e-06,-1.5608320540531938e-06,2.6130845397577205e-06,False,Mathematics & theoretical physics,Clinical diagnostics & case reports
22,7,3864,1883,8898.42019879818,4209.919351935387,0.1020509013742205,0.0403968992105677,0.0149949579769768,0.0103668232993984,-0.0046281346775784,0.000333576406034,0.0002306193630894,-0.0001029570429446,0.0002820978845617,False,Mathematics & theoretical physics,Electrochemical materials
22,8,384,606,832.9528249502182,1082.2845383882525,0.0095526604373946,0.010385220181077,0.0014036303442514,0.0026650991696513,0.0012614688253999,3.1225026862670535e-05,5.928754212593323e-05,2.8062515263262697e-05,4.525628449430189e-05,False,Mathematics & theoretical physics,Humanities & politics
22,9,889,202,2032.142193198204,387.4136683940888,0.023305478714578,0.003717484732271,0.003424415357949,0.0009539966703083,-0.0024704186876406,7.617921768279311e-05,2.1222519005290616e-05,-5.49566986775025e-05,4.8700868344041865e-05,False,Mathematics & theoretical physics,Cell & neural biology
22,10,138,64,339.2376347780228,131.16785728931427,0.0038905227709781,0.0012586404317096,0.0005716581105478,0.0003229976361551,-0.0002486604743926,1.2717051844329425e-05,7.1853746300299455e-06,-5.531677214299479e-06,9.951213237179686e-06,False,Mathematics & theoretical physics,Social behavior & violence
22,11,245,159,469.2180701494217,332.23592483997345,0.0053811941816692,0.0031880185932113,0.0007906915032939,0.0008181228281593,2.7431324865437247e-05,1.7589647823983026e-05,1.819988246254717e-05,6.102346385641453e-07,1.78947651432651e-05,False,Mathematics & theoretical physics,Mental health & cognition
22,12,11066,11563,27772.254650354385,23058.191078662872,0.3185041340985267,0.2212582577275587,0.0467997444607313,0.0567802308151986,0.0099804863544672,0.0010411026549385,0.0012631276031716,0.000222024948233,0.001152115129055,False,Mathematics & theoretical physics,Computing & networks
22,13,108,81,305.73190927505493,143.61845541000366,0.0035062647327662,0.0013781119738809,0.0005151967460942,0.0003536569291009,-0.0001615398169933,1.1461017711849036e-05,7.867418338861563e-06,-3.593599372987473e-06,9.664218025355298e-06,False,Mathematics & theoretical physics,Marine ecology & paleoscience
22,14,41,36,91.69681179523468,100.66325533390044,0.0010516183870604,0.0009659290451874,0.0001545206687,0.0002478808009253,9.336013222527787e-05,3.4374520690275224e-06,5.514332672653634e-06,2.0768806036261115e-06,4.475892370840578e-06,False,Mathematics & theoretical physics,Immune & inflammatory disease
22,15,115,114,218.70874345302585,270.59118843078613,0.0025082457233047,0.0025964974747749,0.0003685517590772,0.0006663241744872,0.0002977724154099,8.19876730693578e-06,1.4822984080404106e-05,6.624216773468326e-06,1.1510875693669945e-05,False,Mathematics & theoretical physics,Cardiovascular medicine
22,16,144,98,291.2655721902848,213.112255692482,0.0033403585712114,0.0020449499370547,0.0004908191473946,0.0005247837103303,3.39645629356955e-05,1.0918715974528687e-05,1.1674288404541646e-05,7.555724300129589e-07,1.1296502189535169e-05,False,Mathematics & theoretical physics,Public health & care delivery
22,17,69,66,154.86610519886017,99.9668140411377,0.001776070951335,0.0009592462405164,0.0002609688784789,0.0002461658312983,-1.4803047180595992e-05,5.805488798528989e-06,5.47618162178082e-06,-3.293071767481691e-07,5.640835210154904e-06,False,Mathematics & theoretical physics,Surgical specialties
22,18,724,623,1940.0978368520737,1067.8562849760056,0.0222498745374679,0.0102467717572108,0.0032693090329393,0.0026295699489846,-0.0006397390839546,7.2728737159317e-05,5.849716246916007e-05,-1.4231574690156931e-05,6.561294981423854e-05,False,Mathematics & theoretical physics,Editorial & miscellaneous records
22,19,376,199,974.3661561012268,510.1456711292267,0.0111744492030275,0.0048951776831166,0.0016419296053135,0.0012562212212256,-0.0003857083840878,3.6526209512713015e-05,2.7945777560934257e-05,-8.580431951778757e-06,3.223599353682363e-05,False,Mathematics & theoretical physics,Synthetic chemistry
22,20,4473,5388,11792.036019444466,9041.100710272787,0.1352361293282276,0.0867552092126367,0.0198710648209722,0.0222634890742918,0.0023924242533196,0.0004420498141593,0.0004952714560843,5.322164192499753e-05,0.0004686606351218,False,Mathematics & theoretical physics,Civil & structural engineering
22,21,939,370,1823.8577103614807,771.6629019975662,0.0209167828853316,0.00740460466593,0.0030734297899923,0.0019002009974447,-0.0011732287925475,6.83712261893459e-05,4.227169028704032e-05,-2.609953590230558e-05,5.532145823819311e-05,False,Mathematics & theoretical physics,Metallurgy & alloys
22,22,154321,143188,407768.6743220091,294674.06729853153,4.67646614084962,2.8275882746196466,0.6871415373946848,0.7256276738875148,0.03848613649283,0.0152860851516065,0.0161422440760347,0.0008561589244281,0.0157141646138206,False,Mathematics & theoretical physics,Mathematics & theoretical physics
22,23,1477,1182,3267.427806377411,2391.840221762657,0.037472264218433,0.0229512540001291,0.0055060270873758,0.0058898479677545,0.0003838208803787,0.0001224865538238,0.0001310249965479,8.538442724157782e-06,0.0001267557751859,False,Mathematics & theoretical physics,Ecology & taxonomy
22,24,13543,9345,36318.05508708954,18543.31424486637,0.4165110407234597,0.1779350942282015,0.0612004937584304,0.0456624571854024,-0.0155380365730279,0.0013614603513255,0.0010158026706028,-0.0003456576807227,0.0011886315109641,False,Mathematics & theoretical physics,"Astronomy, optics & imaging"
22,25,41,47,107.8444049358368,112.43935883045197,0.0012368059145324,0.0010789283751686,0.0001817313954541,0.0002768791673781,9.514777192398422e-05,4.042779303031333e-06,6.1594275690206085e-06,2.1166482659892755e-06,5.10110343602597e-06,False,Mathematics & theoretical physics,Orthopaedics & sports medicine
22,26,514,499,1275.2025542259216,865.7497571706772,0.0146245701131353,0.0083074288978764,0.0021488767989776,0.0021318875740361,-1.6989224941448954e-05,4.78037084674396e-05,4.742576778858115e-05,-3.7794067885844987e-07,4.761473812801037e-05,False,Mathematics & theoretical physics,"Climate, land & agriculture"
22,27,95,67,195.32765007019043,190.5446515083313,0.0022401013109791,0.0018283991778978,0.0003291516740173,0.0004692115377279,0.0001400598637106,7.322276769790081e-06,1.0438035149236207e-05,3.115758379446126e-06,8.880155959513145e-06,False,Mathematics & theoretical physics,Oncology
22,28,516,471,1168.0664409399033,1102.8756992816925,0.0133958871911886,0.0105828056884712,0.0019683389640979,0.0027158043990552,0.0007474654349572,4.378748099919376e-05,6.041552582669803e-05,1.662804482750427e-05,5.21015034129459e-05,False,Mathematics & theoretical physics,Education & language
22,29,12677,5468,35723.16030859947,14198.11065530777,0.4096885321195248,0.1362400552540938,0.0601980211840979,0.0349624997640905,-0.0252355214200073,0.0013391594419794,0.0007777724375872,-0.0005613870043921,0.0010584659397833,False,Mathematics & theoretical physics,Electronic & magnetic materials
22,30,269,154,509.70492029190063,541.9827432632446,0.005845514753022,0.0052006749828608,0.000858916941399,0.0013346192316368,0.0004757022902378,1.9107384417720345e-05,2.9689812228677836e-05,1.0582427810957488e-05,2.439859832319909e-05,False,Mathematics & theoretical physics,Drug discovery & pharmaceutics
22,31,129,65,261.50112330913544,135.92469203472135,0.0029990070987738,0.0013042853378722,0.0004406623049204,0.0003347112252165,-0.0001059510797038,9.802931637135973e-06,7.4459540159042146e-06,-2.3569776212317563e-06,8.624442826520093e-06,False,Mathematics & theoretical physics,Chronic & infectious disease
23,0,1631,1772,3620.007356286049,3495.2723737955093,0.0356467145828066,0.0240128475384854,0.0061243461619982,0.0056994545399533,-0.0004248916220448,0.0001716725069698,0.0001597623033305,-1.1910203639296302e-05,0.0001657174051502,False,Ecology & taxonomy,"Business, economics & policy"
23,1,5348,3872,13185.418428778648,7008.999791383743,0.129838644269432,0.0481524829508525,0.0223071554284018,0.0114290022091054,-0.0108781532192964,0.0006252953694098,0.0003203681518814,-0.0003049272175284,0.0004728317606456,False,Ecology & taxonomy,Earth & environmental science
23,2,4633,5327,10649.856459259989,9338.888100743294,0.1048706138378085,0.0641590331624451,0.0180174792791075,0.0152281603525217,-0.0027893189265857,0.0005050507850642,0.0004268629491386,-7.818783592553459e-05,0.0004659568671014,False,Ecology & taxonomy,"Reproduction, metabolism & animal science"
23,3,1261,501,2910.4309381246567,1105.7302631139755,0.0286594171650356,0.007596470142329,0.0049238813050235,0.0018030238259301,-0.0031208574790934,0.0001380220884476,5.05408434037389e-05,-8.748124504393405e-05,9.428146592570592e-05,False,Ecology & taxonomy,Electrical & control engineering
23,4,25759,51726,71513.86952900887,95326.73982810974,0.7042069932222578,0.6549036026475883,0.1209875144643265,0.1554415112726367,0.0344539968083101,0.0033914199770458,0.0043572053606213,0.0009657853835755,0.0038743126688335,True,Ecology & taxonomy,Plant & microbial biology
23,5,1013,533,2092.274624466896,1056.0276131629944,0.0206029184547676,0.0072550082967574,0.0035397204494486,0.0017219777832713,-0.0018177426661772,9.922245860300944e-05,4.826902908181828e-05,-5.095342952119115e-05,7.374574384241386e-05,False,Ecology & taxonomy,Energy & thermal engineering
23,6,1310,2467,3017.264611840248,4241.581043124199,0.0297114231694321,0.0291400577746878,0.0051046230370689,0.0069163989948408,0.0018117759577718,0.0001430884882613,0.0001938746640442,5.078617578287888e-05,0.0001684815761528,False,Ecology & taxonomy,Clinical diagnostics & case reports
23,7,2458,1815,5636.774535179138,3034.8843668699265,0.0555061007470742,0.0208499389475173,0.0095363227454849,0.0049487375040266,-0.0045875852414583,0.0002673141572482,0.0001387188364569,-0.0001285953207913,0.0002030164968526,False,Ecology & taxonomy,Electrochemical materials
23,8,1147,1131,2735.9977457523346,2254.035652399063,0.0269417493234312,0.0154854353764122,0.0046287743764767,0.0036754714249442,-0.0009533029515324,0.0001297498998894,0.0001030277154697,-2.6722184419758303e-05,0.0001163888076795,False,Ecology & taxonomy,Humanities & politics
23,9,6939,6355,17914.515153884888,11605.266496300696,0.1764067157131595,0.0797292643367156,0.0303078644125507,0.018923758078368,-0.0113841063341827,0.0008495644966789,0.0005304548281028,-0.0003191096685761,0.0006900096623908,False,Ecology & taxonomy,Cell & neural biology
23,10,1075,652,2234.222784638405,1231.7454179525375,0.022000701678164,0.0084622060212732,0.0037798690415335,0.002008506423433,-0.0017713626181004,0.0001059541014197,5.630075829406436e-05,-4.9653343125661605e-05,8.112742985689517e-05,False,Ecology & taxonomy,Social behavior & violence
23,11,2292,1313,5177.278748393059,2495.7325772047043,0.0509813819961239,0.0171459158154734,0.0087589455245876,0.0040695868151221,-0.0046893587094655,0.000245523374552,0.0001140752257308,-0.0001314481488212,0.0001797993001414,False,Ecology & taxonomy,Mental health & cognition
23,12,4337,2334,9647.791372418404,4584.6203598976135,0.0950031399272901,0.0314967699082378,0.0163221806609945,0.0074757651277993,-0.0088464155331952,0.0004575296038416,0.0002095543437715,-0.0002479752600701,0.0003335419738065,False,Ecology & taxonomy,Computing & networks
23,13,11485,17859,29903.979617238045,32536.040962576863,0.2944686353895685,0.223525639088287,0.0505916990691421,0.0530538586253007,0.0024621595561585,0.0014181438444738,0.0014871610248201,6.901718034626222e-05,0.001452652434647,True,Ecology & taxonomy,Marine ecology & paleoscience
23,14,1559,2161,4677.311282157898,5057.051559090614,0.0460581330036527,0.0347424163544765,0.0079130981183263,0.0082461200115111,0.0003330218931847,0.0002218132933603,0.0002311482822337,9.334988873363514e-06,0.000226480787797,False,Ecology & taxonomy,Immune & inflammatory disease
23,15,329,291,797.6441717147827,498.8419443368912,0.0078545128032356,0.003427090731174,0.0013494583134476,0.0008134207238569,-0.0005360375895906,3.782687744830219e-05,2.280112377583418e-05,-1.5025753672468008e-05,3.0314000612068184e-05,False,Ecology & taxonomy,Cardiovascular medicine
23,16,1778,2193,4486.10996234417,4039.505437850952,0.0441753470851598,0.0277517794999952,0.0075896227897094,0.0065868908470572,-0.0010027319426521,0.0002127459057343,0.0001846381695188,-2.8107736215502685e-05,0.0001986920376266,False,Ecology & taxonomy,Public health & care delivery
23,17,708,571,2033.7901312112808,1041.1916588544846,0.0200270135370655,0.0071530839055229,0.0034407760975305,0.0016977860070389,-0.0017429900904915,9.644893396952502e-05,4.759090561132579e-05,-4.885802835819923e-05,7.20199197904254e-05,False,Ecology & taxonomy,Surgical specialties
23,18,1027,1038,2354.1651841402054,1979.1041840314865,0.0231817911237402,0.0135966305201904,0.0039827881800192,0.0032271631851311,-0.0007556249948881,0.0001116421595886,9.046111694829272e-05,-2.1181042640348517e-05,0.0001010516382684,False,Ecology & taxonomy,Editorial & miscellaneous records
23,19,296,342,773.805421590805,611.0682293176651,0.007619769323998,0.0041980957868194,0.0013091277993189,0.0009964189400278,-0.0003127088592911,3.669636648685202e-05,2.793077544967285e-05,-8.765591037179178e-06,3.231357096826244e-05,False,Ecology & taxonomy,Synthetic chemistry
23,20,494,179,1110.7248222827911,315.74454176425934,0.0109374613980272,0.0021691944809041,0.0018791296903227,0.0005148587776779,-0.0013642709126447,5.267417881453781e-05,1.4432087076961755e-05,-3.8242091737576056e-05,3.355313294574978e-05,False,Ecology & taxonomy,Civil & structural engineering
23,21,173,99,411.382014632225,215.69253754615784,0.0040509357625007,0.0014818278707306,0.0006959781056944,0.0003517121645706,-0.0003442659411238,1.9509071342519832e-05,9.85889879940074e-06,-9.650172543119092e-06,1.4683985070960286e-05,False,Ecology & taxonomy,Metallurgy & alloys
23,22,1706,914,3679.634031534195,2089.370246052742,0.0362338667250257,0.0143541686610909,0.0062252228630012,0.003406965026184,-0.0028182578368171,0.0001745001975833,9.55011705303197e-05,-7.899902705304152e-05,0.0001350006840568,False,Ecology & taxonomy,Mathematics & theoretical physics
23,23,122874,186514,327622.5925176144,356849.06445229053,3.226145114339301,2.45158638942893,0.5542735054350008,0.5818845580443731,0.0276110526093723,0.0155369274871229,0.0163108972295487,0.0007739697424257,0.0159239123583358,False,Ecology & taxonomy,Ecology & taxonomy
23,24,1385,1179,3079.2801731824875,2203.680710911751,0.0303220990043916,0.0151394922270858,0.0052095412672573,0.0035933617438731,-0.0016161795233841,0.0001460294676127,0.0001007260861327,-4.530338148002583e-05,0.0001233777768727,False,Ecology & taxonomy,"Astronomy, optics & imaging"
23,25,445,283,835.5617791414261,495.14289247989655,0.0082278927432662,0.0034016778995604,0.001413607507264,0.0008073889827949,-0.0006062185244691,3.962505355253798e-05,2.2632047096934052e-05,-1.6993006455603926e-05,3.112855032473602e-05,False,Ecology & taxonomy,Orthopaedics & sports medicine
23,26,11831,18140,32513.576098918915,33739.09137535095,0.3201656939320716,0.231790707744921,0.0550066271684439,0.0550155744527377,8.947284293833735e-06,0.0015418993858575,0.0015421501885856,2.508027281060248e-07,0.0015420247872215,True,Ecology & taxonomy,"Climate, land & agriculture"
23,27,583,642,1381.0286959409714,1198.911296248436,0.0135991811368527,0.0082366325396608,0.0023364311066684,0.0019549665089431,-0.0003814645977253,6.549286647659153e-05,5.479997256113805e-05,-1.0692893915453478e-05,6.014641951886479e-05,False,Ecology & taxonomy,Oncology
23,28,1265,711,2560.357512235641,1649.8839622735975,0.0252121955802448,0.0113348568595947,0.0043316253698144,0.0026903307191952,-0.0016412946506192,0.0001214204695195,7.541308197242939e-05,-4.600738754716576e-05,9.841677574601228e-05,False,Ecology & taxonomy,Education & language
23,29,216,86,439.05629885196686,135.36387276649475,0.0043234482780213,0.0009299624439371,0.0007427975951777,0.0002207267865499,-0.0005220708086278,2.0821475788977667e-05,6.187227142312424e-06,-1.4634248646665245e-05,1.3504351465645045e-05,False,Ecology & taxonomy,Electronic & magnetic materials
23,30,2529,3175,6259.661838650703,6088.062609910965,0.0616397584275064,0.0418255585323087,0.0105901265339632,0.0099273053344045,-0.0006628211995586,0.0002968534963772,0.0002782738514663,-1.8579644910844037e-05,0.0002875636739218,False,Ecology & taxonomy,Drug discovery & pharmaceutics
23,31,6289,8139,15829.343085885048,15742.02943265438,0.1558737371171465,0.1081492119317152,0.0267801601028936,0.0256692387668183,-0.0011109213360752,0.0007506788643733,0.0007195384543172,-3.114041005613827e-05,0.0007351086593453,False,Ecology & taxonomy,Chronic & infectious disease
24,0,1425,1522,3708.867460131645,2922.847296476364,0.0257359820782159,0.0183781086535154,0.0034762004175103,0.0029672224544997,-0.0005089779630106,0.0001171529976832,9.999970185451156e-05,-1.715329582869519e-05,0.0001085763497688,False,"Astronomy, optics & imaging","Business, economics & policy"
24,1,3988,4677,12888.1036516428,8900.276226401329,0.0894310751641408,0.055962637436549,0.0120795989008372,0.0090354017132764,-0.0030441971875608,0.0004071000092271,0.0003045061471859,-0.0001025938620411,0.0003558030782065,False,"Astronomy, optics & imaging",Earth & environmental science
24,2,421,339,1501.756990194321,725.7851589918137,0.010420752804174,0.0045635495659115,0.0014075478114085,0.0007368041510411,-0.0006707436603673,4.743640345312583e-05,2.483136891794085e-05,-2.2605034535184985e-05,3.613388618553334e-05,False,"Astronomy, optics & imaging","Reproduction, metabolism & animal science"
24,3,15674,19392,53676.19715487957,39506.772577643394,0.3724613140949869,0.248408378999805,0.0503089476682289,0.0401065710269974,-0.0102023766412314,0.0016954845295835,0.0013516496341635,-0.0003438348954199,0.0015235670818735,True,"Astronomy, optics & imaging",Electrical & control engineering
24,4,4189,7562,11639.708564639091,12551.142296671867,0.0807684109058392,0.0789183400487767,0.0109095189318684,0.0127416958447343,0.0018321769128658,0.0003676666166059,0.0004294136368717,6.174702026585775e-05,0.0003985401267388,False,"Astronomy, optics & imaging",Plant & microbial biology
24,5,6585,11990,22075.26409780979,21146.36109006405,0.1531811549752582,0.1329628551611922,0.0206904245294151,0.0214674086918739,0.0007769841624587,0.000697297326342,0.0007234828199418,2.61854935998232e-05,0.0007103900731419,False,"Astronomy, optics & imaging",Energy & thermal engineering
24,6,1335,2423,3292.670695900917,4347.3767248392105,0.0228479758120461,0.0273351816576865,0.0030861127745472,0.0044133793276383,0.001327266553091,0.0001040064781378,0.0001487372867057,4.4730808567890255e-05,0.0001263718824218,False,"Astronomy, optics & imaging",Clinical diagnostics & case reports
24,7,9881,11689,35774.7086700201,25469.297666549683,0.2482421577697349,0.1601443634803873,0.0335304667939308,0.025855976816726,-0.0076744899772048,0.0011300253802511,0.0008713839331152,-0.0002586414471358,0.0010007046566831,False,"Astronomy, optics & imaging",Electrochemical materials
24,8,919,994,2254.401808857918,2092.007641673088,0.0156433857972928,0.0131540035598173,0.0021129772345409,0.0021237688526666,1.0791618125653104e-05,7.12103985190062e-05,7.157409170738057e-05,3.636931883743732e-07,7.139224511319338e-05,False,"Astronomy, optics & imaging",Humanities & politics
24,9,2854,4139,9756.671269655228,6266.341645240784,0.0677019385669767,0.0394011372934601,0.0091446095353008,0.0063614782954075,-0.0027831312398932,0.0003081866092376,0.0002143910484129,-9.37955608246518e-05,0.0002612888288252,False,"Astronomy, optics & imaging",Cell & neural biology
24,10,547,424,1104.0564435720444,825.0759927034378,0.0076610925438949,0.0051878646755138,0.001034796069516,0.0008376024348482,-0.0001971936346677,3.487412892649828e-05,2.822841733029488e-05,-6.645711596203401e-06,3.155127312839658e-05,False,"Astronomy, optics & imaging",Social behavior & violence
24,11,4360,3645,11629.950219035149,7936.708847641945,0.0807006973489985,0.0499039747061451,0.0109003727530343,0.0080572052929143,-0.0028431674601199,0.000367358377109,0.0002715395085562,-9.581886855274044e-05,0.0003194489428326,False,"Astronomy, optics & imaging",Mental health & cognition
24,12,31022,33346,77195.36946570873,67198.84311270714,0.5356618068579417,0.4225289640018862,0.0723527002383194,0.0682190672228435,-0.0041336330154758,0.0024383909744376,0.0022990815443351,-0.0001393094301024,0.0023687362593864,True,"Astronomy, optics & imaging",Computing & networks
24,13,1615,1943,5130.933106541634,3498.983935713768,0.0356037534082691,0.0220007069903977,0.0048090561334172,0.0035521060968528,-0.0012569500365643,0.0001620721691472,0.0001197111292084,-4.236103993882912e-05,0.0001408916491778,False,"Astronomy, optics & imaging",Marine ecology & paleoscience
24,14,339,447,881.8821865320206,781.731631398201,0.0061194163424972,0.0049153265300742,0.0008265593898868,0.0007936000121777,-3.295937770905603e-05,2.7856250692759987e-05,2.6745471843261307e-05,-1.11077884949868e-06,2.7300861268010645e-05,False,"Astronomy, optics & imaging",Immune & inflammatory disease
24,15,2985,3116,6585.4674862623215,6506.909909963608,0.0456968265986796,0.0409137683888286,0.0061723437333167,0.0066056989078857,0.000433355174569,0.0002080169392555,0.0002226216373927,1.4604698137240548e-05,0.0002153192883241,False,"Astronomy, optics & imaging",Cardiovascular medicine
24,16,1140,1347,2578.544955134392,2647.893171072006,0.0178926282663272,0.0166492681501113,0.0024167860259123,0.0026880939294342,0.0002713079035218,8.144919558386739e-05,9.059266557271512e-05,9.14346998884773e-06,8.602093057829126e-05,False,"Astronomy, optics & imaging",Public health & care delivery
24,17,2960,5956,8102.545626997948,11945.989550828934,0.056223893489293,0.0751132959301591,0.0075942515590641,0.012127355568377,0.0045331040093129,0.0002559372960267,0.0004087094782132,0.0001527721821865,0.00033232338712,False,"Astronomy, optics & imaging",Surgical specialties
24,18,1979,4246,5617.272080540657,6461.549486875534,0.0389784793194324,0.0406285537677681,0.0052648857802407,0.0065596498152441,0.0012947640350034,0.0001774342896076,0.0002210697161581,4.363542655049115e-05,0.0001992520028829,False,"Astronomy, optics & imaging",Editorial & miscellaneous records
24,19,867,1204,2703.272590637207,2179.691941142082,0.0187581183994917,0.0137053397807657,0.0025336891677126,0.002212784389881,-0.0003209047778315,8.538900107709861e-05,7.45740444639929e-05,-1.0814956613105714e-05,7.998152277054576e-05,False,"Astronomy, optics & imaging",Synthetic chemistry
24,20,11022,11842,38134.690205454826,23368.19109594822,0.2646181655817565,0.1469331482062673,0.0357424004601999,0.0237229708936655,-0.0120194295665344,0.001204570754095,0.0007994985387335,-0.0004050722153615,0.0010020346464142,False,"Astronomy, optics & imaging",Civil & structural engineering
24,21,3277,4539,10219.758487343788,8190.656168460846,0.0709153195958746,0.0515007298496332,0.0095786460698432,0.0083150080845628,-0.0012636379852803,0.0003228142701945,0.0002802278366804,-4.258643351409285e-05,0.0003015210534375,False,"Astronomy, optics & imaging",Metallurgy & alloys
24,22,22642,17184,66574.22761166096,28211.58452105522,0.4619612717635275,0.1773871547243799,0.0623978506395238,0.0286398975303321,-0.0337579531091917,0.0021028980994843,0.0009652061003494,-0.0011376919991349,0.0015340520999169,True,"Astronomy, optics & imaging",Mathematics & theoretical physics
24,23,1356,1242,3613.1889618635178,2255.599162340164,0.0250720650892245,0.0141826247762722,0.0033865240839121,0.0022898440472463,-0.0010966800366657,0.0001141307751297,7.717106672292636e-05,-3.695970840678404e-05,9.565092092631838e-05,False,"Astronomy, optics & imaging",Ecology & taxonomy
24,24,200547,332790,565859.4115706682,590420.6160825491,3.926521460126714,3.712412292876821,0.5303615575101454,0.5993844809312152,0.0690229234210698,0.0178739539887484,0.0202001266532773,0.0023261726645289,0.0190370403210129,False,"Astronomy, optics & imaging","Astronomy, optics & imaging"
24,25,3464,4105,9675.993249177933,7694.776026844978,0.0671421105031732,0.0483827636347291,0.0090689926599387,0.0078115994074427,-0.0012573932524959,0.0003056382108255,0.0002632622338667,-4.2375976958786805e-05,0.0002844502223461,False,"Astronomy, optics & imaging",Orthopaedics & sports medicine
24,26,6891,14456,21271.51795899868,32027.841644644737,0.147603927844272,0.2013827935494504,0.0199370995067926,0.0325140937098282,0.0125769942030355,0.0006719091800817,0.0010957721326629,0.0004238629525811,0.0008838406563723,False,"Astronomy, optics & imaging","Climate, land & agriculture"
24,27,5101,9851,12368.63394355774,20447.7553460598,0.0858264537423285,0.1285702027346497,0.0115927168983013,0.0207581965982586,0.0091654796999572,0.0003906913793254,0.0006995813433924,0.000308889964067,0.0005451363613589,False,"Astronomy, optics & imaging",Oncology
24,28,3864,3476,10049.31818974018,6474.0658947229385,0.069732627442088,0.0407072537065739,0.0094188979418609,0.0065723562492954,-0.0028465416925655,0.0003174305265032,0.0002214979414214,-9.593258508182472e-05,0.0002694642339623,False,"Astronomy, optics & imaging",Education & language
24,29,10920,12355,43940.4862254858,25343.03665828705,0.3049048201811612,0.1593504668812217,0.0411839835757354,0.025727798892653,-0.0154561846830824,0.001387960000272,0.0008670641511008,-0.0005208958491712,0.0011275120756864,False,"Astronomy, optics & imaging",Electronic & magnetic materials
24,30,1142,2129,3712.661334991455,3558.6672438383102,0.0257623079300962,0.0223759802121074,0.003479756292589,0.0036126955269744,0.0001329392343854,0.0001172728358325,0.0001217530809126,4.4802450800922046e-06,0.0001195129583726,False,"Astronomy, optics & imaging",Drug discovery & pharmaceutics
24,31,1227,1451,3413.891324400902,3140.507570385933,0.0236891306810516,0.0197467002211579,0.003199728913148,0.0031881872832047,-1.154162994330011e-05,0.0001078355068541,0.0001074465371793,-3.889696748199151e-07,0.0001076410220167,False,"Astronomy, optics & imaging",Chronic & infectious disease
25,0,356,587,855.3306376934052,1080.7117404937744,0.0099261324977091,0.0101869296787943,0.0024633076075709,0.0026571108959745,0.0001938032884035,5.523228111620456e-05,5.9577738286656245e-05,4.345457170451689e-06,5.74050097014304e-05,False,Orthopaedics & sports medicine,"Business, economics & policy"
25,1,180,191,517.2964606285095,342.3338862657547,0.0060032377919276,0.00322688381683,0.0014897868153911,0.0008416852201887,-0.0006481015952024,3.340399872837593e-05,1.8872265302934933e-05,-1.4531733425441e-05,2.6138132015655436e-05,False,Orthopaedics & sports medicine,Earth & environmental science
25,2,1400,1367,3730.6628024578094,2687.2488182783127,0.0432944310066268,0.0253303575000646,0.0107441142145437,0.0066070514899556,-0.004137062724588,0.0002409045199301,0.0001481433029804,-9.276121694973296e-05,0.0001945239114553,False,Orthopaedics & sports medicine,"Reproduction, metabolism & animal science"
25,3,1076,1830,3103.9777784347534,2865.442663669586,0.0360217363214953,0.0270100359047477,0.0089392940441943,0.0070451709166664,-0.0018941231275279,0.0002004368435804,0.0001579668163996,-4.247002718084814e-05,0.00017920182999,False,Orthopaedics & sports medicine,Electrical & control engineering
25,4,814,881,1834.8412091732023,1509.6762365102768,0.0212933760956176,0.0142304049107956,0.0052842469450524,0.0037117919858929,-0.0015724549591594,0.0001184833805812,8.322579680248377e-05,-3.525758377878965e-05,0.0001008545886918,False,Orthopaedics & sports medicine,Plant & microbial biology
25,5,274,291,688.8576757907867,486.2621080875397,0.0079942097951766,0.0045835699890581,0.0019838741634289,0.0011955568698722,-0.0007883172935566,4.448242483273481e-05,2.6806775136097524e-05,-1.767564969663729e-05,3.564459998441617e-05,False,Orthopaedics & sports medicine,Energy & thermal engineering
25,6,2858,5884,9009.031182169914,9623.19902074337,0.1045500222362742,0.0907095278381683,0.0259455397362233,0.0236602472371268,-0.0022852924990964,0.00058175087026,0.0005305100437571,-5.1240826502911606e-05,0.0005561304570086,False,Orthopaedics & sports medicine,Clinical diagnostics & case reports
25,7,767,894,2644.2074189186096,1576.221055269241,0.0306860903081784,0.014857665042971,0.0076151793984406,0.0038754035729331,-0.0037397758255074,0.0001707475461011,8.68942956702236e-05,-8.385325043090956e-05,0.0001288209208856,False,Orthopaedics & sports medicine,Electrochemical materials
25,8,217,317,732.8946006298065,608.8918526172638,0.008505259360667,0.0057394939392153,0.00211069820923,0.0014970626444015,-0.0006136355648285,4.732607348159072e-05,3.356713736036033e-05,-1.3758936121230393e-05,4.044660542097552e-05,False,Orthopaedics & sports medicine,Humanities & politics
25,9,5638,6390,14678.941560149193,12027.079444050789,0.1703494677158974,0.1133688179253423,0.0422745857832427,0.0295705900473859,-0.0127039957358567,0.0009478807270658,0.0006630317453043,-0.0002848489817614,0.000805456236185,False,Orthopaedics & sports medicine,Cell & neural biology
25,10,1318,2026,3713.504393219948,3490.482194662094,0.0430953072572376,0.0329017399643132,0.010694698891221,0.0085819353340272,-0.0021127635571937,0.0002397965295919,0.00019242414688,-4.737238271190289e-05,0.000216110338236,False,Orthopaedics & sports medicine,Social behavior & violence
25,11,6498,7797,18138.88069498539,14928.121400117874,0.2105021440879368,0.1407144173986902,0.0522390299607114,0.0367032877893602,-0.0155357421713511,0.0011713034860769,0.0008229610881078,-0.0003483423979691,0.0009971322870923,False,Orthopaedics & sports medicine,Mental health & cognition
25,12,2888,4174,8611.567236661911,7370.367399930954,0.0999374436470001,0.0694740434444346,0.0248008643118221,0.0181212832172471,-0.0066795810945749,0.0005560849588517,0.0004063153971372,-0.0001497695617145,0.0004812001779945,False,Orthopaedics & sports medicine,Computing & networks
25,13,243,170,571.5072774887085,337.1696052551269,0.0066323556175377,0.0031782046311364,0.0016459111393654,0.0008289879700071,-0.0008169231693583,3.690461818991668e-05,1.8587567569985947e-05,-1.8317050619930733e-05,2.7746092879951317e-05,False,Orthopaedics & sports medicine,Marine ecology & paleoscience
25,14,829,2056,2754.9098356962204,3283.316705584526,0.0319707945013013,0.0309489710713409,0.0079339965825884,0.0080725842668811,0.0001385876842926,0.0001778960647373,0.0001810034776786,3.107412941271234e-06,0.000179449771208,False,Orthopaedics & sports medicine,Immune & inflammatory disease
25,15,3030,4582,8891.459250807762,8469.92140841484,0.1031855971621771,0.0798385827963843,0.0256069387085058,0.0208247209862494,-0.0047822177222564,0.0005741587582998,0.0004669318765321,-0.0001072268817677,0.000520545317416,False,Orthopaedics & sports medicine,Cardiovascular medicine
25,16,4369,8624,14685.812635540962,13840.70709514618,0.1704292067100768,0.1304643084738066,0.0422943741218557,0.034029697515548,-0.0082646766063076,0.0009483244211776,0.000763013849225,-0.0001853105719525,0.0008556691352013,False,Orthopaedics & sports medicine,Public health & care delivery
25,17,4825,11314,14340.898953199388,19082.874570012093,0.1664264751811,0.1798776621276894,0.0413010407134342,0.0469184446199565,0.0056174039065222,0.000926051900325,0.0010520053260176,0.0001259534256926,0.0009890286131713,False,Orthopaedics & sports medicine,Surgical specialties
25,18,324,505,1080.1999875307083,894.6803157329559,0.0125357466782301,0.0084333732297652,0.0031109196019893,0.002199721467134,-0.0009111981348553,6.975303671327468e-05,4.93221528958379e-05,-2.0430883817436784e-05,5.9537594804556286e-05,False,Orthopaedics & sports medicine,Editorial & miscellaneous records
25,19,39,39,115.21892309188844,78.74807822704315,0.0013371183568703,0.0007422896459629,0.000331824486673,0.0001936153451969,-0.0001382091414761,7.440168362586647e-06,4.341243108032042e-06,-3.098925254554605e-06,5.890705735309344e-06,False,Orthopaedics & sports medicine,Synthetic chemistry
25,20,1372,1815,4261.191305994988,3046.079176545143,0.0494512269728307,0.0287127392114085,0.0122720086230973,0.0074892960506759,-0.0047827125724214,0.0002751629670805,0.0001679249897828,-0.0001072379772977,0.0002215439784317,False,Orthopaedics & sports medicine,Civil & structural engineering
25,21,245,340,761.1961057186127,559.374506354332,0.0088336990037898,0.0052727369814066,0.002192205067185,0.0013753159515833,-0.0008168891156017,4.9153620182468926e-05,3.083733311584016e-05,-1.8316287066628768e-05,3.999547664915454e-05,False,Orthopaedics & sports medicine,Metallurgy & alloys
25,22,52,38,89.34944546222687,80.26939344406128,0.0010369024505501,0.0007566297614204,0.0002573217409034,0.0001973557535666,-5.9965987336828194e-05,5.769667859267836e-06,4.425110541367782e-06,-1.3445573179000537e-06,5.097389200317809e-06,False,Orthopaedics & sports medicine,Mathematics & theoretical physics
25,23,610,383,1554.7037352323532,699.1010361909866,0.0180423740136517,0.0065898174575173,0.0044774656369665,0.001718857037494,-0.0027586085994725,0.0001003937307663,3.854021105673066e-05,-6.185351970957773e-05,6.946697091151953e-05,False,Orthopaedics & sports medicine,Ecology & taxonomy
25,24,3704,5473,10598.90048956871,9544.62234699726,0.1230004935555751,0.0899688538731761,0.0305242803861787,0.0234670533185664,-0.0070572270676122,0.0006844153892829,0.0005261782498768,-0.000158237139406,0.0006052968195798,False,Orthopaedics & sports medicine,"Astronomy, optics & imaging"
25,25,59973,152753,180951.6163650751,250333.10378086567,2.099947833691664,2.359672453752434,0.5211312135344485,0.615485880976313,0.0943546674418644,0.0116848036339017,0.0138004239083481,0.0021156202744463,0.0127426137711249,False,Orthopaedics & sports medicine,Orthopaedics & sports medicine
25,26,117,151,309.321869969368,232.26976215839383,0.0035896876955501,0.0021894050420297,0.0008908308458801,0.0005710741289388,-0.0003197567169413,1.9974208481074183e-05,1.2804623641318164e-05,-7.169584839756022e-06,1.6389416061196175e-05,False,Orthopaedics & sports medicine,"Climate, land & agriculture"
25,27,958,1713,3558.312873005867,2784.7252408266068,0.0412943059551914,0.0262491829598364,0.0102477554105048,0.0068467136077515,-0.0034010418027532,0.0002297751632412,0.0001535170067851,-7.625815645609271e-05,0.0001916460850132,False,Orthopaedics & sports medicine,Oncology
25,28,3408,7522,10118.620498895643,12421.597757816317,0.1174268327823851,0.1170875989552307,0.0291410990728336,0.0305405794265046,0.001399480353671,0.0006534016990322,0.0006847808463514,3.1379147319236344e-05,0.0006690912726918,False,Orthopaedics & sports medicine,Education & language
25,29,325,198,914.5352668762208,434.711531996727,0.0106132036347038,0.0040976475419692,0.0026338138504699,0.001068811140838,-0.0015650027096318,5.905537195184238e-05,2.396488250572641e-05,-3.509048944611597e-05,4.151012722878439e-05,False,Orthopaedics & sports medicine,Electronic & magnetic materials
25,30,1894,2705,5541.317427873611,5047.4252680540085,0.0643071212195426,0.0475776882382561,0.0159587050603694,0.0124099407583336,-0.0035487643020358,0.0003578260715128,0.0002782556813014,-7.95703902114254e-05,0.0003180408764071,False,Orthopaedics & sports medicine,Drug discovery & pharmaceutics
25,31,5371,9971,17869.447124361992,16957.6290705204,0.2073753610598543,0.159844821137543,0.0514630753356772,0.0416931724574277,-0.0097699028782495,0.0011539050321236,0.0009348442779607,-0.0002190607541628,0.0010443746550422,False,Orthopaedics & sports medicine,Chronic & infectious disease
26,0,11639,19316,32450.88808989525,32365.66211283207,0.269145634331619,0.244181028449493,0.0305474054704282,0.0332893756232457,0.0027419701528174,0.0008552495538751,0.0009320177347999,7.676818092476807e-05,0.0008936336443375,False,"Climate, land & agriculture","Business, economics & policy"
26,1,20008,24236,64071.74759602547,55249.57473182678,0.5314070635508246,0.41682749861205,0.0603134696219355,0.0568263933504752,-0.0034870762714603,0.0016886235407703,0.0015909942861882,-9.762925458209748e-05,0.0016398089134792,True,"Climate, land & agriculture",Earth & environmental science
26,2,960,1065,2655.8174117803574,1930.5977071523664,0.0220271833541949,0.0145652924389825,0.0025000342396897,0.0019856968174085,-0.0005143374222811,6.999459152879834e-05,5.559445363908198e-05,-1.440013788971636e-05,6.279452258394016e-05,False,"Climate, land & agriculture","Reproduction, metabolism & animal science"
26,3,1328,1555,4694.079606771469,2845.844932079315,0.0389324024004454,0.0214703267895575,0.0044187374059314,0.0029270651278268,-0.0014916722781045,0.0001237133935571,8.195036881809235e-05,-4.17630247391015e-05,0.0001028318811876,False,"Climate, land & agriculture",Electrical & control engineering
26,4,15822,23397,39703.14560711384,41496.25472509861,0.329295404174616,0.3130663021894252,0.0373742648876724,0.0426805546472665,0.0053062897595941,0.0010463842306521,0.0011949468296597,0.0001485625990075,0.0011206655301559,False,"Climate, land & agriculture",Plant & microbial biology
26,5,6428,8880,21478.086807727814,16062.650661110878,0.1781379074150984,0.1211838195795767,0.020218239470895,0.0165210774770678,-0.0036971619938272,0.0005660592126019,0.0004625480928479,-0.000103511119754,0.0005143036527249,False,"Climate, land & agriculture",Energy & thermal engineering
26,6,31,43,73.59883666038513,88.02202212810516,0.0006104241438371,0.0006640774971485,6.928172502978984e-05,9.053416387790816e-05,2.1252438848118305e-05,1.9397118514954784e-06,2.534726012721294e-06,5.950141612258154e-07,2.2372189321083863e-06,False,"Climate, land & agriculture",Clinical diagnostics & case reports
26,7,2600,2166,7795.354920625687,5007.72061252594,0.0646541857079474,0.0377804836833388,0.007338100174226,0.005150640574121,-0.0021874596001049,0.000205448115925,0.0001442048182276,-6.12432976974343e-05,0.0001748264670763,False,"Climate, land & agriculture",Electrochemical materials
26,8,2229,3361,6958.751155018807,6578.18311560154,0.0577154464489563,0.0496287550953525,0.0065505693561083,0.0067659239563936,0.0002153546002852,0.0001833992587312,0.0001894286390659,6.029380334680911e-06,0.0001864139488986,False,"Climate, land & agriculture",Humanities & politics
26,9,157,173,388.6005405187607,276.65606212615967,0.0032230285559457,0.0020872170493916,0.0003658062683637,0.0002845518048868,-8.125446347685347e-05,1.0241643864834488e-05,7.966725829447958e-06,-2.274918035386529e-06,9.104184847141225e-06,False,"Climate, land & agriculture",Cell & neural biology
26,10,892,1462,2731.8680078983307,2660.827403306961,0.0226579422374885,0.0200744718152541,0.0025716239105008,0.0027367672129961,0.0001651433024953,7.199891998420624e-05,7.66225118608167e-05,4.623591876610453e-06,7.431071592251147e-05,False,"Climate, land & agriculture",Social behavior & violence
26,11,256,193,665.3825531005859,304.17324900627136,0.0055186412412304,0.0022948190125153,0.0006263529856627,0.0003128543301667,-0.0003134986554959,1.753628837889259e-05,8.759124455332987e-06,-8.777163923559603e-06,1.3147706417112789e-05,False,"Climate, land & agriculture",Mental health & cognition
26,12,10082,15054,30741.453689694405,26063.54996550083,0.2549676924301272,0.1966350761938378,0.0289382419368023,0.0268074016793494,-0.0021308402574529,0.0008101970732126,0.0007505389729091,-5.965810030347774e-05,0.0007803680230609,False,"Climate, land & agriculture",Computing & networks
26,13,20506,24109,70884.80652654171,46378.90068888664,0.587914147810361,0.349903166791056,0.0667268926711866,0.0477025509517828,-0.0190243417194038,0.001868183052199,0.0013355499359745,-0.0005326331162245,0.0016018664940867,True,"Climate, land & agriculture",Marine ecology & paleoscience
26,14,51,63,140.12157833576202,176.33888912200928,0.0011621595988452,0.0013303794358151,0.0001319024199498,0.0001813715874714,4.946916752158711e-05,3.692931824483914e-06,5.0779425251265214e-06,1.3850107006426076e-06,4.385437174805217e-06,False,"Climate, land & agriculture",Immune & inflammatory disease
26,15,94,87,223.3387980461121,199.5469949245453,0.0018523580095701,0.0015054717643289,0.0002102383393111,0.0002052420508307,-4.996288480424042e-06,5.886138057695377e-06,5.746254704981487e-06,-1.3988335271389026e-07,5.816196381338432e-06,False,"Climate, land & agriculture",Cardiovascular medicine
26,16,1038,1180,2430.4560005664825,1989.0933064222336,0.0201580499176306,0.0150066093982862,0.0022878919283093,0.002045861876588,-0.0002420300517212,6.405514710227266e-05,5.7278922065440815e-05,-6.776225036831845e-06,6.066703458385674e-05,False,"Climate, land & agriculture",Public health & care delivery
26,17,56,87,191.24168229103088,161.62124824523926,0.0015861465408366,0.0012193429715181,0.0001800239548331,0.0001662339062546,-1.3790048578519124e-05,5.040212243456735e-06,4.654126004279657e-06,-3.860862391770775e-07,4.847169123868196e-06,False,"Climate, land & agriculture",Surgical specialties
26,18,1204,899,4055.879616856575,1733.1539052724838,0.033639211636598,0.0130756881035009,0.0038179725267347,0.0017826179845904,-0.0020353545421443,0.0001068935069905,4.990876352908697e-05,-5.69847434614958e-05,7.840113525983488e-05,False,"Climate, land & agriculture",Editorial & miscellaneous records
26,19,180,138,617.7566684484482,398.9428629875183,0.0051236351353945,0.0030098033600324,0.0005815207084896,0.0004103286616509,-0.0001711920468387,1.6281098798600867e-05,1.1488157485546938e-05,-4.7929413130539295e-06,1.3884628142073904e-05,False,"Climate, land & agriculture",Synthetic chemistry
26,20,6077,7400,20884.19529914856,13185.249920248983,0.1732122084216555,0.0994754216572482,0.019659184055593,0.0135615559400997,-0.0060976281154932,0.0005504070847971,0.000379689027235,-0.000170718057562,0.0004650480560161,False,"Climate, land & agriculture",Civil & structural engineering
26,21,665,641,2062.8705335855484,1214.4358222484589,0.0171093190660249,0.0091622469217141,0.0019418680452711,0.0012490957273241,-0.000692772317947,5.436735964402064e-05,3.497149912045547e-05,-1.9395860523565165e-05,4.466942938223805e-05,False,"Climate, land & agriculture",Metallurgy & alloys
26,22,405,347,1261.332495689392,709.8053485155106,0.0104614127574867,0.0053550889642004,0.0011873460927206,0.0007300631386358,-0.0004572829540847,3.3242666617881295e-05,2.0439908529169105e-05,-1.280275808871219e-05,2.68412875735252e-05,False,"Climate, land & agriculture",Mathematics & theoretical physics
26,23,13317,21342,36963.80554127693,38760.675766944885,0.3065754891563496,0.2924278712165598,0.0347956072102399,0.0398669024757906,0.0050712952655506,0.0009741883831077,0.001116171734775,0.0001419833516672,0.0010451800589413,False,"Climate, land & agriculture",Ecology & taxonomy
26,24,6831,10828,21597.94381046295,22697.37485587597,0.1791319938925123,0.1712391458605169,0.0203310659812474,0.0233451561906809,0.0030140902094334,0.0005692180675409,0.0006536049170052,8.438684946428026e-05,0.0006114114922731,False,"Climate, land & agriculture","Astronomy, optics & imaging"
26,25,90,81,203.02182042598724,137.48885214328766,0.0016838502690694,0.0010372773836558,0.000191113101457,0.0001414127734217,-4.970032803534996e-05,5.35068010666588e-06,3.959197500366322e-06,-1.3914826062995574e-06,4.654938803516101e-06,False,"Climate, land & agriculture",Orthopaedics & sports medicine
26,26,205937,349939,679238.6473748684,646790.018187046,5.63356281972405,4.879673132630367,0.6393963183709073,0.6652493556205666,0.0258530372496593,0.0179014684754651,0.0186252876749546,0.0007238191994895,0.0182633780752098,False,"Climate, land & agriculture","Climate, land & agriculture"
26,27,97,70,198.90192592144007,145.86593782901764,0.0016496801219617,0.0011004778641842,0.0001872348689853,0.0001500289404894,-3.7205928495964014e-05,5.242099474688547e-06,4.200428234278706e-06,-1.041671240409841e-06,4.7212638544836266e-06,False,"Climate, land & agriculture",Oncology
26,28,1193,1673,3104.23240852356,3038.936537027359,0.0257463092655699,0.0229270962051438,0.0029221464076707,0.0031256675523471,0.0002035211446763,8.181265718090486e-05,8.751073089643222e-05,5.69807371552736e-06,8.466169403866854e-05,False,"Climate, land & agriculture",Education & language
26,29,196,146,496.1452171802521,298.61629569530487,0.0041149973716792,0.0022528948717458,0.0004670426608798,0.0003071387818351,-0.0001599038790447,1.3076005022581248e-05,8.599103658625036e-06,-4.476901363956212e-06,1.0837554340603144e-05,False,"Climate, land & agriculture",Electronic & magnetic materials
26,30,296,349,713.9183704853058,737.3560712337494,0.0059211942721868,0.0055629439366837,0.000672041821339,0.000758400156864,8.635833552503628e-05,1.8815459415760838e-05,2.1233272869760568e-05,2.417813453999734e-06,2.00243661427607e-05,False,"Climate, land & agriculture",Drug discovery & pharmaceutics
26,31,1034,1469,2635.024921655655,2568.8637437820435,0.0218547317427492,0.0193806568429391,0.0024804613816274,0.0026421789176929,0.0001617175360654,6.9446601351955e-05,7.397428049340274e-05,4.527679141447729e-06,7.171044092267888e-05,False,"Climate, land & agriculture",Chronic & infectious disease
27,0,299,389,915.4769356250764,647.1130393743515,0.0064701879649685,0.002592611319978,0.0008169618898759,0.0005089252784108,-0.0003080366114651,3.148240215565499e-05,1.961191884304429e-05,-1.18704833126107e-05,2.554716049934964e-05,False,Oncology,"Business, economics & policy"
27,1,631,1324,1850.1024369001389,2390.7576583623886,0.0130757095622698,0.0095783966498146,0.0016510117562733,0.0018802232884555,0.0002292115321821,6.362330571209646e-05,7.245618974780956e-05,8.832884035713095e-06,6.8039747729953e-05,False,Oncology,Earth & environmental science
27,2,2407,3686,7164.044650793076,9217.742008805277,0.0506323137987191,0.0369302128415949,0.0063931173242193,0.0072493391922466,0.0008562218680272,0.0002463648465412,0.0002793601692334,3.299532269221612e-05,0.0002628625078873,False,Oncology,"Reproduction, metabolism & animal science"
27,3,241,250,644.421605348587,498.6848565340042,0.0045544882159649,0.0019979446023861,0.000575074993258,0.0003921931934738,-0.0001828817997841,2.216106091577791e-05,1.5113537109460563e-05,-7.047523806317345e-06,1.8637299012619235e-05,False,Oncology,Electrical & control engineering
27,4,10123,11604,27201.635439634323,27183.32861363888,0.192249184441565,0.1089080287217559,0.0242744504331047,0.0213784644120359,-0.0028959860210688,0.0009354389967425,0.0008238394255969,-0.0001115995711455,0.0008796392111697,False,Oncology,Plant & microbial biology
27,5,247,241,856.8857523202896,462.9125634431839,0.0060560912746865,0.0018546255122647,0.0007646757404602,0.0003640598950964,-0.0004006158453637,2.9467505740686845e-05,1.402939374309438e-05,-1.5438111997592465e-05,2.1748449741890613e-05,False,Oncology,Energy & thermal engineering
27,6,7573,12085,22310.21757376194,27607.33064365387,0.1576787962910535,0.1106067620122693,0.0199094011037649,0.0217119229239842,0.0018025218202193,0.000767227676094,0.0008366895659835,6.946188988950555e-05,0.0008019586210388,False,Oncology,Clinical diagnostics & case reports
27,7,2924,3438,9340.525622844696,7239.075931787491,0.0660147231673793,0.0290028311360853,0.0083353858172998,0.0056932073839587,-0.0026421784333411,0.000321212007163,0.0002193931524082,-0.0001018188547547,0.0002703025797856,False,Oncology,Electrochemical materials
27,8,141,266,453.2163039445877,426.0646107196808,0.0032031333190361,0.0017069968700706,0.0004044454139528,0.0003350806388342,-6.93647751186453e-05,1.558568805946032e-05,1.2912650586374242e-05,-2.6730374730860776e-06,1.4249169322917282e-05,False,Oncology,Humanities & politics
27,9,26487,43321,80326.03259909153,130049.03630423546,0.5677090368655242,0.5210320039302347,0.0716820979805329,0.102277713445833,0.0305956154653,0.0027623377099349,0.0039413688033248,0.0011790310933898,0.0033518532566299,True,Oncology,Cell & neural biology
27,10,1321,2344,4633.06052672863,3747.529003024101,0.0327444322128581,0.0150142023479856,0.0041344939850851,0.002947262881707,-0.0011872311033781,0.0001593266515385,0.0001135755736591,-4.575107787944144e-05,0.0001364511125988,False,Oncology,Social behavior & violence
27,11,1837,3330,6602.850563645363,6369.863812327385,0.0466660410425459,0.0255203960076675,0.0058923136838628,0.0050096111759113,-0.0008827025079515,0.0002270659027323,0.0001930501234365,-3.401577929584105e-05,0.0002100580130844,False,Oncology,Mental health & cognition
27,12,3871,2826,9745.738151431084,5950.622862458229,0.0688785869346559,0.023840737638428,0.0086969931721911,0.0046798970391978,-0.0040170961329932,0.0003351468899405,0.000180344276105,-0.0001548026138355,0.0002577455830227,False,Oncology,Computing & networks
27,13,70,88,218.1844996213913,167.15571355819702,0.001542031993006,0.0006696972071355,0.0001947055291247,0.0001314604449059,-6.324508421879605e-05,7.503162443432773e-06,5.065953069998442e-06,-2.4372093734343307e-06,6.284557756715608e-06,False,Oncology,Marine ecology & paleoscience
27,14,16109,18010,45326.88404369354,41563.523995280266,0.3203504623836181,0.1665212354746067,0.0404492296960405,0.0326878408160094,-0.0077613888800311,0.0015587494740672,0.0012596569839088,-0.0002990924901584,0.001409203228988,True,Oncology,Immune & inflammatory disease
27,15,4221,6824,13580.791952610016,14183.66615998745,0.09598305891401,0.0568258267222164,0.0121193544346821,0.0111548150170745,-0.0009645394176076,0.000467030830823,0.000429861388507,-3.716944231598661e-05,0.000448446109665,False,Oncology,Cardiovascular medicine
27,16,7067,10719,23748.160511493683,18385.51194500923,0.1678415439562047,0.0736602162093795,0.0211926061024152,0.0144593775986739,-0.0067332285037413,0.0008166771991578,0.0005572058453681,-0.0002594713537896,0.0006869415222629,False,Oncology,Public health & care delivery
27,17,6355,14615,20612.82978141308,26071.19381558895,0.1456824066076351,0.1044523415522414,0.018394670273607,0.0205038204514148,0.0021091501778078,0.0007088560852725,0.0007901341900743,8.127810480179978e-05,0.0007494951376734,False,Oncology,Surgical specialties
27,18,626,739,1784.3971091508863,1506.4667658805847,0.01261133323088,0.006035549514145,0.0015923770199473,0.0011847683041338,-0.0004076087158135,6.136376047236992e-05,4.565617157206127e-05,-1.570758890030865e-05,5.35099660222156e-05,False,Oncology,Editorial & miscellaneous records
27,19,521,852,1525.7262377738953,1803.7819672822952,0.010783161385427,0.0072267212412684,0.0013615418828592,0.0014185933276496,5.705144479045948e-05,5.246830927994441e-05,5.466684087696544e-05,2.1985315970210297e-06,5.356757507845492e-05,False,Oncology,Synthetic chemistry
27,20,195,181,562.0816820859909,340.1766983270645,0.0039725458864552,0.0013628931967252,0.0005015957206481,0.0002675336616186,-0.0002340620590295,1.932946737503091e-05,1.030966368153449e-05,-9.01980369349642e-06,1.48195655282827e-05,False,Oncology,Civil & structural engineering
27,21,171,313,642.4810447692871,724.9045256376266,0.0045407731880741,0.0029042772509861,0.0005733432576166,0.000570104780902,-3.2384767146064006e-06,2.2094326838503512e-05,2.19695290632775e-05,-1.247977752260114e-07,2.2031927950890505e-05,False,Oncology,Metallurgy & alloys
27,22,101,19,286.0804761648178,50.304195284843445,0.0020218908656942,0.0002015400991826,0.0002552951771577,3.9561985360893285e-05,-0.0002157331917968,9.838042062034626e-06,1.5245586711478395e-06,-8.313483390886787e-06,5.681300366591232e-06,False,Oncology,Mathematics & theoretical physics
27,23,872,948,2312.3236894607544,2408.8893781900406,0.0163424858939186,0.0096510400663671,0.0020634930906883,0.0018944830699772,-0.0001690100207111,7.951866559690673e-05,7.300570396883118e-05,-6.512961628075544e-06,7.626218478286895e-05,False,Oncology,Ecology & taxonomy
27,24,6801,10151,17404.736607909203,20765.25267696381,0.1230090163408122,0.0831944743449341,0.0155318020134312,0.01633093657039,0.0007991345569587,0.0005985327384892,0.0006293281474433,3.0795408954113973e-05,0.0006139304429663,False,Oncology,"Astronomy, optics & imaging"
27,25,1118,1765,3505.4640914201736,3231.2044392824173,0.0247750770044795,0.0129455855418188,0.003128238907585,0.0025411968524911,-0.0005870420550938,0.0001205496566584,9.792743365171463e-05,-2.262222300669688e-05,0.000109238545155,False,Oncology,Orthopaedics & sports medicine
27,26,133,98,459.13615357875824,203.7807023525238,0.0032449722101834,0.0008164325605662,0.0004097282248645,0.0001602643500736,-0.0002494638747909,1.5789266194125954e-05,6.175938905790291e-06,-9.613327288335662e-06,1.0982602549958124e-05,False,Oncology,"Climate, land & agriculture"
27,27,246792,361042,709053.7741501331,800243.6423625946,5.011279932343996,3.2061179418292496,0.632752053942116,0.6293556051345036,-0.0033964488076123,0.024383701215299,0.0242528158354699,-0.0001308853798291,0.0243182585253845,False,Oncology,Oncology
27,28,634,1038,1986.755272746086,1706.496670126915,0.0140415116480051,0.0068369547749393,0.0017729592949663,0.0013420828203232,-0.000430876474643,6.832266990839417e-05,5.17184358281699e-05,-1.6604234080224265e-05,6.002055286828204e-05,False,Oncology,Education & language
27,29,183,200,560.75925385952,370.9630551338196,0.0039631995459168,0.0014862364958113,0.0005004155997504,0.0002917457455294,-0.0002086698542209,1.928399029567738e-05,1.1242699325122876e-05,-8.041290970554503e-06,1.5263344810400128e-05,False,Oncology,Electronic & magnetic materials
27,30,30373,36585,82563.69314932823,94625.24409925938,0.5835238365600036,0.3791091572573155,0.0736789624791171,0.0744184953288335,0.0007395328497164,0.0028392887794693,0.0028677873800412,2.849860057196072e-05,0.0028535380797553,True,Oncology,Drug discovery & pharmaceutics
27,31,6965,10978,22408.60843122005,21386.36440908909,0.1583741795574313,0.085682913318805,0.0199972040595003,0.0168194129909883,-0.003177791068512,0.0007706112463648,0.0006481520501338,-0.0001224591962309,0.0007093816482493,False,Oncology,Chronic & infectious disease
28,0,20793,30789,51235.424421191216,55366.99156367779,0.3708978008715448,0.3856103379604211,0.0846126911969045,0.0831095081126224,-0.0015031830842821,0.0028809058738712,0.0028297252659062,-5.118060796499872e-05,0.0028553155698887,True,Education & language,"Business, economics & policy"
28,1,853,893,2003.14384496212,1946.655982017517,0.0145009367116421,0.013557729071393,0.0033080899297997,0.0029220590926256,-0.0003860308371741,0.0001126343527813,9.949071569126516e-05,-1.314363709011991e-05,0.0001060625342363,False,Education & language,Earth & environmental science
28,2,333,403,937.3298735618592,723.468291759491,0.0067854144417218,0.0050386854082214,0.0015479524964863,0.0010859736490117,-0.0004619788474746,5.270492377111039e-05,3.697539718984671e-05,-1.572952658126368e-05,4.484016048047856e-05,False,Education & language,"Reproduction, metabolism & animal science"
28,3,463,356,1327.1364051103592,672.1086111068726,0.0096072586432681,0.0046809844883292,0.0021916981090787,0.0010088793790268,-0.0011828187300518,7.462327302063826e-05,3.435047967334335e-05,-4.027279334729491e-05,5.44868763469908e-05,False,Education & language,Electrical & control engineering
28,4,550,638,1318.168409705162,1358.7799228429794,0.0095423385257597,0.0094633927266701,0.0021768879218997,0.0020396183327192,-0.0001372695891805,7.411901349841213e-05,6.944523749412731e-05,-4.673776004284825e-06,7.178212549626972e-05,False,Education & language,Plant & microbial biology
28,5,758,978,1678.1374967098236,2144.639259815216,0.0121481868086627,0.0149366083730484,0.002771358516088,0.0032192450579018,0.0004478865418137,9.43596393716094e-05,0.0001096093489705,1.5249709598958195e-05,0.000101984494171,False,Education & language,Energy & thermal engineering
28,6,807,1242,2159.257650136948,2166.439019203186,0.0156310584521987,0.0150884355239851,0.003565903919594,0.0032519679353517,-0.0003139359842423,0.000121412443007,0.0001107235025156,-1.0688940491428783e-05,0.0001160679727613,False,Education & language,Clinical diagnostics & case reports
28,7,203,188,430.94745314121246,334.72513365745544,0.0031196669973355,0.0023312350602443,0.0007116877470355,0.0005024445147829,-0.0002092432322526,2.4231653452857568e-05,1.7107307821755103e-05,-7.124345631102465e-06,2.0669480637306337e-05,False,Education & language,Electrochemical materials
28,8,8438,12613,22224.153223991398,23569.11490392685,0.1608826246709369,0.16415004873578,0.0367020559524537,0.0353787968425626,-0.001323259109891,0.001249637224403,0.0012045826954853,-4.505452891774044e-05,0.0012271099599442,False,Education & language,Humanities & politics
28,9,745,370,1651.3426333665848,633.4899995326996,0.0119542164063301,0.0044120203376664,0.002727108165411,0.0009509102945367,-0.0017761978708743,9.285299665190574e-05,3.237673940284348e-05,-6.047625724906226e-05,6.261486802737461e-05,False,Education & language,Cell & neural biology
28,10,19763,29759,52592.63908958435,50417.212250709534,0.3807227987417569,0.351136980824735,0.0868540620242565,0.0756795627182857,-0.0111744993059708,0.0029572204112143,0.002576749346735,-0.0003804710644792,0.0027669848789746,True,Education & language,Social behavior & violence
28,11,15423,17895,37930.40649425984,30737.35570704937,0.2745815910342301,0.2140741584012781,0.0626401324460279,0.0461387993342127,-0.0165013331118151,0.0021327808269787,0.0015709409089231,-0.0005618399180556,0.0018518608679509,True,Education & language,Mental health & cognition
28,12,16150,17357,40580.3619505167,34869.899040937424,0.2937648546108797,0.2428557733420846,0.0670163987742341,0.0523420195929571,-0.014674379181277,0.0022817846134346,0.0017821491027241,-0.0004996355107104,0.0020319668580793,True,Education & language,Computing & networks
28,13,519,495,1110.7845754623413,1075.0309995412829,0.0080410684782112,0.0074871878594717,0.0018344040930986,0.0016136924736996,-0.000220711619399,6.245807162146777e-05,5.494324858766746e-05,-7.514823033800307e-06,5.870066010456761e-05,False,Education & language,Marine ecology & paleoscience
28,14,278,374,811.8714951276779,685.4566984176636,0.005877210065788,0.0047739489119627,0.0013407643809893,0.0010289157389466,-0.0003118486420427,4.565055107018072e-05,3.503268072577777e-05,-1.061787034440295e-05,4.034161589797924e-05,False,Education & language,Immune & inflammatory disease
28,15,897,1706,2405.696365714073,3023.285829424858,0.0174150502643044,0.0210560523068093,0.0039728848937082,0.0045381515424832,0.000565266648775,0.0001352693935696,0.0001545156790348,1.924628546525964e-05,0.0001448925363022,False,Education & language,Cardiovascular medicine
28,16,14571,22578,39120.64345824719,39452.234033465385,0.2831978224297164,0.2747700185487136,0.0646057481079008,0.059220406813947,-0.0053853412939538,0.0021997064101975,0.0020163454847017,-0.0001833609254957,0.0021080259474496,True,Education & language,Public health & care delivery
28,17,1238,2815,3331.22658610344,4469.064295053482,0.0241150459657276,0.0311253572663494,0.0055013508645847,0.0067083604291268,0.0012070095645421,0.0001873108371311,0.0002284072837175,4.109644658643552e-05,0.0002078590604243,False,Education & language,Surgical specialties
28,18,2284,3997,5615.225398659706,7924.407997846603,0.0406491168032468,0.0551905306733432,0.0092732584539945,0.0118950593518759,0.0026218008978814,0.000315737324651,0.0004050048033234,8.926747867232332e-05,0.0003603710639872,False,Education & language,Editorial & miscellaneous records
28,19,83,161,250.44379270076752,319.3367718458176,0.0018129849221318,0.0022240608896553,0.0004135951547852,0.0004793455681957,6.575041341044693e-05,1.4082151199431088e-05,1.6320831349230535e-05,2.2386801497994468e-06,1.5201491274330812e-05,False,Education & language,Synthetic chemistry
28,20,408,404,955.1580637693404,849.8358207941055,0.0069144742985723,0.0059187878700324,0.0015773948436449,0.0012756596493319,-0.000301735194313,5.370738131819736e-05,4.343385519163524e-05,-1.0273526126562123e-05,4.85706182549163e-05,False,Education & language,Civil & structural engineering
28,21,80,77,167.9285739660263,157.42874145507812,0.0012156499041653,0.0010964321608003,0.0002773254780777,0.0002363109299531,-4.101454812461541e-05,9.442420368229724e-06,8.045950749607039e-06,-1.3964696186226842e-06,8.74418555891838e-06,False,Education & language,Metallurgy & alloys
28,22,472,298,938.8654944896698,708.7030971050262,0.0067965309383943,0.0049358513632434,0.0015504884961551,0.0010638101174514,-0.0004866783787036,5.279126987638711e-05,3.6220769871479415e-05,-1.6570500004907695e-05,4.450601987393327e-05,False,Education & language,Mathematics & theoretical physics
28,23,1283,712,2435.828404545784,1573.7556927204132,0.0176331787772369,0.0109606183648087,0.0040226464195588,0.0023623111499747,-0.001660335269584,0.000136963681626,8.043233197767336e-05,-5.653134964835406e-05,0.0001086980068018,False,Education & language,Ecology & taxonomy
28,24,4119,3356,9142.199686169624,6076.675467967987,0.0661811978145023,0.0423217663575594,0.0150978766672686,0.0091214908890619,-0.0059763857782066,0.000514054818,0.000310569919347,-0.0002034848986529,0.0004123123686735,False,Education & language,"Astronomy, optics & imaging"
28,25,3453,7833,8696.726039648056,14173.86750292778,0.0629563744094533,0.0987156730689298,0.0143621996524823,0.0212759104829997,0.0069137108305173,0.0004890063742832,0.0007244054599302,0.000235399085647,0.0006067059171067,False,Education & language,Orthopaedics & sports medicine
28,26,1685,2095,4191.673842191696,4202.9718462228775,0.0303439002917023,0.0292721231240486,0.0069223356381686,0.0063089381034735,-0.0006133975346951,0.0002356927444193,0.0002148076911759,-2.0885053243478397e-05,0.0002252502177976,False,Education & language,"Climate, land & agriculture"
28,27,999,1440,2953.460252761841,2581.046643614769,0.0213803618314091,0.0179760221826614,0.0048774890254624,0.0038743213403576,-0.0010031676851047,0.0001660694936472,0.0001319134866036,-3.41560070435617e-05,0.0001489914901254,False,Education & language,Oncology
28,28,111355,207743,293566.9373668432,360797.31813287735,2.125157207303664,2.512818050090761,0.4848108295706436,0.5415805842347445,0.0567697546641009,0.0165069134058882,0.0184398187107135,0.0019329053048252,0.0174733660583009,False,Education & language,Education & language
28,29,99,63,343.2801172733307,120.0047379732132,0.0024850353445485,0.000835788007616,0.000566909611563,0.000180135031044,-0.000386774580519,1.930222531399423e-05,6.133265136515677e-06,-1.3168960177478554e-05,1.2717745225254951e-05,False,Education & language,Electronic & magnetic materials
28,30,165,249,343.30475318431854,494.270980477333,0.0024852136861024,0.0034424120661619,0.0005669502965139,0.0007419333596005,0.0001749830630865,1.930361056143728e-05,2.526146070357424e-05,5.957850142136956e-06,2.228253563250576e-05,False,Education & language,Drug discovery & pharmaceutics
28,31,5029,6700,13079.132903933523,12567.65394616127,0.0946810080364865,0.0875289978501941,0.0215995211521285,0.0188648779371342,-0.0027346432149942,0.000735423805575,0.0006423142544004,-9.310955117460496e-05,0.0006888690299877,False,Education & language,Chronic & infectious disease
29,0,158,99,410.4618738889694,154.74808847904205,0.0035111861475299,0.0012217627799978,0.0002685855659423,0.000161382174601,-0.0001072033913413,6.415052384792423e-06,3.854544827846198e-06,-2.560507556946225e-06,5.134798606319311e-06,False,Electronic & magnetic materials,"Business, economics & policy"
29,1,1386,1852,4835.734207987785,3609.3592916727066,0.0413659929078238,0.0284965125291495,0.0031642607794328,0.0037640933541191,0.0005998325746863,7.55770273357123e-05,8.99037741034187e-05,1.43267467677064e-05,8.27404007195655e-05,False,Electronic & magnetic materials,Earth & environmental science
29,2,34,15,84.37546908855438,21.480595111846924,0.0007217673482024,0.0001695929937345,5.521105505388362e-05,2.2401473161613976e-05,-3.280958189226964e-05,1.3186926451077046e-06,5.350496901203495e-07,-7.83642954987355e-07,9.26871167614027e-07,False,Electronic & magnetic materials,"Reproduction, metabolism & animal science"
29,3,13633,16799,52047.88923490048,35730.11077332497,0.4452297261089524,0.282095371239169,0.0340575158755038,0.0372618688347556,0.0032043529592517,0.0008134493291576,0.0008899839412125,7.653461205496764e-05,0.000851716635185,False,Electronic & magnetic materials,Electrical & control engineering
29,4,1154,856,3597.1859921216965,1805.600171804428,0.0307711639718402,0.0142555239754516,0.002353817240905,0.0018830066661875,-0.0004708105747175,5.621992697802748e-05,4.497481598507464e-05,-1.1245110992952844e-05,5.0597371481551056e-05,False,Electronic & magnetic materials,Plant & microbial biology
29,5,8276,9863,31258.47142457962,20460.2310513258,0.2673922204249156,0.1615370439425542,0.0204539684977801,0.0213373658592872,0.0008833973615071,0.0004885343668032,0.0005096339382964,2.109957149324705e-05,0.0004990841525498,False,Electronic & magnetic materials,Energy & thermal engineering
29,6,45,64,120.60693991184236,108.10668992996216,0.0010316997598392,0.0008535209146901,7.891910375472436e-05,0.0001127412485756,3.382214482089515e-05,1.8849493381040976e-06,2.6927769293999604e-06,8.078275912958626e-07,2.288863133752029e-06,False,Electronic & magnetic materials,Clinical diagnostics & case reports
29,7,65845,86650,228628.6986539364,177093.3645348549,1.955742958622844,1.3981825785368105,0.1496030991547109,0.1846853977774348,0.0350822986227239,0.0035732066041501,0.0044111324348032,0.000837925830653,0.0039921695194767,True,Electronic & magnetic materials,Electrochemical materials
29,8,98,50,274.2083617448807,118.95113790035248,0.0023456419768622,0.0009391396969967,0.0001794281337937,0.0001240506005231,-5.537753327065288e-05,4.285564913191789e-06,2.962896006449344e-06,-1.3226689067424448e-06,3.624230459820566e-06,False,Electronic & magnetic materials,Humanities & politics
29,9,770,636,2362.148586630821,1136.9532585144043,0.0202063673227516,0.0089764415670843,0.0015456709997671,0.001185694706036,-0.0003599762937311,3.6917696594639365e-05,2.8319815418612445e-05,-8.59788117602692e-06,3.2618756006625905e-05,False,Electronic & magnetic materials,Cell & neural biology
29,10,27,12,76.42766630649567,36.4217848777771,0.0006537799983245,0.0002875562572831,5.0010413425484335e-05,3.798319516704719e-05,-1.2027218258437148e-05,1.194477524449026e-06,9.07212514877532e-07,-2.872650095714941e-07,1.050845019663279e-06,False,Electronic & magnetic materials,Social behavior & violence
29,11,103,54,235.15520298480988,95.93259644508362,0.0020115721916311,0.0007574043523065,0.0001538737146998,0.0001000452489048,-5.382846579506429e-05,3.675208446064131e-06,2.3895383593015006e-06,-1.2856700867626305e-06,3.032373402682816e-06,False,Electronic & magnetic materials,Mental health & cognition
29,12,1858,1662,5570.512483119965,3204.898064851761,0.0476514568333915,0.0253032215635619,0.0036450626551313,0.0033422927815388,-0.0003027698735925,8.706077631712293e-05,7.982924623538532e-05,-7.231530081737604e-06,8.344501127625413e-05,False,Electronic & magnetic materials,Computing & networks
29,13,126,34,282.28431832790375,74.301952958107,0.0024147255841013,0.0005866267008374,0.0001847126328114,7.748729475975049e-05,-0.0001072253380517,4.411782932045876e-06,1.8507511872260104e-06,-2.5610317448198657e-06,3.1312670596359435e-06,False,Electronic & magnetic materials,Marine ecology & paleoscience
29,14,49,33,122.1824951171875,84.90978193283081,0.0010451774247908,0.0006703773354674,7.995006768443535e-05,8.854988380083385e-05,8.599816116398504e-06,1.909573474523052e-06,2.1149764368628506e-06,2.054029623397984e-07,2.012274955692952e-06,False,Electronic & magnetic materials,Immune & inflammatory disease
29,15,69,57,149.68863570690155,112.1037939786911,0.0012804713362461,0.0008850787387803,9.79486999744047e-05,0.0001169097093936,1.89610094192485e-05,2.3394631768592345e-06,2.792338848961105e-06,4.528756721018703e-07,2.5659010129101697e-06,False,Electronic & magnetic materials,Cardiovascular medicine
29,16,54,34,91.7370297908783,64.26975786685944,0.0007847398472492,0.0005074207947443,6.002808940769494e-05,6.702501715903765e-05,6.996927751342708e-06,1.4337454686301435e-06,1.600864121860745e-06,1.671186532306014e-07,1.5173047952454443e-06,False,Electronic & magnetic materials,Public health & care delivery
29,17,704,1046,1971.201299548149,2088.70802628994,0.0168621134805777,0.0164907091899189,0.0012898547960357,0.0021782514194672,0.0008883966234314,3.0807635013119065e-05,5.202661175816138e-05,2.121897674504232e-05,4.141712338564022e-05,False,Electronic & magnetic materials,Surgical specialties
29,18,377,244,1088.868828177452,488.20037388801575,0.0093144367094322,0.0038544259374045,0.0007125008899905,0.0005091296361296,-0.0002033712538609,1.7017781716835868e-05,1.2160345530713852e-05,-4.857436186122016e-06,1.458906362377486e-05,False,Electronic & magnetic materials,Editorial & miscellaneous records
29,19,5428,9423,17361.182849764824,16837.81490087509,0.1485115880538938,0.1329374452671689,0.0113602831779566,0.0175596558958531,0.0061993727178965,0.0002713355478987,0.0004194049372518,0.0001480693893531,0.0003453702425752,False,Electronic & magnetic materials,Synthetic chemistry
29,20,6244,5612,21757.53427517414,12981.993845701218,0.1861189986480044,0.1024950747161341,0.0142370340062067,0.0135385349057821,-0.0006984991004246,0.0003400455219305,0.0003233621670218,-1.668335490863799e-05,0.0003317038444762,False,Electronic & magnetic materials,Civil & structural engineering
29,21,19657,25957,66418.3604208231,53237.950744867325,0.568158072372698,0.4203227797042841,0.043460828051031,0.055520273930061,0.01205944587903,0.0010380434542548,0.0013260782068823,0.0002880347526275,0.0011820608305685,False,Electronic & magnetic materials,Metallurgy & alloys
29,22,14300,6513,52766.39341259003,17968.70464158058,0.4513759776273781,0.1418660143180393,0.0345276688019335,0.018739027139678,-0.0157886416622554,0.0008246787325,0.0004475737194561,-0.0003771050130438,0.000636126225978,False,Electronic & magnetic materials,Mathematics & theoretical physics
29,23,346,107,895.1247110366821,224.29312551021576,0.0076571045586413,0.0017708328112555,0.0005857245030456,0.0002339086233546,-0.0003518158796909,1.3989781457207373e-05,5.586808311198935e-06,-8.402973146008438e-06,9.788294884203156e-06,False,Electronic & magnetic materials,Ecology & taxonomy
29,24,11470,11985,41315.0624243021,24827.573085427284,0.3534186342183463,0.1960179606196462,0.0270344948680375,0.0258919368502257,-0.0011425580178117,0.0006457074495658,0.0006184179356591,-2.7289513906712e-05,0.0006320626926124,False,Electronic & magnetic materials,"Astronomy, optics & imaging"
29,25,226,143,601.4365466833115,256.9807559251785,0.0051448278285254,0.0020289072766647,0.000393549768067,0.0002679975799988,-0.0001255521880682,9.399769378204805e-06,6.401008589786587e-06,-2.998760788418216e-06,7.900388983995695e-06,False,Electronic & magnetic materials,Orthopaedics & sports medicine
29,26,346,166,1071.8495230674744,545.0365701913834,0.0091688496229227,0.0043031574848026,0.0007013643143773,0.0005684024132323,-0.0001329619011449,1.675178932928758e-05,1.3576050685128522e-05,-3.175738644159057e-06,1.516392000720805e-05,False,Electronic & magnetic materials,"Climate, land & agriculture"
29,27,154,187,447.6211076974869,339.0077974796295,0.0038290548590989,0.0026765248809243,0.0002929006959881,0.0003535411396786,6.064044369046516e-05,6.995808958361229e-06,8.44418024944851e-06,1.4483712910872803e-06,7.71999460390487e-06,False,Electronic & magnetic materials,Oncology
29,28,121,113,279.0309886932373,364.8112248182297,0.0023868958472286,0.0028802473787499,0.0001825838178429,0.0003804507658781,0.0001978669480351,4.360937088962705e-06,9.086905263800956e-06,4.725968174838252e-06,6.723921176381831e-06,False,Electronic & magnetic materials,Education & language
29,29,282739,273923,988021.9553130864,581836.1033473015,8.451769149914083,4.593696129726122,0.6465117783462052,0.6067795508330288,-0.0397322275131764,0.0154416597590571,0.0144926723480352,-0.0009489874110218,0.0149671660535462,False,Electronic & magnetic materials,Electronic & magnetic materials
29,30,1279,1614,3930.451963067055,2915.154902935028,0.0336219984465251,0.023015649455447,0.0025718896980802,0.0030401282636732,0.0004682385655929,6.142849517323455e-05,7.261217481856326e-05,1.1183679645328709e-05,6.70203349958989e-05,False,Electronic & magnetic materials,Drug discovery & pharmaceutics
29,31,56,27,161.2006552219391,67.99961924552917,0.0013789478234003,0.0005368686919803,0.0001054815854219,7.091477855232088e-05,-3.4566806869618924e-05,2.5193829524623038e-06,1.6937694238068937e-06,-8.256135286554097e-07,2.1065761881345985e-06,False,Electronic & magnetic materials,Chronic & infectious disease
30,0,188,278,513.200701713562,591.4625817537308,0.0047738983255094,0.0019756257621231,0.0006859104065824,0.0007279285011752,4.201809459285439e-05,2.997977623931432e-05,3.1816303374356e-05,1.836527135041679e-06,3.089803980683516e-05,False,Drug discovery & pharmaceutics,"Business, economics & policy"
30,1,2011,2919,6991.735977292061,4887.759757041931,0.0650385639827678,0.0163262806354523,0.0093446958487951,0.0060154940376767,-0.0033292018111183,0.0004084380232211,0.0002629252501314,-0.0001455127730896,0.0003356816366763,False,Drug discovery & pharmaceutics,Earth & environmental science
30,2,4579,6286,13027.880812644958,12569.082865595818,0.1211880229094766,0.041983727595925,0.0174122112367967,0.0154690997093553,-0.0019431115274413,0.0007610530350629,0.0006761235045562,-8.492953050672609e-05,0.0007185882698096,False,Drug discovery & pharmaceutics,"Reproduction, metabolism & animal science"
30,3,269,142,781.0097997188568,236.882058262825,0.0072651135562268,0.0007912424409015,0.0010438464863382,0.0002915369576132,-0.0007523095287249,4.562444859896469e-05,1.2742499123587836e-05,-3.2881949475376854e-05,2.9183473861276262e-05,False,Drug discovery & pharmaceutics,Electrical & control engineering
30,4,27973,43345,77687.0904211998,83890.75335288048,0.7226612700199806,0.2802150780805843,0.1038314709997281,0.1032465488679974,-0.0005849221317307,0.0045382665684874,0.004512700788382,-2.5565780105425533e-05,0.0045254836784347,True,Drug discovery & pharmaceutics,Plant & microbial biology
30,5,1116,1348,3336.85493683815,2189.3894426822662,0.0310401099262929,0.0073130817057915,0.0044598215060717,0.0026945389694394,-0.0017652825366323,0.0001949299056206,0.00011777292573,-7.715697989055783e-05,0.0001563514156753,False,Drug discovery & pharmaceutics,Energy & thermal engineering
30,6,1628,3435,5535.02589905262,6984.348053812981,0.0514879476643563,0.0233293844317823,0.0073977526768513,0.0085958202045916,0.0011980675277402,0.000323341019173,0.0003757061619913,5.2365142818291337e-05,0.0003495235905822,False,Drug discovery & pharmaceutics,Clinical diagnostics & case reports
30,7,19790,30308,62243.743926644325,50472.88525855541,0.5790040892631045,0.1685914468330716,0.0831909067181417,0.0621183027459049,-0.0210726039722368,0.0036361086588293,0.0027150671557341,-0.0009210415030952,0.0031755879072817,True,Drug discovery & pharmaceutics,Electrochemical materials
30,8,83,114,251.9214392900467,195.72948563098907,0.0023434249664333,0.0006537830560187,0.0003367016768942,0.0002408894078957,-9.581226899846436e-05,1.4716558949712794e-05,1.0528795711264656e-05,-4.187763238448138e-06,1.2622677330488726e-05,False,Drug discovery & pharmaceutics,Humanities & politics
30,9,25757,39565,77506.30552721024,92709.89612543584,0.7209795718075416,0.309673113464058,0.1035898457647542,0.1141004990216018,0.0105106532568476,0.0045277056112417,0.0049871053079737,0.000459399696732,0.0047574054596077,True,Drug discovery & pharmaceutics,Cell & neural biology
30,10,110,199,302.7283400297165,422.6401532888413,0.002816041191539,0.0014117186795981,0.0004046068489393,0.0005201543137485,0.0001155474648091,1.7684558624114064e-05,2.2734907921564858e-05,5.050349297450794e-06,2.020973327283946e-05,False,Drug discovery & pharmaceutics,Social behavior & violence
30,11,3991,4945,12194.894901037216,9249.459373354912,0.1134394168859083,0.0308953952243754,0.0162988968874582,0.0113835520724985,-0.0049153448149596,0.0007123922846837,0.0004975523634967,-0.000214839921187,0.0006049723240902,False,Drug discovery & pharmaceutics,Mental health & cognition
30,12,1906,2176,5344.421676039696,4098.680782556534,0.0497149080367053,0.0136905690986029,0.0071430035705727,0.0050443538625823,-0.0020986497079903,0.0003122064436802,0.0002204786494283,-9.172779425193234e-05,0.0002663425465543,False,Drug discovery & pharmaceutics,Computing & networks
30,13,470,787,1534.1806001663208,1360.1472903490069,0.0142712630238197,0.0045432155980651,0.0020504851916946,0.0016739689187195,-0.000376516272975,8.962261927957101e-05,7.316584372123605e-05,-1.6456775558334967e-05,8.139423150040352e-05,False,Drug discovery & pharmaceutics,Marine ecology & paleoscience
30,14,9002,14540,27456.151121497154,32332.813624858856,0.2554027565165082,0.1079992911297859,0.0366960912486167,0.0397928411480193,0.0030967498994026,0.0016039129803737,0.0017392657438866,0.0001353527635129,0.0016715893621301,True,Drug discovery & pharmaceutics,Immune & inflammatory disease
30,15,2903,4020,8273.787774562836,8238.506842017174,0.0769644731013086,0.0275185732126221,0.0110582022149975,0.0101393462958388,-0.0009188559191587,0.0004833319699383,0.0004431706098129,-4.016136012544529e-05,0.0004632512898756,False,Drug discovery & pharmaceutics,Cardiovascular medicine
30,16,2020,3040,5202.059600114822,5437.957537055016,0.0483906267689584,0.0181640721407641,0.006952731754783,0.0066926368658288,-0.0002600948889541,0.0003038900419938,0.0002925218129992,-1.1368228994640187e-05,0.0002982059274965,False,Drug discovery & pharmaceutics,Public health & care delivery
30,17,3883,6858,12486.847420454023,11787.82505428791,0.1161552191810308,0.0393741406051414,0.0166891014811528,0.0145075852447706,-0.0021815162363822,0.0007294473494477,0.0006340976244668,-9.534972498089672e-05,0.0006817724869572,False,Drug discovery & pharmaceutics,Surgical specialties
30,18,298,332,854.9739305973053,558.6571971178055,0.0079531430919804,0.0018660479713676,0.0011427020937331,0.0006875540544982,-0.0004551480392348,4.99452300906254e-05,3.0051616812453385e-05,-1.989361327817201e-05,3.999842345153939e-05,False,Drug discovery & pharmaceutics,Editorial & miscellaneous records
30,19,6303,17766,17867.784274935722,27405.66428565979,0.1662097989068782,0.0915414399171414,0.0238809088448769,0.033728869319209,0.0098479604743321,0.001043786909617,0.0014742216261642,0.0004304347165472,0.0012590042678906,False,Drug discovery & pharmaceutics,Synthetic chemistry
30,20,382,365,1312.986895442009,663.690288901329,0.0122136737549999,0.0022168834906454,0.001754852189958,0.0008168210333983,-0.0009380311565596,7.670109023442748e-05,3.570161871557053e-05,-4.099947151885695e-05,5.620135447499901e-05,False,Drug discovery & pharmaceutics,Civil & structural engineering
30,21,945,1536,3181.98534655571,2314.122943878174,0.0295994811912715,0.0077297212802372,0.004252832966728,0.002848051758537,-0.0014047812081909,0.000185882849279,0.0001244826636533,-6.140018562569534e-05,0.0001551827564661,False,Drug discovery & pharmaceutics,Metallurgy & alloys
30,22,265,67,1214.463955760002,163.80595886707306,0.0112971931360105,0.0005471508803946,0.0016231728890737,0.0002016002868146,-0.001421572602259,7.094565054729588e-05,8.811546567137004e-06,-6.213410398015887e-05,3.987859855721644e-05,False,Drug discovery & pharmaceutics,Mathematics & theoretical physics
30,23,2703,3399,7492.527887940407,6564.068044185638,0.0696970331853434,0.0219255491936119,0.0100140214789025,0.008078570581505,-0.0019354508973975,0.0004376929119489,0.000353098212307,-8.459469964199219e-05,0.0003953955621279,False,Drug discovery & pharmaceutics,Ecology & taxonomy
30,24,994,1356,2970.096488714218,2534.530261516571,0.0276284475191309,0.0084659341672735,0.0039696362132024,0.0031193128210727,-0.0008503233921296,0.0001735048838466,0.000136338943831,-3.7165940015577016e-05,0.0001549219138388,False,Drug discovery & pharmaceutics,"Astronomy, optics & imaging"
30,25,1417,2368,3589.610631465912,4763.4237731695175,0.0333912953072122,0.0159109688634567,0.004797638193947,0.0058624704835677,0.0010648322896207,0.000209695199477,0.000256236895694,4.654169621698062e-05,0.0002329660475855,False,Drug discovery & pharmaceutics,Orthopaedics & sports medicine
30,26,348,446,986.8735774755478,820.1211180686951,0.0091801006960227,0.0027393996829242,0.0013189905128959,0.0010093445547947,-0.0003096459581012,5.765044539187288e-05,4.411643796437855e-05,-1.353400742749434e-05,5.0883441678125714e-05,False,Drug discovery & pharmaceutics,"Climate, land & agriculture"
30,27,18629,26861,57083.99905943871,64488.59682893753,0.5310070828300207,0.2154072585296145,0.0762947300607256,0.0793678063173439,0.0030730762566182,0.0033346905273765,0.003469008563166,0.0001343180357895,0.0034018495452713,True,Drug discovery & pharmaceutics,Oncology
30,28,206,303,588.0864123106003,459.1902420520783,0.005470500585074,0.0015338046731946,0.0007859977369998,0.0005651374659411,-0.0002208602710586,3.435439388836484e-05,2.4701031812281216e-05,-9.653362076083624e-06,2.9527712850323028e-05,False,Drug discovery & pharmaceutics,Education & language
30,29,1468,1610,4641.129323959351,2639.948231101036,0.0431727381395684,0.0088180552699885,0.0062030291287002,0.0032490534791698,-0.0029539756495304,0.000271122035035,0.0001420096493074,-0.0001291123857276,0.0002065658421712,False,Drug discovery & pharmaceutics,Electronic & magnetic materials
30,30,103137,188179,310314.90981805325,355214.9064337015,2.886613021795633,1.186502311202447,0.4147465606558991,0.4371722952764382,0.022425734620539,0.0181277452057357,0.0191079293514696,0.0009801841457339,0.0186178372786026,False,Drug discovery & pharmaceutics,Drug discovery & pharmaceutics
30,31,5676,8142,15434.428081274033,16281.456648349762,0.1435742198449203,0.0543839393930812,0.0206286445151879,0.0200380154224506,-0.0005906290927372,0.0009016369204355,0.0008758217004436,-2.581521999194892e-05,0.0008887293104395,False,Drug discovery & pharmaceutics,Chronic & infectious disease
31,0,9652,13161,24053.64322054386,25567.64993560314,0.1285127719706649,0.1086893349872768,0.013982173448864,0.0192107111623978,0.0052285377135338,0.0006551818954123,0.0009001826645643,0.0002450007691519,0.0007776822799883,False,Chronic & infectious disease,"Business, economics & policy"
31,1,8911,5778,17968.131662607193,11503.92838215828,0.0959993621724348,0.048903764278191,0.0104447185465869,0.0086436823853259,-0.0018010361612609,0.0004894225149922,0.0004050288912,-8.439362379223189e-05,0.0004472257030961,False,Chronic & infectious disease,Earth & environmental science
31,2,11123,14694,32267.03767049313,26135.13017964363,0.1723949430984858,0.1111017213621892,0.018756548155854,0.0196370975954914,0.0008805494396373,0.0008789013251115,0.0009201624389845,4.126111387302159e-05,0.000899531882048,False,Chronic & infectious disease,"Reproduction, metabolism & animal science"
31,3,562,364,1604.1474695205688,657.0939899682999,0.0085705702070837,0.002793338807973,0.0009324769620444,0.0004937193242094,-0.000438757637835,4.369435307428944e-05,2.313488413087221e-05,-2.0559468943417237e-05,3.3414618602580824e-05,False,Chronic & infectious disease,Electrical & control engineering
31,4,39333,37569,93746.66841471197,78379.71699607372,0.5008656738826034,0.3331960245955726,0.0544941224083728,0.058892002510771,0.0043978801023982,0.0025535059008477,0.0027595834060241,0.0002060775051763,0.0026565446534359,True,Chronic & infectious disease,Plant & microbial biology
31,5,1254,1106,2731.441606760025,2108.614195227623,0.0145934289098015,0.0089638224553787,0.0015877632324131,0.0015843449968799,-3.418235533203008e-06,7.44000013934172e-05,7.423982843863299e-05,-1.601729547842006e-07,7.43199149160251e-05,False,Chronic & infectious disease,Energy & thermal engineering
31,6,15217,16287,37328.16221988201,29727.685992121696,0.1994353019816356,0.1263738524789087,0.0216985358060001,0.0223364286729326,0.0006378928669324,0.0010167580790669,0.0010466487008043,2.989062173741012e-05,0.0010317033899356,False,Chronic & infectious disease,Clinical diagnostics & case reports
31,7,4289,3646,11861.372560739515,7006.498948812485,0.0633724319090051,0.0297849709790904,0.0068949126319545,0.0052644583254344,-0.00163045430652,0.0003230843862313,0.000246683950574,-7.640043565729503e-05,0.0002848841684027,False,Chronic & infectious disease,Electrochemical materials
31,8,1904,1847,4545.04231274128,3530.8832726478577,0.0242830568732921,0.0150099581224081,0.0026419935377979,0.0026529923113709,1.099877357302239e-05,0.0001237995180142,0.0001243149026462,5.153846319485829e-07,0.0001240572103302,False,Chronic & infectious disease,Humanities & politics
31,9,13606,14370,39890.9875317812,27293.944365143776,0.2131278549927923,0.1160278973507163,0.023188283853793,0.0205077933639568,-0.0026804904898362,0.0010865652484036,0.0009609618258607,-0.0001256034225428,0.0010237635371322,False,Chronic & infectious disease,Cell & neural biology
31,10,13488,17873,36648.09241700173,32578.217576384544,0.1958018542456583,0.1384916021756585,0.0213032171486964,0.0244782265723285,0.0031750094236321,0.0009982340900654,0.0011470098651432,0.0001487757750778,0.0010726219776043,False,Chronic & infectious disease,Social behavior & violence
31,11,22324,21333,57252.70976507664,37094.72851550579,0.3058873189096714,0.157691511892518,0.0332805018771153,0.0278717878629361,-0.0054087140141791,0.0015594701624799,0.0013060266250704,-0.0002534435374095,0.0014327483937752,True,Chronic & infectious disease,Mental health & cognition
31,12,14277,9720,31009.139961361885,19942.860743761063,0.1656743012408758,0.0847780800129343,0.0180253431658765,0.014984425180463,-0.0030409179854134,0.0008446382491297,0.0007021457806474,-0.0001424924684823,0.0007733920148886,False,Chronic & infectious disease,Computing & networks
31,13,591,733,1703.277537703514,1885.7627665996552,0.009100198078048,0.0080164700925473,0.0009901004078826,0.0014169015893597,0.0004268011814771,4.6394493978890016e-05,6.639370283344201e-05,1.9999208854552e-05,5.639409840616602e-05,False,Chronic & infectious disease,Marine ecology & paleoscience
31,14,27729,23033,62021.33727312088,42621.951259970665,0.3313649371621497,0.1811880071095418,0.0360524635429286,0.0320247655492541,-0.0040276979936744,0.0016893597754832,0.0015006284015452,-0.000188731373938,0.0015949940885142,True,Chronic & infectious disease,Immune & inflammatory disease
31,15,52153,32867,125311.60743534564,58997.7185536623,0.6695094744675413,0.2508021977582983,0.0728425467299063,0.0443289912537715,-0.0285135554761347,0.0034132832071998,0.0020771843960871,-0.0013360988111127,0.0027452338016435,True,Chronic & infectious disease,Cardiovascular medicine
31,16,56013,49381,129487.36853814124,94707.64720749856,0.6918195515517981,0.4026068574592997,0.0752698803144687,0.071160284967763,-0.0041095953467056,0.0035270241091095,0.0033344551584754,-0.0001925689506341,0.0034307396337925,True,Chronic & infectious disease,Public health & care delivery
31,17,8974,12270,23508.505699276924,21294.70712566376,0.1256002346339759,0.0905248453442821,0.0136652897524546,0.0160001591428755,0.0023348693904208,0.0006403332410455,0.0007497414212795,0.0001094081802339,0.0006950373311625,False,Chronic & infectious disease,Surgical specialties
31,18,1434,1419,4038.487332463265,2620.232992053032,0.0215766566796003,0.011138739075952,0.0023475375366553,0.0019687589322952,-0.00037877860436,0.0001100017889523,9.225283991710216e-05,-1.7748949035277333e-05,0.0001011273144347,False,Chronic & infectious disease,Editorial & miscellaneous records
31,19,654,522,1407.6728115081787,994.974019408226,0.0075208538422216,0.004229683399588,0.0008182679533945,0.0007475915287124,-7.067642468214729e-05,3.834270477482893e-05,3.5030922521978914e-05,-3.311782252850009e-06,3.668681364840392e-05,False,Chronic & infectious disease,Synthetic chemistry
31,20,257,205,636.3240029811859,387.0564098358154,0.0033997245550203,0.0016453957987369,0.0003698896045718,0.0002908217576366,-7.906784693516782e-05,1.7332424969765933e-05,1.3627434325027027e-05,-3.704990644738905e-06,1.547992964739648e-05,False,Chronic & infectious disease,Civil & structural engineering
31,21,186,224,396.6375250816345,496.9765030145645,0.0021191379346763,0.002112671510796,0.0002305619411234,0.0003734121860224,0.000142850244899,1.0803757380615968e-05,1.749748740444679e-05,6.693730023830823e-06,1.415062239253138e-05,False,Chronic & infectious disease,Metallurgy & alloys
31,22,267,37,529.0054525136948,82.29816365242004,0.0028263476125756,0.0003498535336874,0.0003075062652514,6.18361975036597e-05,-0.0002456700677478,1.4409243202101533e-05,2.897543592468635e-06,-1.1511699609632898e-05,8.653393397285085e-06,False,Chronic & infectious disease,Mathematics & theoretical physics
31,23,11396,10175,26979.324164152145,22664.901764035225,0.1441439744674129,0.096349610014591,0.0156828463171897,0.0170296793960203,0.0013468330788305,0.0007348726586131,0.0007979830650617,6.311040644857392e-05,0.0007664278618374,False,Chronic & infectious disease,Ecology & taxonomy
31,24,3189,2256,7963.535787463188,3887.951089859009,0.0425472369965312,0.0165278709417634,0.004629134041177,0.0029212816034689,-0.001707852437708,0.000216913688441,0.0001368865023019,-8.00271861391555e-05,0.0001769000953715,False,Chronic & infectious disease,"Astronomy, optics & imaging"
31,25,10441,12470,26253.960358142853,20495.122705221176,0.1402685318767525,0.087125772721535,0.0152611986500917,0.0153993770846979,0.0001381784346061,0.0007151149350564,0.000721589751652,6.474816595679008e-06,0.0007183523433542,False,Chronic & infectious disease,Orthopaedics & sports medicine
31,26,1958,1939,4412.780566930771,3606.8031442165375,0.0235764144980002,0.0153326972233385,0.0025651109361223,0.0027100360650153,0.000144925128893,0.0001201969244064,0.0001269878801179,6.790955711446418e-06,0.0001235924022622,False,Chronic & infectious disease,"Climate, land & agriculture"
31,27,12856,13376,31064.0204654932,24062.997827410694,0.1659675144414042,0.1022929850122676,0.0180572447252656,0.0180801638839744,2.2919158708788884e-05,0.0008461331042911,0.0008472070587731,1.0739544820409118e-06,0.0008466700815321,False,Chronic & infectious disease,Oncology
31,28,7675,9944,19677.754774451256,18799.28688418865,0.1051334631114787,0.0799166913980708,0.0114385075814876,0.0141251805035198,0.0026866729220322,0.0005359898520309,0.0006618829732862,0.0001258931212552,0.0005989364126585,False,Chronic & infectious disease,Education & language
31,29,149,127,459.82187044620514,244.6758130788803,0.0024567165415219,0.001040128892487,0.0002672904511474,0.0001838415491968,-8.344890195067123e-05,1.2524795594111705e-05,8.614515840389781e-06,-3.910279753721924e-06,1.0569655717250744e-05,False,Chronic & infectious disease,Electronic & magnetic materials
31,30,16670,14046,41213.08086621761,27383.817797899246,0.2201914784802834,0.1164099537252293,0.0239568052020222,0.020575321375416,-0.0033814838266062,0.0011225769082102,0.0009641260785932,-0.000158450829617,0.0010433514934017,False,Chronic & infectious disease,Drug discovery & pharmaceutics
31,31,296991,364077,822336.804797411,684144.1224710941,4.39354576390135,2.90833024912828,0.4780172272714891,0.5140439251689976,0.0360266978975084,0.0223991094194974,0.0240872618587632,0.0016881524392658,0.0232431856391303,False,Chronic & infectious disease,Chronic & infectious disease
